Workbook

Sheet Pallet Historica
H3: Jun | I3: Jul | J3: Aug | K3: Sep | L3: Oct | M3: Nov | N3: Dec
H4: 77322 | I4: 76033 | J4: 75910 | K4: 78987 | L4: 86443 | M4: 86754.259 | N4: 92916
H5: 99036 | I5: 94823 | J5: 93799.415 | K5: 101405.92 | L5: 104000 | M5: 111889.15 | N5: 97481.642
H6: 105009.66 | I6: 97809.843 | J6: 91717.211 | K6: 90605.004 | L6: 93188.756 | M6: 91337.265 | N6: 78772.592
U9: 3 week
S10: 2000000 | U10: =S10*3 -> 6000000
S11: =S10/7 -> 285714.29 | U11: =U10*0.1 -> 600000
S12: =S11*2 -> 571428.57 | U12: =U11/185 -> 3243.2432
S13: =S12/180 -> 3174.6032
S22: 113
S23: 137
S24: =S23/S22-1 -> 0.21238938
S27: 800000
S28: =S27/190 -> 4210.5263

Sheet Pivt-Data for Recap
B3: Sum of 2024 Cs | C3: Sum of 2025 Cs | D3: Sum of 2026 Cs | E3: Sum of 2024 Pal | F3: Sum of 2025 Pal | G3: Sum of 2026 Pal | H3: Sum of 2024 Liton | I3: Sum of 2025 Liton | J3: Sum of 2026 Liton
B4: 108959143 | C4: 1.109478e+08 | D4: 1.1383678e+08 | E4: 573128.32 | F4: 582739.05 | G4: 591647.72 | H4: 538348.48 | I4: 542471.65 | J4: 529258.81
C9: Cases | D9: Pallets | E9: Litons
B10: 2024 | C10: =B4 -> 108959143 | D10: =E4 -> 573128.32 | E10: =H4 -> 538348.48
B11: 2025 | C11: =C4 -> 1.109478e+08 | D11: =F4 -> 582739.05 | E11: =I4 -> 542471.65
B12: 2026 | C12: =D4 -> 1.1383678e+08 | D12: =G4 -> 591647.72 | E12: =J4 -> 529258.81
B13: 25' vs 24' | C13: =C11/C10-1 -> 0.01825139 | D13: =D11/D10-1 -> 0.0167689 | E13: =E11/E10-1 -> 0.007658916
B14: 26' vs 25' | C14: =C12/C11-1 -> 0.026039106 | D14: =D12/D11-1 -> 0.015287583 | E14: =E12/E11-1 -> -0.024356737
B20: Sum of 1/1/20252 | C20: Sum of 2/1/20252 | D20: Sum of 3/1/20252 | E20: Sum of 4/1/20252 | F20: Sum of 5/1/20252 | G20: Sum of 6/1/20252 | H20: Sum of 7/1/20252 | I20: Sum of 8/1/20252 | J20: Sum of 9/1/20252 | K20: Sum of 10/1/20252 | L20: Sum of 11/1/20252 | M20: Sum of 12/1/20252 | N20: Sum of 1/1/20262 | O20: Sum of 2/1/20262 | P20: Sum of 3/1/20262 | Q20: Sum of 4/1/20262 | R20: Sum of 5/1/20262 | S20: Sum of 6/1/20262 | T20: Sum of 7/1/20262 | U20: Sum of 8/1/20262 | V20: Sum of 9/1/20262 | W20: Sum of 10/1/20262 | X20: Sum of 11/1/20262 | Y20: Sum of 12/1/20262
B21: 33640.894 | C21: 43191.344 | D21: 53402.149 | E21: 53848.265 | F21: 58102.001 | G21: 64787.241 | H21: 57731.382 | I21: 53033.48 | J21: 43843.61 | K21: 40308.255 | L21: 41783.711 | M21: 39066.717 | N21: 33229.587 | O21: 39333.599 | P21: 52241.354 | Q21: 53935.169 | R21: 61902.74 | S21: 66306.636 | T21: 62759.358 | U21: 59199.701 | V21: 43717.032 | W21: 42130.274 | X21: 41935.602 | Y21: 34956.668
B23: Jan | C23: Feb | D23: Mar | E23: Apr | F23: May | G23: Jun | H23: Jul | I23: Aug | J23: Sep | K23: Oct | L23: Nov | M23: Dec
A24: Vs YAG | B24: =B26/B25-1 -> -0.012226391 | C24: =C26/C25-1 -> -0.089317544 | D24: =D26/D25-1 -> -0.021736873 | E24: =E26/E25-1 -> 0.0016138684 | F24: =F26/F25-1 -> 0.065414946 | G24: =G26/G25-1 -> 0.023452073 | H24: =H26/H25-1 -> 0.08709261 | I24: =I26/I25-1 -> 0.11627033 | ... M24: =M26/M25-1 -> -0.1052059
A25: 2025 | B25: =B21 -> 33640.894 | C25: =C21 -> 43191.344 | D25: =D21 -> 53402.149 | E25: =E21 -> 53848.265 | F25: =F21 -> 58102.001 | G25: =G21 -> 64787.241 | H25: =H21 -> 57731.382 | I25: =I21 -> 53033.48 | ... M25: =M21 -> 39066.717
A26: 2026 | B26: =N21 -> 33229.587 | C26: =O21 -> 39333.599 | D26: =P21 -> 52241.354 | E26: =Q21 -> 53935.169 | F26: =R21 -> 61902.74 | G26: =S21 -> 66306.636 | H26: =T21 -> 62759.358 | I26: =U21 -> 59199.701 | ... M26: =Y21 -> 34956.668
B28: =SUM(B26:I26)/SUM(B25:I25)-1 -> 0.026742651
B50: Sum of 2024 Cs | C50: Sum of 2025 Cs | D50: Sum of 2026 Cs | E50: Sum of 2024 Pal | F50: Sum of 2025 Pal | G50: Sum of 2026 Pal | H50: Sum of 2024 Liton | I50: Sum of 2025 Liton | J50: Sum of 2026 Liton
B51: 108959143 | C51: 1.109478e+08 | D51: 1.1383678e+08 | E51: 573128.32 | F51: 582739.05 | G51: 591647.72 | H51: 538348.48 | I51: 542471.65 | J51: 529258.81
C56: Cases | D56: Pallets | E56: Litons
B57: 2024 | C57: =B51 -> 108959143 | D57: =E51 -> 573128.32 | E57: =H51 -> 538348.48
B58: 2025 | C58: =C51 -> 1.109478e+08 | D58: =F51 -> 582739.05 | E58: =I51 -> 542471.65
B59: 2026 | C59: =D51 -> 1.1383678e+08 | D59: =G51 -> 591647.72 | E59: =J51 -> 529258.81
B60: 25' vs 24' | C60: =C58/C57-1 -> 0.01825139 | D60: =D58/D57-1 -> 0.0167689 | E60: =E58/E57-1 -> 0.007658916
B61: 26' vs 25' | C61: =C59/C58-1 -> 0.026039106 | D61: =D59/D58-1 -> 0.015287583 | E61: =E59/E58-1 -> -0.024356737

Sheet Tech Pivot
M2: Cases | O2: Pallets | Q2: Litons
B3: Row Labels | C3: Sum of 2024 Cs | D3: Sum of 2025 Cs | E3: Sum of 2026 Cs | F3: Sum of 2024 Pal | G3: Sum of 2025 Pal | H3: Sum of 2026 Pal | I3: Sum of 2024 Liton | J3: Sum of 2025 Liton | K3: Sum of 2026 Liton | M3: 25 vs 24 | N3: 26 vs 25 | O3: 25 vs 24 | P3: 26 vs 25 | Q3: 25 vs 24 | R3: 26 vs 25
B4: 48oz | C4: 25396425 | D4: 25060811 | E4: 24044104 | F4: 150897.12 | G4: 148714.01 | H4: 142498.75 | I4: 216356.33 | J4: 213497.99 | K4: 204831.13 | M4: =D4/C4-1 -> -0.01321501 | N4: =E4/D4-1 -> -0.04056959 | O4: =G4/F4-1 -> -0.014467574 | P4: =H4/G4-1 -> -0.041793316 | Q4: =J4/I4-1 -> -0.013211269 | R4: =K4/J4-1 -> -0.040594553
B5: BJ PTS | C5: 25550832 | D5: 25012056 | E5: 21872361 | F5: 106461.8 | G5: 104216.9 | H5: 91134.836 | I5: 96555.293 | J5: 94515.43 | K5: 82650.477 | M5: =D5/C5-1 -> -0.021086437 | N5: =E5/D5-1 -> -0.12552728 | O5: =G5/F5-1 -> -0.021086437 | P5: =H5/G5-1 -> -0.12552728 | Q5: =J5/I5-1 -> -0.021126372 | R5: =K5/J5-1 -> -0.12553456
B6: TALENTI | C6: 10628715 | D6: 10951250 | E6: 10580440 | F6: 41754.775 | G6: 42946.078 | H6: 41491.92 | I6: 39705.174 | J6: 40849.702 | K6: 39489.978 | M6: =D6/C6-1 -> 0.030345625 | N6: =E6/D6-1 -> -0.033860099 | O6: =G6/F6-1 -> 0.028530958 | P6: =H6/G6-1 -> -0.033860099 | Q6: =J6/I6-1 -> 0.028825665 | R6: =K6/J6-1 -> -0.033286011
B7: Yasso Sticks | C7: 7019764 | D7: 8572346.2 | E7: 8872371.3 | F7: 37538.845 | G7: 45841.424 | H7: 47445.836 | I7: 21738.457 | J7: 26287.136 | K7: 27117.355 | M7: =D7/C7-1 -> 0.22117299 | N7: =E7/D7-1 -> 0.034999174 | O7: =G7/F7-1 -> 0.22117299 | P7: =H7/G7-1 -> 0.034999174 | Q7: =J7/I7-1 -> 0.20924571 | R7: =K7/J7-1 -> 0.0315827
B8: PG | C8: 7645042 | D8: 7539347 | E8: 6688729.5 | F8: 58676.603 | G8: 57994.977 | H8: 51053.304 | I8: 39007.967 | J8: 38919.673 | K8: 34004.875 | M8: =D8/C8-1 -> -0.0138253 | N8: =E8/D8-1 -> -0.11282377 | O8: =G8/F8-1 -> -0.011616663 | P8: =H8/G8-1 -> -0.11969439 | Q8: =J8/I8-1 -> -0.0022634934 | R8: =K8/J8-1 -> -0.12628056
B9: MG Sticks | C9: 5989760 | D9: 5932375.3 | E9: 5619297.9 | F9: 31055.606 | G9: 30662.95 | H9: 29083.369 | I9: 15121.639 | J9: 15174.466 | K9: 14559.86 | M9: =D9/C9-1 -> -0.0095804706 | N9: =E9/D9-1 -> -0.052774378 | O9: =G9/F9-1 -> -0.012643653 | P9: =H9/G9-1 -> -0.051514312 | Q9: =J9/I9-1 -> 0.0034934362 | R9: =K9/J9-1 -> -0.040502627
B10: EDF | C10: 4551097 | D10: 4792941 | E10: 4699483.1 | F10: 34478.008 | G10: 36310.159 | H10: 35602.145 | I10: 41068.026 | J10: 43267.691 | K10: 42385.989 | M10: =D10/C10-1 -> 0.053139716 | N10: =E10/D10-1 -> -0.01949907 | O10: =G10/F10-1 -> 0.053139716 | P10: =H10/G10-1 -> -0.01949907 | Q10: =J10/I10-1 -> 0.053561502 | R10: =K10/J10-1 -> -0.020377836
B11: Facepieces | C11: 2994317 | D11: 3663497 | E11: 4448982.1 | F11: 14754.224 | G11: 18362.003 | H11: 23083.45 | I11: 6588.9085 | J11: 7984.4064 | K11: 9611.1826 | M11: =D11/C11-1 -> 0.22348335 | N11: =E11/D11-1 -> 0.21440855 | O11: =G11/F11-1 -> 0.24452518 | P11: =H11/G11-1 -> 0.2571314 | Q11: =J11/I11-1 -> 0.21179501 | R11: =K11/J11-1 -> 0.20374416
B12: MBG | C12: 3518874 | D12: 3662117 | E12: 3014678.2 | F12: 20215.765 | G12: 21043.997 | H12: 17181.367 | I12: 12698.509 | J12: 13241.988 | K12: 10892.046 | M12: =D12/C12-1 -> 0.040707062 | N12: =E12/D12-1 -> -0.17679359 | O12: =G12/F12-1 -> 0.040969611 | P12: =H12/G12-1 -> -0.18355021 | Q12: =J12/I12-1 -> 0.042798597 | R12: =K12/J12-1 -> -0.17746139
B13: Yasso Club | C13: 1931563 | D13: 3542519 | E13: 5281339 | F13: 8048.1792 | G13: 14760.496 | H13: 22005.579 | I13: 2925.8367 | J13: 5399.1829 | K13: 8177.1729 | M13: =D13/C13-1 -> 0.8340168 | N13: =E13/D13-1 -> 0.49084282 | O13: =G13/F13-1 -> 0.8340168 | P13: =H13/G13-1 -> 0.49084282 | Q13: =J13/I13-1 -> 0.84534662 | R13: =K13/J13-1 -> 0.51452043
B14: Topped | C14: 2333363 | D14: 2160214 | E14: 1917552.2 | F14: 9722.3458 | G14: 9000.8917 | H14: 7989.8008 | I14: 8400.1068 | J14: 7776.7704 | K14: 6903.1879 | M14: =D14/C14-1 -> -0.074205771 | N14: =E14/D14-1 -> -0.1123323 | O14: =G14/F14-1 -> -0.074205771 | P14: =H14/G14-1 -> -0.1123323 | Q14: =J14/I14-1 -> -0.074205771 | R14: =K14/J14-1 -> -0.1123323
B15: ESS | C15: 1922867 | D15: 1904254 | E15: 1782634.5 | F15: 13091.75 | G15: 13517.484 | H15: 12952.771 | I15: 8047.6951 | J15: 8291.79 | K15: 8102.4717 | M15: =D15/C15-1 -> -0.0096798166 | N15: =E15/D15-1 -> -0.063867247 | O15: =G15/F15-1 -> 0.032519182 | P15: =H15/G15-1 -> -0.041776456 | Q15: =J15/I15-1 -> 0.030331037 | R15: =K15/J15-1 -> -0.022832017
... B38: Viennetta | C38: 62 | D38: 0 | E38: 0 | F38: 0.28181818 | G38: 0 | H38: 0 | I38: 0.2418 | J38: 0 | K38: 0 | M38: =D38/C38-1 -> -1 | N38: =E38/D38-1 -> #DIV/0! | O38: =G38/F38-1 -> -1 | P38: =H38/G38-1 -> #DIV/0! | Q38: =J38/I38-1 -> -1 | R38: =K38/J38-1 -> #DIV/0!
B39: (blank) | M39: =D39/C39-1 -> #DIV/0! | N39: =E39/D39-1 -> #DIV/0! | O39: =G39/F39-1 -> #DIV/0! | P39: =H39/G39-1 -> #DIV/0! | Q39: =J39/I39-1 -> #DIV/0! | R39: =K39/J39-1 -> #DIV/0!
B40: MG PTS | C40: 5322 | D40: 0 | E40: 0 | F40: 15.652941 | G40: 0 | H40: 0 | I40: 14.05008 | J40: 0 | K40: 0 | M40: =D40/C40-1 -> -1 | N40: =E40/D40-1 -> #DIV/0! | O40: =G40/F40-1 -> -1 | P40: =H40/G40-1 -> #DIV/0! | Q40: =J40/I40-1 -> -1 | R40: =K40/J40-1 -> #DIV/0!
B41: CS PTS | C41: 1590 | D41: 0 | E41: 0 | F41: 6.625 | G41: 0 | H41: 0 | I41: 6.01656 | J41: 0 | K41: 0 | M41: =D41/C41-1 -> -1 | N41: =E41/D41-1 -> #DIV/0! | O41: =G41/F41-1 -> -1 | P41: =H41/G41-1 -> #DIV/0! | Q41: =J41/I41-1 -> -1 | R41: =K41/J41-1 -> #DIV/0!
B42: Grand Total | C42: 108959143 | D42: 1.109478e+08 | E42: 1.1383678e+08 | F42: 573128.32 | G42: 582739.05 | H42: 591647.72 | I42: 538348.48 | J42: 542471.65 | K42: 529258.81 | M42: =D42/C42-1 -> 0.01825139 | N42: =E42/D42-1 -> 0.026039106 | O42: =G42/F42-1 -> 0.0167689 | P42: =H42/G42-1 -> 0.015287583 | Q42: =J42/I42-1 -> 0.007658916 | R42: =K42/J42-1 -> -0.024356737
M43: =D43/C43-1 -> #DIV/0! | N43: =E43/D43-1 -> #DIV/0! | O43: =G43/F43-1 -> #DIV/0! | P43: =H43/G43-1 -> #DIV/0! | Q43: =J43/I43-1 -> #DIV/0! | R43: =K43/J43-1 -> #DIV/0!
A46: Packaged | C46: =SUM(C4:C6,C14,C21,C24,C27,C31:C32,C35,C40:C41) -> 65165150 | D46: =SUM(D4:D6,D14,D21,D24,D27,D31:D32,D35,D40:D41) -> 64795458 | E46: =SUM(E4:E6,E14,E21,E24,E27,E31:E32,E35,E40:E41) -> 61769931 | F46: =SUM(F4:F6,F14,F21,F24,F27,F31:F32,F35,F40:F41) -> 316543.54 | G46: =SUM(G4:G6,G14,G21,G24,G27,G31:G32,G35,G40:G41) -> 313778.54 | H46: =SUM(H4:H6,H14,H21,H24,H27,H31:H32,H35,H40:H41) -> 299043.31 | I46: =SUM(I4:I6,I14,I21,I24,I27,I31:I32,I35,I40:I41) -> 368484.75 | J46: =SUM(J4:J6,J14,J21,J24,J27,J31:J32,J35,J40:J41) -> 365380.58 | K46: =SUM(K4:K6,K14,K21,K24,K27,K31:K32,K35,K40:K41) -> 348212.19 | M46: =D46/C46-1 -> -0.0056731534 | N46: =E46/D46-1 -> -0.046693513 | O46: =G46/F46-1 -> -0.0087349747 | P46: =H46/G46-1 -> -0.046960623 | Q46: =J46/I46-1 -> -0.0084241625 | R46: =K46/J46-1 -> -0.046987688
A47: Nov | C47: =SUM(C7:C13,C15:C20,C22:C23,C25:C26,C28:C30,C33:C34,C36:C39) -> 43793993 | D47: =SUM(D7:D13,D15:D20,D22:D23,D25:D26,D28:D30,D33:D34,D36:D39) -> 46152341 | E47: =SUM(E7:E13,E15:E20,E22:E23,E25:E26,E28:E30,E33:E34,E36:E39) -> 52066850 | F47: =SUM(F7:F13,F15:F20,F22:F23,F25:F26,F28:F30,F33:F34,F36:F39) -> 256584.77 | G47: =SUM(G7:G13,G15:G20,G22:G23,G25:G26,G28:G30,G33:G34,G36:G39) -> 268960.51 | H47: =SUM(H7:H13,H15:H20,H22:H23,H25:H26,H28:H30,H33:H34,H36:H39) -> 292604.41 | I47: =SUM(I7:I13,I15:I20,I22:I23,I25:I26,I28:I30,I33:I34,I36:I39) -> 169863.73 | J47: =SUM(J7:J13,J15:J20,J22:J23,J25:J26,J28:J30,J33:J34,J36:J39) -> 177091.07 | K47: =SUM(K7:K13,K15:K20,K22:K23,K25:K26,K28:K30,K33:K34,K36:K39) -> 181046.62 | M47: =D47/C47-1 -> 0.05385094 | N47: =E47/D47-1 -> 0.12815188 | O47: =G47/F47-1 -> 0.048232525 | P47: =H47/G47-1 -> 0.087908472 | Q47: =J47/I47-1 -> 0.042547878 | R47: =K47/J47-1 -> 0.022336243

Sheet Sheet2
A3: Row Labels | B3: Sum of 2024 Liton | C3: Sum of 2025 Liton | D3: Sum of 2026 Liton
A4: NOV | B4: 170315.08 | C4: 174866.82 | D4: 176753.08 | G4: =C4/B4-1 -> 0.026725401 | H4: =D4/C4-1 -> 0.010786834
A5: PIC | B5: 368033.4 | C5: 367604.83 | D5: 352505.73 | G5: =C5/B5-1 -> -0.001164495 | H5: =D5/C5-1 -> -0.041074266
A6: Grand Total | B6: 538348.48 | C6: 542471.65 | D6: 529258.81 | G6: =C6/B6-1 -> 0.007658916 | H6: =D6/C6-1 -> -0.024356737

Sheet Recap
B3: Sum of 2024 Cs | C3: Sum of 2025 Cs | D3: Sum of 2026 Cs | E3: Sum of 2024 Pal | F3: Sum of 2025 Pal | G3: Sum of 2026 Pal | H3: Sum of 2024 Liton | I3: Sum of 2025 Liton | J3: Sum of 2026 Liton
B4: 108959143 | C4: 1.109478e+08 | D4: 1.1161604e+08 | E4: 573128.32 | F4: 582739.05 | G4: 583573.09 | H4: 538348.48 | I4: 542471.65 | J4: 527253.9
C8: Cases | D8: Pallets | E8: Litons
B9: 2024 | C9: =B4 -> 108959143 | D9: =E4 -> 573128.32 | E9: =H4 -> 538348.48
B10: 2025 | C10: =C4 -> 1.109478e+08 | D10: =F4 -> 582739.05 | E10: =I4 -> 542471.65
B11: 2026 | C11: =D4 -> 1.1161604e+08 | D11: =G4 -> 583573.09 | E11: =J4 -> 527253.9
B12: 25' vs 24' | C12: =C10/C9-1 -> 0.01825139 | D12: =D10/D9-1 -> 0.0167689 | E12: =E10/E9-1 -> 0.007658916
B13: 26' vs 25' | C13: =C11/C10-1 -> 0.0060230129 | D13: =D11/D10-1 -> 0.0014312447 | E13: =E11/E10-1 -> -0.028052617
B15: MRF2 | C15: 0.0062657043 | D15: 3.9252106e-05 | E15: -0.027288237
B16: MRF1 | C16: 0.026 | D16: 0.015 | E16: -0.024
B17: MRF12 | C17: 0.04 | D17: 0.023 | E17: 0.011

Sheet Sheet3
A3: Row Labels | B3: Sum of Total
A4: 2.4 Gal | B4: 1325371.7 | D4: =B4/$B$43 -> 0.0039978805
A5: 48oz | B5: 74284997 | D5: =B5/$B$43 -> 0.22407491
A6: B&J Cups | B6: 3557186 | D6: =B6/$B$43 -> 0.010729975
A7: BJ Bars | B7: 2012712 | D7: =B7/$B$43 -> 0.0060711891
A8: BJ PTS | B8: 72701613 | D8: =B8/$B$43 -> 0.21929876
A9: BR Minicups | B9: 698571.72 | D9: =B9/$B$43 -> 0.0021071872
A10: CS PTS | B10: 1590 | D10: =B10/$B$43 -> 4.7961112e-06
A11: Dough Bites | B11: 1335527.3 | D11: =B11/$B$43 -> 0.0040285142
A12: EDF | B12: 14091317 | D12: =B12/$B$43 -> 0.04250536
A13: EFW | B13: 2553318.3 | D13: =B13/$B$43 -> 0.0077018859
A14: ESS | B14: 5536511.1 | D14: =B14/$B$43 -> 0.016700455
A15: Facepieces | B15: 11488792 | D15: =B15/$B$43 -> 0.034655046
... A41: YS PTS | B41: 2219034.8 | D41: =B41/$B$43 -> 0.0066935458
A42: (blank)
A43: Grand Total | B43: 3.3151858e+08

Sheet Sheet4
E1: FG WAC
D2: 2.4 Gal | E2: 31.07
D3: Quarts | E3: 23.46
D4: EDF | E4: 22.75
D5: BR Minicups | E5: 22.51
D6: Yasso Poppables | E6: 18.16
D7: ESS | E7: 17.21
D8: BJ Bars | E8: 17.05
D9: KL Mini Cones | E9: 16.65
D10: Dough Bites | E10: 14.65
D11: GH "Candy" | E11: 13.95
D12: EFW | E12: 13.78
D13: Other | E13: 13.38
... D31: Facepieces | E31: 6.04

Sheet MRF2
AM1: =SUBTOTAL(9,AM3:AM411) -> 33348.393 | AN1: =SUBTOTAL(9,AN3:AN411) -> 42875.663 | AO1: =SUBTOTAL(9,AO3:AO411) -> 53073.398 | AP1: =SUBTOTAL(9,AP3:AP411) -> 53478.837 | AQ1: =SUBTOTAL(9,AQ3:AQ411) -> 57759.776 | AR1: =SUBTOTAL(9,AR3:AR411) -> 64384.378 | AS1: =SUBTOTAL(9,AS3:AS411) -> 57347.943 | AT1: =SUBTOTAL(9,AT3:AT411) -> 52715.679 | ... BJ1: =SUBTOTAL(9,BJ3:BJ411) -> 0 | BN1: =SUBTOTAL(9,BN3:BN411) -> 31403.896 | BO1: =SUBTOTAL(9,BO3:BO411) -> 39381.387 | BP1: =SUBTOTAL(9,BP3:BP411) -> 48902.088 | BQ1: =SUBTOTAL(9,BQ3:BQ411) -> 50769.829 | BR1: =SUBTOTAL(9,BR3:BR411) -> 52213.028 | BS1: =SUBTOTAL(9,BS3:BS411) -> 59749.815 | BT1: =SUBTOTAL(9,BT3:BT411) -> 52811.484 | BU1: =SUBTOTAL(9,BU3:BU411) -> 49265.469 | ... CK1: =SUBTOTAL(9,CK3:CK411) -> 0
A2: Segment | B2: Tech | C2: DU | D2: UCC | E2: Description | F2: 2024 Cs | G2: 45658 | H2: 45689 | I2: 45717 | J2: 45748 | K2: 45778 | L2: 45809 | M2: 45839 | N2: 45870 | O2: 45901 | P2: 45931 | Q2: 45962 | R2: 45992 | S2: 46023 | T2: 46054 | U2: 46082 | V2: 46113 | W2: 46143 | X2: 46174 | Y2: 46204 | Z2: 46235 | AA2: 46266 | AB2: 46296 | AC2: 46327 | AD2: 46357 | AE2: Total | AF2: Per Pallet | AG2: Litons Per | AH2: 2025 Cs | AI2: 2026 Cs | AJ2: 2024 Pal | AK2: 2025 Pal | AL2: 2026 Pal | AM2: 45658 | AN2: 45689 | AO2: 45717 | AP2: 45748 | AQ2: 45778 | AR2: 45809 | AS2: 45839 | AT2: 45870 | AU2: 45901 | AV2: 45931 | AW2: 45962 | AX2: 45992 | AY2: 46023 | AZ2: 46054 | BA2: 46082 | BB2: 46113 | BC2: 46143 | BD2: 46174 | BE2: 46204 | BF2: 46235 | BG2: 46266 | BH2: 46296 | BI2: 46327 | BJ2: 46357 | BK2: 2024 Liton | BL2: 2025 Liton | BM2: 2026 Liton | BN2: 45658 | BO2: 45689 | BP2: 45717 | BQ2: 45748 | BR2: 45778 | BS2: 45809 | BT2: 45839 | BU2: 45870 | BV2: 45901 | BW2: 45931 | BX2: 45962 | BY2: 45992 | BZ2: 46023 | CA2: 46054 | CB2: 46082 | CC2: 46113 | CD2: 46143 | CE2: 46174 | CF2: 46204 | CG2: 46235 | CH2: 46266 | CI2: 46296 | CJ2: 46327 | CK2: 46357
A3: =VLOOKUP($C3,'Tech Pallet'!$A:$J,10,0) -> PIC | B3: =VLOOKUP(C3,'Tech Pallet'!A:I,3,0) -> 48oz | C3: =VLOOKUP($D3,'DU -UCC'!B:C,2,0) -> 68851106 | D3: 10077567254235 | E3: BR HA NAT Vanilla 6 1.5 QT | F3: 3095817 | G3: 176369 | H3: 209154 | I3: 274473 | J3: 314920 | K3: 238908 | L3: 292984 | M3: 307087 | N3: 268290 | O3: 218080 | P3: 311240 | Q3: 307505 | R3: 251820 | AE3: =SUM(F3:AD3) -> 6266647 | AF3: =VLOOKUP($C3,'Tech Pallet'!$A:$I,9,0) -> 154 | AG3: =VLOOKUP($C3,'Tech Pallet'!$A:$H,8,0) -> 0.00852 | AH3: =SUM(G3:R3) -> 3170830 | AI3: =SUM(S3:AD3) -> 0 | AJ3: =F3/AF3 -> 20102.708 | AK3: =SUM(G3:R3)/AF3 -> 20589.805 | AL3: =SUM(S3:AD3)/AF3 -> 0 | AM3: =G3/$AF3 -> 1145.2532 | AN3: =H3/$AF3 -> 1358.1429 | AO3: =I3/$AF3 -> 1782.2922 | AP3: =J3/$AF3 -> 2044.9351 | AQ3: =K3/$AF3 -> 1551.3506 | AR3: =L3/$AF3 -> 1902.4935 | AS3: =M3/$AF3 -> 1994.0714 | AT3: =N3/$AF3 -> 1742.1429 | ... BJ3: =AD3/$AF3 -> 0 | BK3: =F3*AG3 -> 26376.361 | BL3: =SUM(G3:R3)*AG3 -> 27015.472 | BM3: =SUM(S3:AD3)*AG3 -> 0 | BN3: =G3*$AG3 -> 1502.6639 | BO3: =H3*$AG3 -> 1781.9921 | BP3: =I3*$AG3 -> 2338.51 | BQ3: =J3*$AG3 -> 2683.1184 | BR3: =K3*$AG3 -> 2035.4962 | BS3: =L3*$AG3 -> 2496.2237 | BT3: =M3*$AG3 -> 2616.3812 | BU3: =N3*$AG3 -> 2285.8308 | ... CK3: =AD3*$AG3 -> 0
A4: =VLOOKUP($C4,'Tech Pallet'!$A:$J,10,0) -> NOV | B4: =VLOOKUP(C4,'Tech Pallet'!A:I,3,0) -> Yasso Club | C4: =VLOOKUP($D4,'DU -UCC'!B:C,2,0) -> 64376316 | D4: 10851035003057 | E4: Yasso Cookies n Cream Club 1-15pk | F4: 345783 | G4: 151920 | H4: 548640 | I4: 563989 | J4: 0 | K4: 0 | L4: 0 | M4: 53040 | N4: 11460 | O4: 0 | P4: 219600 | Q4: 864144 | R4: 266736 | AE4: =SUM(F4:AD4) -> 3025312 | AF4: =VLOOKUP($C4,'Tech Pallet'!$A:$I,9,0) -> 240 | AG4: =VLOOKUP($C4,'Tech Pallet'!$A:$H,8,0) -> 0.001545 | AH4: =SUM(G4:R4) -> 2679529 | AI4: =SUM(S4:AD4) -> 0 | AJ4: =F4/AF4 -> 1440.7625 | AK4: =SUM(G4:R4)/AF4 -> 11164.704 | AL4: =SUM(S4:AD4)/AF4 -> 0 | AM4: =G4/$AF4 -> 633 | AN4: =H4/$AF4 -> 2286 | AO4: =I4/$AF4 -> 2349.9542 | AP4: =J4/$AF4 -> 0 | AQ4: =K4/$AF4 -> 0 | AR4: =L4/$AF4 -> 0 | AS4: =M4/$AF4 -> 221 | AT4: =N4/$AF4 -> 47.75 | ... BJ4: =AD4/$AF4 -> 0 | BK4: =F4*AG4 -> 534.23474 | BL4: =SUM(G4:R4)*AG4 -> 4139.8723 | BM4: =SUM(S4:AD4)*AG4 -> 0 | BN4: =G4*$AG4 -> 234.7164 | BO4: =H4*$AG4 -> 847.6488 | BP4: =I4*$AG4 -> 871.363 | BQ4: =J4*$AG4 -> 0 | BR4: =K4*$AG4 -> 0 | BS4: =L4*$AG4 -> 0 | BT4: =M4*$AG4 -> 81.9468 | BU4: =N4*$AG4 -> 17.7057 | ... CK4: =AD4*$AG4 -> 0
A5: =VLOOKUP($C5,'Tech Pallet'!$A:$J,10,0) -> PIC | B5: =VLOOKUP(C5,'Tech Pallet'!A:I,3,0) -> BJ PTS | C5: =VLOOKUP($D5,'DU -UCC'!B:C,2,0) -> 84141103 | D5: 10076840101327 | E5: BJ US-IC-HalfBaked-FH-8 1PT | F5: 2262483 | G5: 121598 | H5: 194662 | I5: 225100 | J5: 197679 | K5: 205476 | L5: 242164 | M5: 205277 | N5: 209550 | O5: 207720 | P5: 185262 | Q5: 166605 | R5: 180038 | AE5: =SUM(F5:AD5) -> 4603614 | AF5: =VLOOKUP($C5,'Tech Pallet'!$A:$I,9,0) -> 240 | AG5: =VLOOKUP($C5,'Tech Pallet'!$A:$H,8,0) -> 0.003785344 | AH5: =SUM(G5:R5) -> 2341131 | AI5: =SUM(S5:AD5) -> 0 | AJ5: =F5/AF5 -> 9427.0125 | AK5: =SUM(G5:R5)/AF5 -> 9754.7125 | AL5: =SUM(S5:AD5)/AF5 -> 0 | AM5: =G5/$AF5 -> 506.65833 | AN5: =H5/$AF5 -> 811.09167 | AO5: =I5/$AF5 -> 937.91667 | AP5: =J5/$AF5 -> 823.6625 | AQ5: =K5/$AF5 -> 856.15 | AR5: =L5/$AF5 -> 1009.0167 | AS5: =M5/$AF5 -> 855.32083 | AT5: =N5/$AF5 -> 873.125 | ... BJ5: =AD5/$AF5 -> 0 | BK5: =F5*AG5 -> 8564.2764 | BL5: =SUM(G5:R5)*AG5 -> 8861.9862 | BM5: =SUM(S5:AD5)*AG5 -> 0 | BN5: =G5*$AG5 -> 460.29026 | BO5: =H5*$AG5 -> 736.86263 | BP5: =I5*$AG5 -> 852.08093 | BQ5: =J5*$AG5 -> 748.28302 | BR5: =K5*$AG5 -> 777.79734 | BS5: =L5*$AG5 -> 916.67404 | BT5: =M5*$AG5 -> 777.04406 | BU5: =N5*$AG5 -> 793.21884 | ... CK5: =AD5*$AG5 -> 0
A6: =VLOOKUP($C6,'Tech Pallet'!$A:$J,10,0) -> PIC | B6: =VLOOKUP(C6,'Tech Pallet'!A:I,3,0) -> BJ PTS | C6: =VLOOKUP($D6,'DU -UCC'!B:C,2,0) -> 84137725 | D6: 10076840100153 | E6: BJ US-IC-CherryGarcia-FH-8 1PT | F6: 1899510 | G6: 109637 | H6: 159659 | I6: 184592 | J6: 167614 | K6: 170688 | L6: 208686 | M6: 162318 | N6: 175516 | O6: 158647 | P6: 129691 | Q6: 142159 | R6: 131248 | AE6: =SUM(F6:AD6) -> 3799965 | AF6: =VLOOKUP($C6,'Tech Pallet'!$A:$I,9,0) -> 240 | AG6: =VLOOKUP($C6,'Tech Pallet'!$A:$H,8,0) -> 0.003785344 | AH6: =SUM(G6:R6) -> 1900455 | AI6: =SUM(S6:AD6) -> 0 | AJ6: =F6/AF6 -> 7914.625 | AK6: =SUM(G6:R6)/AF6 -> 7918.5625 | AL6: =SUM(S6:AD6)/AF6 -> 0 | AM6: =G6/$AF6 -> 456.82083 | AN6: =H6/$AF6 -> 665.24583 | AO6: =I6/$AF6 -> 769.13333 | AP6: =J6/$AF6 -> 698.39167 | AQ6: =K6/$AF6 -> 711.2 | AR6: =L6/$AF6 -> 869.525 | AS6: =M6/$AF6 -> 676.325 | AT6: =N6/$AF6 -> 731.31667 | ... BJ6: =AD6/$AF6 -> 0 | BK6: =F6*AG6 -> 7190.2988 | BL6: =SUM(G6:R6)*AG6 -> 7193.8759 | BM6: =SUM(S6:AD6)*AG6 -> 0 | BN6: =G6*$AG6 -> 415.01376 | BO6: =H6*$AG6 -> 604.36424 | BP6: =I6*$AG6 -> 698.74422 | BQ6: =J6*$AG6 -> 634.47665 | BR6: =K6*$AG6 -> 646.1128 | BS6: =L6*$AG6 -> 789.9483 | BT6: =M6*$AG6 -> 614.42947 | BU6: =N6*$AG6 -> 664.38844 | ... CK6: =AD6*$AG6 -> 0
A7: =VLOOKUP($C7,'Tech Pallet'!$A:$J,10,0) -> NOV | B7: =VLOOKUP(C7,'Tech Pallet'!A:I,3,0) -> EDF | C7: =VLOOKUP($D7,'DU -UCC'!B:C,2,0) -> 68689251 | D7: 10075856001102 | E7: KL ORIGINAL VANILLA BAR 12-6PK | F7: 1549848 | G7: 85296 | H7: 93432 | I7: 169990 | J7: 165889 | K7: 171240 | L7: 203899 | M7: 181652 | N7: 145980 | O7: 113404 | P7: 107220 | Q7: 95636 | R7: 93336 | AE7: =SUM(F7:AD7) -> 3176822 | AF7: =VLOOKUP($C7,'Tech Pallet'!$A:$I,9,0) -> 132 | AG7: =VLOOKUP($C7,'Tech Pallet'!$A:$H,8,0) -> 0.009576 | AH7: =SUM(G7:R7) -> 1626974 | AI7: =SUM(S7:AD7) -> 0 | AJ7: =F7/AF7 -> 11741.273 | AK7: =SUM(G7:R7)/AF7 -> 12325.561 | AL7: =SUM(S7:AD7)/AF7 -> 0 | AM7: =G7/$AF7 -> 646.18182 | AN7: =H7/$AF7 -> 707.81818 | AO7: =I7/$AF7 -> 1287.803 | AP7: =J7/$AF7 -> 1256.7348 | AQ7: =K7/$AF7 -> 1297.2727 | AR7: =L7/$AF7 -> 1544.6894 | AS7: =M7/$AF7 -> 1376.1515 | AT7: =N7/$AF7 -> 1105.9091 | ... BJ7: =AD7/$AF7 -> 0 | BK7: =F7*AG7 -> 14841.344 | BL7: =SUM(G7:R7)*AG7 -> 15579.903 | BM7: =SUM(S7:AD7)*AG7 -> 0 | BN7: =G7*$AG7 -> 816.7945 | BO7: =H7*$AG7 -> 894.70483 | BP7: =I7*$AG7 -> 1627.8242 | BQ7: =J7*$AG7 -> 1588.5531 | BR7: =K7*$AG7 -> 1639.7942 | BS7: =L7*$AG7 -> 1952.5368 | BT7: =M7*$AG7 -> 1739.4996 | BU7: =N7*$AG7 -> 1397.9045 | ... CK7: =AD7*$AG7 -> 0
A8: =VLOOKUP($C8,'Tech Pallet'!$A:$J,10,0) -> NOV | B8: =VLOOKUP(C8,'Tech Pallet'!A:I,3,0) -> PG | C8: =VLOOKUP($D8,'DU -UCC'!B:C,2,0) -> 62714126 | D8: 10077567001563 | E8: PS OCG SF 6-18PK | F8: 1831869 | G8: 112123 | H8: 140508 | I8: 151382 | J8: 170972 | K8: 252105 | L8: 213156 | M8: 205788 | N8: 201630 | O8: 134130 | P8: 102659 | Q8: 113126 | R8: 116881 | AE8: =SUM(F8:AD8) -> 3746329 | AF8: =VLOOKUP($C8,'Tech Pallet'!$A:$I,9,0) -> 130 | AG8: =VLOOKUP($C8,'Tech Pallet'!$A:$H,8,0) -> 0.005268 | AH8: =SUM(G8:R8) -> 1914460 | AI8: =SUM(S8:AD8) -> 0 | AJ8: =F8/AF8 -> 14091.3 | AK8: =SUM(G8:R8)/AF8 -> 14726.615 | AL8: =SUM(S8:AD8)/AF8 -> 0 | AM8: =G8/$AF8 -> 862.48462 | AN8: =H8/$AF8 -> 1080.8308 | AO8: =I8/$AF8 -> 1164.4769 | AP8: =J8/$AF8 -> 1315.1692 | AQ8: =K8/$AF8 -> 1939.2692 | AR8: =L8/$AF8 -> 1639.6615 | AS8: =M8/$AF8 -> 1582.9846 | AT8: =N8/$AF8 -> 1551 | ... BJ8: =AD8/$AF8 -> 0 | BK8: =F8*AG8 -> 9650.2859 | BL8: =SUM(G8:R8)*AG8 -> 10085.375 | BM8: =SUM(S8:AD8)*AG8 -> 0 | BN8: =G8*$AG8 -> 590.66396 | BO8: =H8*$AG8 -> 740.19614 | BP8: =I8*$AG8 -> 797.48038 | BQ8: =J8*$AG8 -> 900.6805 | BR8: =K8*$AG8 -> 1328.0891 | BS8: =L8*$AG8 -> 1122.9058 | BT8: =M8*$AG8 -> 1084.0912 | BU8: =N8*$AG8 -> 1062.1868 | ... CK8: =AD8*$AG8 -> 0
A9: =VLOOKUP($C9,'Tech Pallet'!$A:$J,10,0) -> PIC | B9: =VLOOKUP(C9,'Tech Pallet'!A:I,3,0) -> BJ PTS | C9: =VLOOKUP($D9,'DU -UCC'!B:C,2,0) -> 69716748 | D9: 10076840100474 | E9: BJ US-IC-ChocFudgBrownie-FH-8 1PT | F9: 1632918 | G9: 96574 | H9: 139276 | I9: 169154 | J9: 148509 | K9: 146329 | L9: 179572 | M9: 148318 | N9: 154210 | O9: 131381 | P9: 134601 | Q9: 123632 | R9: 128066 | AE9: =SUM(F9:AD9) -> 3332540 | AF9: =VLOOKUP($C9,'Tech Pallet'!$A:$I,9,0) -> 240 | AG9: =VLOOKUP($C9,'Tech Pallet'!$A:$H,8,0) -> 0.003784 | AH9: =SUM(G9:R9) -> 1699622 | AI9: =SUM(S9:AD9) -> 0 | AJ9: =F9/AF9 -> 6803.825 | AK9: =SUM(G9:R9)/AF9 -> 7081.7583 | AL9: =SUM(S9:AD9)/AF9 -> 0 | AM9: =G9/$AF9 -> 402.39167 | AN9: =H9/$AF9 -> 580.31667 | AO9: =I9/$AF9 -> 704.80833 | AP9: =J9/$AF9 -> 618.7875 | AQ9: =K9/$AF9 -> 609.70417 | AR9: =L9/$AF9 -> 748.21667 | AS9: =M9/$AF9 -> 617.99167 | AT9: =N9/$AF9 -> 642.54167 | ... BJ9: =AD9/$AF9 -> 0 | BK9: =F9*AG9 -> 6178.9617 | BL9: =SUM(G9:R9)*AG9 -> 6431.3696 | BM9: =SUM(S9:AD9)*AG9 -> 0 | BN9: =G9*$AG9 -> 365.43602 | BO9: =H9*$AG9 -> 527.02038 | BP9: =I9*$AG9 -> 640.07874 | BQ9: =J9*$AG9 -> 561.95806 | BR9: =K9*$AG9 -> 553.70894 | BS9: =L9*$AG9 -> 679.50045 | BT9: =M9*$AG9 -> 561.23531 | BU9: =N9*$AG9 -> 583.53064 | ... CK9: =AD9*$AG9 -> 0
A10: =VLOOKUP($C10,'Tech Pallet'!$A:$J,10,0) -> PIC | B10: =VLOOKUP(C10,'Tech Pallet'!A:I,3,0) -> BJ PTS | C10: =VLOOKUP($D10,'DU -UCC'!B:C,2,0) -> 69999269 | D10: 10076840400215 | E10: BJ US IC-STRWBRY CHSCK 8 1 PT w/REC CUP | F10: 1664842 | G10: 84369 | H10: 139113 | I10: 153581 | J10: 141544 | K10: 144377 | L10: 175107 | M10: 148770 | N10: 153279 | O10: 141030 | P10: 111682 | Q10: 128760 | R10: 113815 | AE10: =SUM(F10:AD10) -> 3300269 | AF10: =VLOOKUP($C10,'Tech Pallet'!$A:$I,9,0) -> 240 | AG10: =VLOOKUP($C10,'Tech Pallet'!$A:$H,8,0) -> 0.003784 | AH10: =SUM(G10:R10) -> 1635427 | AI10: =SUM(S10:AD10) -> 0 | AJ10: =F10/AF10 -> 6936.8417 | AK10: =SUM(G10:R10)/AF10 -> 6814.2792 | AL10: =SUM(S10:AD10)/AF10 -> 0 | AM10: =G10/$AF10 -> 351.5375 | AN10: =H10/$AF10 -> 579.6375 | AO10: =I10/$AF10 -> 639.92083 | AP10: =J10/$AF10 -> 589.76667 | AQ10: =K10/$AF10 -> 601.57083 | AR10: =L10/$AF10 -> 729.6125 | AS10: =M10/$AF10 -> 619.875 | AT10: =N10/$AF10 -> 638.6625 | ... BJ10: =AD10/$AF10 -> 0 | BK10: =F10*AG10 -> 6299.7621 | BL10: =SUM(G10:R10)*AG10 -> 6188.4558 | BM10: =SUM(S10:AD10)*AG10 -> 0 | BN10: =G10*$AG10 -> 319.2523 | BO10: =H10*$AG10 -> 526.40359 | BP10: =I10*$AG10 -> 581.1505 | BQ10: =J10*$AG10 -> 535.6025 | BR10: =K10*$AG10 -> 546.32257 | BS10: =L10*$AG10 -> 662.60489 | BT10: =M10*$AG10 -> 562.94568 | BU10: =N10*$AG10 -> 580.00774 | ... CK10: =AD10*$AG10 -> 0
A11: =VLOOKUP($C11,'Tech Pallet'!$A:$J,10,0) -> PIC | B11: =VLOOKUP(C11,'Tech Pallet'!A:I,3,0) -> BJ PTS | C11: =VLOOKUP($D11,'DU -UCC'!B:C,2,0) -> 84135718 | D11: 10076840100580 | E11: BJ US-IC-ChocChpCookDgh-FH-8 1PT | F11: 1639854 | G11: 95231 | H11: 131625 | I11: 156920 | J11: 139328 | K11: 141551 | L11: 176745 | M11: 126399 | N11: 139939 | O11: 136547 | P11: 111172 | Q11: 115528 | R11: 122881 | AE11: =SUM(F11:AD11) -> 3233720 | AF11: =VLOOKUP($C11,'Tech Pallet'!$A:$I,9,0) -> 240 | AG11: =VLOOKUP($C11,'Tech Pallet'!$A:$H,8,0) -> 0.003785344 | AH11: =SUM(G11:R11) -> 1593866 | AI11: =SUM(S11:AD11) -> 0 | AJ11: =F11/AF11 -> 6832.725 | AK11: =SUM(G11:R11)/AF11 -> 6641.1083 | AL11: =SUM(S11:AD11)/AF11 -> 0 | AM11: =G11/$AF11 -> 396.79583 | AN11: =H11/$AF11 -> 548.4375 | AO11: =I11/$AF11 -> 653.83333 | AP11: =J11/$AF11 -> 580.53333 | AQ11: =K11/$AF11 -> 589.79583 | AR11: =L11/$AF11 -> 736.4375 | AS11: =M11/$AF11 -> 526.6625 | AT11: =N11/$AF11 -> 583.07917 | ... BJ11: =AD11/$AF11 -> 0 | BK11: =F11*AG11 -> 6207.4115 | BL11: =SUM(G11:R11)*AG11 -> 6033.3311 | BM11: =SUM(S11:AD11)*AG11 -> 0 | BN11: =G11*$AG11 -> 360.48209 | BO11: =H11*$AG11 -> 498.2459 | BP11: =I11*$AG11 -> 593.99618 | BQ11: =J11*$AG11 -> 527.40441 | BR11: =K11*$AG11 -> 535.81923 | BS11: =L11*$AG11 -> 669.04063 | BT11: =M11*$AG11 -> 478.4637 | BU11: =N11*$AG11 -> 529.71725 | ... CK11: =AD11*$AG11 -> 0
A12: =VLOOKUP($C12,'Tech Pallet'!$A:$J,10,0) -> PIC | B12: =VLOOKUP(C12,'Tech Pallet'!A:I,3,0) -> 48oz | C12: =VLOOKUP($D12,'DU -UCC'!B:C,2,0) -> 68851105 | D12: 10077567254266 | E12: BR HA VAN CHOC STRAW 6 1.5QT | F12: 1530765 | G12: 92028 | H12: 112884 | I12: 154385 | J12: 156312 | K12: 136576 | L12: 173728 | M12: 145424 | N12: 138630 | O12: 130971 | P12: 126687 | Q12: 123036 | R12: 118736 | AE12: =SUM(F12:AD12) -> 3140162 | AF12: =VLOOKUP($C12,'Tech Pallet'!$A:$I,9,0) -> 154 | AG12: =VLOOKUP($C12,'Tech Pallet'!$A:$H,8,0) -> 0.00852 | AH12: =SUM(G12:R12) -> 1609397 | AI12: =SUM(S12:AD12) -> 0 | AJ12: =F12/AF12 -> 9940.0325 | AK12: =SUM(G12:R12)/AF12 -> 10450.63 | AL12: =SUM(S12:AD12)/AF12 -> 0 | AM12: =G12/$AF12 -> 597.58442 | AN12: =H12/$AF12 -> 733.01299 | AO12: =I12/$AF12 -> 1002.5 | AP12: =J12/$AF12 -> 1015.013 | AQ12: =K12/$AF12 -> 886.85714 | AR12: =L12/$AF12 -> 1128.1039 | AS12: =M12/$AF12 -> 944.31169 | AT12: =N12/$AF12 -> 900.19481 | ... BJ12: =AD12/$AF12 -> 0 | BK12: =F12*AG12 -> 13042.118 | BL12: =SUM(G12:R12)*AG12 -> 13712.062 | BM12: =SUM(S12:AD12)*AG12 -> 0 | BN12: =G12*$AG12 -> 784.07856 | BO12: =H12*$AG12 -> 961.77168 | BP12: =I12*$AG12 -> 1315.3602 | BQ12: =J12*$AG12 -> 1331.7782 | BR12: =K12*$AG12 -> 1163.6275 | BS12: =L12*$AG12 -> 1480.1626 | BT12: =M12*$AG12 -> 1239.0125 | BU12: =N12*$AG12 -> 1181.1276 | ... CK12: =AD12*$AG12 -> 0
A13: =VLOOKUP($C13,'Tech Pallet'!$A:$J,10,0) -> NOV | B13: =VLOOKUP(C13,'Tech Pallet'!A:I,3,0) -> PG | C13: =VLOOKUP($D13,'DU -UCC'!B:C,2,0) -> 69629468 | D13: 10077567001587 | E13: PS Fudgesicle NSA 6-18PK | F13: 1691084 | G13: 75593 | H13: 121711 | I13: 117287 | J13: 147537 | K13: 245987 | L13: 180677 | M13: 186867 | N13: 162111 | O13: 104846 | P13: 83732 | Q13: 85475 | R13: 84176 | AE13: =SUM(F13:AD13) -> 3287083 | AF13: =VLOOKUP($C13,'Tech Pallet'!$A:$I,9,0) -> 130 | AG13: =VLOOKUP($C13,'Tech Pallet'!$A:$H,8,0) -> 0.005268 | AH13: =SUM(G13:R13) -> 1595999 | AI13: =SUM(S13:AD13) -> 0 | AJ13: =F13/AF13 -> 13008.338 | AK13: =SUM(G13:R13)/AF13 -> 12276.915 | AL13: =SUM(S13:AD13)/AF13 -> 0 | AM13: =G13/$AF13 -> 581.48462 | AN13: =H13/$AF13 -> 936.23846 | AO13: =I13/$AF13 -> 902.20769 | AP13: =J13/$AF13 -> 1134.9 | AQ13: =K13/$AF13 -> 1892.2077 | AR13: =L13/$AF13 -> 1389.8231 | AS13: =M13/$AF13 -> 1437.4385 | AT13: =N13/$AF13 -> 1247.0077 | ... BJ13: =AD13/$AF13 -> 0 | BK13: =F13*AG13 -> 8908.6305 | BL13: =SUM(G13:R13)*AG13 -> 8407.7227 | BM13: =SUM(S13:AD13)*AG13 -> 0 | BN13: =G13*$AG13 -> 398.22392 | BO13: =H13*$AG13 -> 641.17355 | BP13: =I13*$AG13 -> 617.86792 | BQ13: =J13*$AG13 -> 777.22492 | BR13: =K13*$AG13 -> 1295.8595 | BS13: =L13*$AG13 -> 951.80644 | BT13: =M13*$AG13 -> 984.41536 | BU13: =N13*$AG13 -> 854.00075 | ... CK13: =AD13*$AG13 -> 0
A14: =VLOOKUP($C14,'Tech Pallet'!$A:$J,10,0) -> PIC | B14: =VLOOKUP(C14,'Tech Pallet'!A:I,3,0) -> BJ PTS | C14: =VLOOKUP($D14,'DU -UCC'!B:C,2,0) -> 67794169 | D14: 10076840485113 | E14: BJ US-IC-TonightDough-FH-8 1PT | F14: 1422102 | G14: 80535 | H14: 120462 | I14: 140689 | J14: 114752 | K14: 117166 | L14: 144132 | M14: 113027 | N14: 121408 | O14: 122163 | P14: 101388 | Q14: 97052 | R14: 97922 | AE14: =SUM(F14:AD14) -> 2792798 | AF14: =VLOOKUP($C14,'Tech Pallet'!$A:$I,9,0) -> 240 | AG14: =VLOOKUP($C14,'Tech Pallet'!$A:$H,8,0) -> 0.003785344 | AH14: =SUM(G14:R14) -> 1370696 | AI14: =SUM(S14:AD14) -> 0 | AJ14: =F14/AF14 -> 5925.425 | AK14: =SUM(G14:R14)/AF14 -> 5711.2333 | AL14: =SUM(S14:AD14)/AF14 -> 0 | AM14: =G14/$AF14 -> 335.5625 | AN14: =H14/$AF14 -> 501.925 | AO14: =I14/$AF14 -> 586.20417 | AP14: =J14/$AF14 -> 478.13333 | AQ14: =K14/$AF14 -> 488.19167 | AR14: =L14/$AF14 -> 600.55 | AS14: =M14/$AF14 -> 470.94583 | AT14: =N14/$AF14 -> 505.86667 | ... BJ14: =AD14/$AF14 -> 0 | BK14: =F14*AG14 -> 5383.1453 | BL14: =SUM(G14:R14)*AG14 -> 5188.5559 | BM14: =SUM(S14:AD14)*AG14 -> 0 | BN14: =G14*$AG14 -> 304.85268 | BO14: =H14*$AG14 -> 455.99011 | BP14: =I14*$AG14 -> 532.55626 | BQ14: =J14*$AG14 -> 434.37579 | BR14: =K14*$AG14 -> 443.51362 | BS14: =L14*$AG14 -> 545.5892 | BT14: =M14*$AG14 -> 427.84608 | BU14: =N14*$AG14 -> 459.57104 | ... CK14: =AD14*$AG14 -> 0
... A51: =VLOOKUP($C51,'Tech Pallet'!$A:$J,10,0) -> PIC | B51: =VLOOKUP(C51,'Tech Pallet'!A:I,3,0) -> 48oz | C51: =VLOOKUP($D51,'DU -UCC'!B:C,2,0) -> 68821735 | D51: 10077567227000 | E51: BR LACTOSE FR VAN 6 1.5QT | F51: 733012 | G51: 38859 | H51: 50166 | I51: 58322 | J51: 68783 | K51: 56191 | L51: 74767 | M51: 61120 | N51: 68857 | O51: 51271 | P51: 50894 | Q51: 61898 | R51: 58923 | AE51: =SUM(F51:AD51) -> 1433063 | AF51: =VLOOKUP($C51,'Tech Pallet'!$A:$I,9,0) -> 176 | AG51: =VLOOKUP($C51,'Tech Pallet'!$A:$H,8,0) -> 0.00852 | AH51: =SUM(G51:R51) -> 700051 | AI51: =SUM(S51:AD51) -> 0 | AJ51: =F51/AF51 -> 4164.8409 | AK51: =SUM(G51:R51)/AF51 -> 3977.5625 | AL51: =SUM(S51:AD51)/AF51 -> 0 | AM51: =G51/$AF51 -> 220.78977 | AN51: =H51/$AF51 -> 285.03409 | AO51: =I51/$AF51 -> 331.375 | AP51: =J51/$AF51 -> 390.8125 | AQ51: =K51/$AF51 -> 319.26705 | AR51: =L51/$AF51 -> 424.8125 | AS51: =M51/$AF51 -> 347.27273 | AT51: =N51/$AF51 -> 391.23295 | ... BJ51: =AD51/$AF51 -> 0 | BK51: =F51*AG51 -> 6245.2622 | BL51: =SUM(G51:R51)*AG51 -> 5964.4345 | BM51: =SUM(S51:AD51)*AG51 -> 0 | BN51: =G51*$AG51 -> 331.07868 | BO51: =H51*$AG51 -> 427.41432 | BP51: =I51*$AG51 -> 496.90344 | BQ51: =J51*$AG51 -> 586.03116 | BR51: =K51*$AG51 -> 478.74732 | BS51: =L51*$AG51 -> 637.01484 | BT51: =M51*$AG51 -> 520.7424 | BU51: =N51*$AG51 -> 586.66164 | ... CK51: =AD51*$AG51 -> 0
A52: =VLOOKUP($C52,'Tech Pallet'!$A:$J,10,0) -> NOV | B52: =VLOOKUP(C52,'Tech Pallet'!A:I,3,0) -> MG Sticks | C52: =VLOOKUP($D52,'DU -UCC'!B:C,2,0) -> 65594416 | D52: 10077567004953 | E52: MG Bars Dubai Chocolate 1-12pk | G52: 0 | H52: 0 | I52: 0 | J52: 0 | K52: 0 | L52: 0 | M52: 0 | N52: 0 | O52: 0 | P52: 0 | Q52: 0 | R52: 0 | AE52: =SUM(F52:AD52) -> 0 | AF52: =VLOOKUP($C52,'Tech Pallet'!$A:$I,9,0) -> 432 | AG52: =VLOOKUP($C52,'Tech Pallet'!$A:$H,8,0) -> 0.00096 | AH52: =SUM(G52:R52) -> 0 | AI52: =SUM(S52:AD52) -> 0 | AJ52: =F52/AF52 -> 0 | AK52: =SUM(G52:R52)/AF52 -> 0 | AL52: =SUM(S52:AD52)/AF52 -> 0 | AM52: =G52/$AF52 -> 0 | AN52: =H52/$AF52 -> 0 | AO52: =I52/$AF52 -> 0 | AP52: =J52/$AF52 -> 0 | AQ52: =K52/$AF52 -> 0 | AR52: =L52/$AF52 -> 0 | AS52: =M52/$AF52 -> 0 | AT52: =N52/$AF52 -> 0 | ... BJ52: =AD52/$AF52 -> 0 | BK52: =F52*AG52 -> 0 | BL52: =SUM(G52:R52)*AG52 -> 0 | BM52: =SUM(S52:AD52)*AG52 -> 0 | BN52: =G52*$AG52 -> 0 | BO52: =H52*$AG52 -> 0 | BP52: =I52*$AG52 -> 0 | BQ52: =J52*$AG52 -> 0 | BR52: =K52*$AG52 -> 0 | BS52: =L52*$AG52 -> 0 | BT52: =M52*$AG52 -> 0 | BU52: =N52*$AG52 -> 0 | ... CK52: =AD52*$AG52 -> 0
A53: =VLOOKUP($C53,'Tech Pallet'!$A:$J,10,0) -> PIC | B53: =VLOOKUP(C53,'Tech Pallet'!A:I,3,0) -> Talenti | C53: =VLOOKUP($D53,'DU -UCC'!B:C,2,0) -> 68860059 | D53: 20186852000093 | E53: Talenti Pacific Coast Pistachio 8-1PT | F53: 623979 | G53: 43532 | H53: 47775 | I53: 54683 | J53: 60090 | K53: 65286 | L53: 66486 | M53: 56295 | N53: 48730 | O53: 50812 | P53: 45105 | Q53: 43170 | R53: 43290 | AE53: =SUM(F53:AD53) -> 1249233 | AF53: =VLOOKUP($C53,'Tech Pallet'!$A:$I,9,0) -> 255 | AG53: =VLOOKUP($C53,'Tech Pallet'!$A:$H,8,0) -> 0.003784 | AH53: =SUM(G53:R53) -> 625254 | AI53: =SUM(S53:AD53) -> 0 | AJ53: =F53/AF53 -> 2446.9765 | AK53: =SUM(G53:R53)/AF53 -> 2451.9765 | AL53: =SUM(S53:AD53)/AF53 -> 0 | AM53: =G53/$AF53 -> 170.71373 | AN53: =H53/$AF53 -> 187.35294 | AO53: =I53/$AF53 -> 214.44314 | AP53: =J53/$AF53 -> 235.64706 | AQ53: =K53/$AF53 -> 256.02353 | AR53: =L53/$AF53 -> 260.72941 | AS53: =M53/$AF53 -> 220.76471 | AT53: =N53/$AF53 -> 191.09804 | ... BJ53: =AD53/$AF53 -> 0 | BK53: =F53*AG53 -> 2361.1365 | BL53: =SUM(G53:R53)*AG53 -> 2365.9611 | BM53: =SUM(S53:AD53)*AG53 -> 0 | BN53: =G53*$AG53 -> 164.72509 | BO53: =H53*$AG53 -> 180.7806 | BP53: =I53*$AG53 -> 206.92047 | BQ53: =J53*$AG53 -> 227.38056 | BR53: =K53*$AG53 -> 247.04222 | BS53: =L53*$AG53 -> 251.58302 | BT53: =M53*$AG53 -> 213.02028 | BU53: =N53*$AG53 -> 184.39432 | ... CK53: =AD53*$AG53 -> 0
A54: =VLOOKUP($C54,'Tech Pallet'!$A:$J,10,0) -> PIC | B54: =VLOOKUP(C54,'Tech Pallet'!A:I,3,0) -> 48oz | C54: =VLOOKUP($D54,'DU -UCC'!B:C,2,0) -> 68821734 | D54: 10077567254259 | E54: BR Vanilla Chocolate 6 1.5QT | F54: 595254 | G54: 39050 | H54: 43575 | I54: 49237 | J54: 60866 | K54: 55214 | L54: 70378 | M54: 51893 | N54: 52625 | O54: 44695 | P54: 44901 | Q54: 55638 | R54: 50655 | AE54: =SUM(F54:AD54) -> 1213981 | AF54: =VLOOKUP($C54,'Tech Pallet'!$A:$I,9,0) -> 176 | AG54: =VLOOKUP($C54,'Tech Pallet'!$A:$H,8,0) -> 0.00852 | AH54: =SUM(G54:R54) -> 618727 | AI54: =SUM(S54:AD54) -> 0 | AJ54: =F54/AF54 -> 3382.125 | AK54: =SUM(G54:R54)/AF54 -> 3515.4943 | AL54: =SUM(S54:AD54)/AF54 -> 0 | AM54: =G54/$AF54 -> 221.875 | AN54: =H54/$AF54 -> 247.58523 | AO54: =I54/$AF54 -> 279.75568 | AP54: =J54/$AF54 -> 345.82955 | AQ54: =K54/$AF54 -> 313.71591 | AR54: =L54/$AF54 -> 399.875 | AS54: =M54/$AF54 -> 294.84659 | AT54: =N54/$AF54 -> 299.00568 | ... BJ54: =AD54/$AF54 -> 0 | BK54: =F54*AG54 -> 5071.5641 | BL54: =SUM(G54:R54)*AG54 -> 5271.554 | BM54: =SUM(S54:AD54)*AG54 -> 0 | BN54: =G54*$AG54 -> 332.706 | BO54: =H54*$AG54 -> 371.259 | BP54: =I54*$AG54 -> 419.49924 | BQ54: =J54*$AG54 -> 518.57832 | BR54: =K54*$AG54 -> 470.42328 | BS54: =L54*$AG54 -> 599.62056 | BT54: =M54*$AG54 -> 442.12836 | BU54: =N54*$AG54 -> 448.365 | ... CK54: =AD54*$AG54 -> 0
A55: =VLOOKUP($C55,'Tech Pallet'!$A:$J,10,0) -> NOV | B55: =VLOOKUP(C55,'Tech Pallet'!A:I,3,0) -> MG Sticks | C55: =VLOOKUP($D55,'DU -UCC'!B:C,2,0) -> 64331550 | D55: 10077567158939 | E55: MG Double Caramel RFA 1-12BK | F55: 629824 | G55: 15946 | H55: 29948 | I55: 45506 | J55: 64237 | K55: 34196 | L55: 104478.09 | M55: 42788 | N55: 59612 | O55: 45374 | P55: 62933 | Q55: 39962 | R55: 24911 | AE55: =SUM(F55:AD55) -> 1199715.1 | AF55: =VLOOKUP($C55,'Tech Pallet'!$A:$I,9,0) -> 493 | AG55: =VLOOKUP($C55,'Tech Pallet'!$A:$H,8,0) -> 0.00108 | AH55: =SUM(G55:R55) -> 569891.09 | AI55: =SUM(S55:AD55) -> 0 | AJ55: =F55/AF55 -> 1277.5335 | AK55: =SUM(G55:R55)/AF55 -> 1155.9657 | AL55: =SUM(S55:AD55)/AF55 -> 0 | AM55: =G55/$AF55 -> 32.344828 | AN55: =H55/$AF55 -> 60.74645 | AO55: =I55/$AF55 -> 92.30426 | AP55: =J55/$AF55 -> 130.29817 | AQ55: =K55/$AF55 -> 69.363083 | AR55: =L55/$AF55 -> 211.9231 | AS55: =M55/$AF55 -> 86.791075 | AT55: =N55/$AF55 -> 120.91684 | ... BJ55: =AD55/$AF55 -> 0 | BK55: =F55*AG55 -> 680.20992 | BL55: =SUM(G55:R55)*AG55 -> 615.48238 | BM55: =SUM(S55:AD55)*AG55 -> 0 | BN55: =G55*$AG55 -> 17.22168 | BO55: =H55*$AG55 -> 32.34384 | BP55: =I55*$AG55 -> 49.14648 | BQ55: =J55*$AG55 -> 69.37596 | BR55: =K55*$AG55 -> 36.93168 | BS55: =L55*$AG55 -> 112.83634 | BT55: =M55*$AG55 -> 46.21104 | BU55: =N55*$AG55 -> 64.38096 | ... CK55: =AD55*$AG55 -> 0
A56: =VLOOKUP($C56,'Tech Pallet'!$A:$J,10,0) -> NOV | B56: =VLOOKUP(C56,'Tech Pallet'!A:I,3,0) -> MBG | C56: =VLOOKUP($D56,'DU -UCC'!B:C,2,0) -> 68741714 | D56: 10041000054140 | E56: GH STRAW Shortcake Bar 1-24PK OOH | F56: 664800 | G56: 32430 | H56: 26889 | I56: 46592 | J56: 65086 | K56: 82538 | L56: 91151 | M56: 106731 | N56: 74016 | O56: 60707 | P56: 22830 | Q56: 22920 | R56: 24324 | AE56: =SUM(F56:AD56) -> 1321014 | AF56: =VLOOKUP($C56,'Tech Pallet'!$A:$I,9,0) -> 225 | AG56: =VLOOKUP($C56,'Tech Pallet'!$A:$H,8,0) -> 0.002832 | AH56: =SUM(G56:R56) -> 656214 | AI56: =SUM(S56:AD56) -> 0 | AJ56: =F56/AF56 -> 2954.6667 | AK56: =SUM(G56:R56)/AF56 -> 2916.5067 | AL56: =SUM(S56:AD56)/AF56 -> 0 | AM56: =G56/$AF56 -> 144.13333 | AN56: =H56/$AF56 -> 119.50667 | AO56: =I56/$AF56 -> 207.07556 | AP56: =J56/$AF56 -> 289.27111 | AQ56: =K56/$AF56 -> 366.83556 | AR56: =L56/$AF56 -> 405.11556 | AS56: =M56/$AF56 -> 474.36 | AT56: =N56/$AF56 -> 328.96 | ... BJ56: =AD56/$AF56 -> 0 | BK56: =F56*AG56 -> 1882.7136 | BL56: =SUM(G56:R56)*AG56 -> 1858.398 | BM56: =SUM(S56:AD56)*AG56 -> 0 | BN56: =G56*$AG56 -> 91.84176 | BO56: =H56*$AG56 -> 76.149648 | BP56: =I56*$AG56 -> 131.94854 | BQ56: =J56*$AG56 -> 184.32355 | BR56: =K56*$AG56 -> 233.74762 | BS56: =L56*$AG56 -> 258.13963 | BT56: =M56*$AG56 -> 302.26219 | BU56: =N56*$AG56 -> 209.61331 | ... CK56: =AD56*$AG56 -> 0
A57: =VLOOKUP($C57,'Tech Pallet'!$A:$J,10,0) -> PIC | B57: =VLOOKUP(C57,'Tech Pallet'!A:I,3,0) -> TALENTI | C57: =VLOOKUP($D57,'DU -UCC'!B:C,2,0) -> 68862496 | D57: 20186852000185 | E57: TAL Alphonso Mango Sorbetto (Df) 8p 1PT | F57: 581670 | G57: 41281 | H57: 45510 | I57: 51525 | J57: 53722 | K57: 57777 | L57: 68355 | M57: 55125 | N57: 46695 | O57: 47280 | P57: 41700 | Q57: 36840 | R57: 40500 | AE57: =SUM(F57:AD57) -> 1167980 | AF57: =VLOOKUP($C57,'Tech Pallet'!$A:$I,9,0) -> 255 | AG57: =VLOOKUP($C57,'Tech Pallet'!$A:$H,8,0) -> 0.003784 | AH57: =SUM(G57:R57) -> 586310 | AI57: =SUM(S57:AD57) -> 0 | AJ57: =F57/AF57 -> 2281.0588 | AK57: =SUM(G57:R57)/AF57 -> 2299.2549 | AL57: =SUM(S57:AD57)/AF57 -> 0 | AM57: =G57/$AF57 -> 161.88627 | AN57: =H57/$AF57 -> 178.47059 | AO57: =I57/$AF57 -> 202.05882 | AP57: =J57/$AF57 -> 210.67451 | AQ57: =K57/$AF57 -> 226.57647 | AR57: =L57/$AF57 -> 268.05882 | AS57: =M57/$AF57 -> 216.17647 | AT57: =N57/$AF57 -> 183.11765 | ... BJ57: =AD57/$AF57 -> 0 | BK57: =F57*AG57 -> 2201.0393 | BL57: =SUM(G57:R57)*AG57 -> 2218.597 | BM57: =SUM(S57:AD57)*AG57 -> 0 | BN57: =G57*$AG57 -> 156.2073 | BO57: =H57*$AG57 -> 172.20984 | BP57: =I57*$AG57 -> 194.9706 | BQ57: =J57*$AG57 -> 203.28405 | BR57: =K57*$AG57 -> 218.62817 | BS57: =L57*$AG57 -> 258.65532 | BT57: =M57*$AG57 -> 208.593 | BU57: =N57*$AG57 -> 176.69388 | ... CK57: =AD57*$AG57 -> 0
A58: =VLOOKUP($C58,'Tech Pallet'!$A:$J,10,0) -> NOV | B58: =VLOOKUP(C58,'Tech Pallet'!A:I,3,0) -> PG | C58: =VLOOKUP($D58,'DU -UCC'!B:C,2,0) -> 64341106 | D58: 10077567085167 | E58: PS Jolly Rancher Pop 6-18PK | F58: 745716 | G58: 31109 | H58: 41665 | I58: 55128 | J58: 60658 | K58: 110519 | L58: 91585 | M58: 75413 | N58: 52702 | O58: 39962 | P58: 28301 | Q58: 29094 | R58: 35553 | AE58: =SUM(F58:AD58) -> 1397405 | AF58: =VLOOKUP($C58,'Tech Pallet'!$A:$I,9,0) -> 130 | AG58: =VLOOKUP($C58,'Tech Pallet'!$A:$H,8,0) -> 0.005268 | AH58: =SUM(G58:R58) -> 651689 | AI58: =SUM(S58:AD58) -> 0 | AJ58: =F58/AF58 -> 5736.2769 | AK58: =SUM(G58:R58)/AF58 -> 5012.9923 | AL58: =SUM(S58:AD58)/AF58 -> 0 | AM58: =G58/$AF58 -> 239.3 | AN58: =H58/$AF58 -> 320.5 | AO58: =I58/$AF58 -> 424.06154 | AP58: =J58/$AF58 -> 466.6 | AQ58: =K58/$AF58 -> 850.14615 | AR58: =L58/$AF58 -> 704.5 | AS58: =M58/$AF58 -> 580.1 | AT58: =N58/$AF58 -> 405.4 | ... BJ58: =AD58/$AF58 -> 0 | BK58: =F58*AG58 -> 3928.4319 | BL58: =SUM(G58:R58)*AG58 -> 3433.0977 | BM58: =SUM(S58:AD58)*AG58 -> 0 | BN58: =G58*$AG58 -> 163.88221 | BO58: =H58*$AG58 -> 219.49122 | BP58: =I58*$AG58 -> 290.4143 | BQ58: =J58*$AG58 -> 319.54634 | BR58: =K58*$AG58 -> 582.21409 | BS58: =L58*$AG58 -> 482.46978 | BT58: =M58*$AG58 -> 397.27568 | BU58: =N58*$AG58 -> 277.63414 | ... CK58: =AD58*$AG58 -> 0
A59: =VLOOKUP($C59,'Tech Pallet'!$A:$J,10,0) -> PIC | B59: =VLOOKUP(C59,'Tech Pallet'!A:I,3,0) -> 48oz | C59: =VLOOKUP($D59,'DU -UCC'!B:C,2,0) -> 64389651 | D59: 10077567003901 | E59: BR Strawberry Shortcake 6 1.5QT | F59: 55 | G59: 11992 | H59: 25915 | I59: 39850 | J59: 59321 | K59: 68877 | L59: 70006 | M59: 71032 | N59: 60927 | O59: 45614 | P59: 37849 | Q59: 50468 | R59: 38412 | AE59: =SUM(F59:AD59) -> 580318 | AF59: =VLOOKUP($C59,'Tech Pallet'!$A:$I,9,0) -> 176 | AG59: =VLOOKUP($C59,'Tech Pallet'!$A:$H,8,0) -> 0.00852 | AH59: =SUM(G59:R59) -> 580263 | AI59: =SUM(S59:AD59) -> 0 | AJ59: =F59/AF59 -> 0.3125 | AK59: =SUM(G59:R59)/AF59 -> 3296.9489 | AL59: =SUM(S59:AD59)/AF59 -> 0 | AM59: =G59/$AF59 -> 68.136364 | AN59: =H59/$AF59 -> 147.24432 | AO59: =I59/$AF59 -> 226.42045 | AP59: =J59/$AF59 -> 337.05114 | AQ59: =K59/$AF59 -> 391.34659 | AR59: =L59/$AF59 -> 397.76136 | AS59: =M59/$AF59 -> 403.59091 | AT59: =N59/$AF59 -> 346.17614 | ... BJ59: =AD59/$AF59 -> 0 | BK59: =F59*AG59 -> 0.4686 | BL59: =SUM(G59:R59)*AG59 -> 4943.8408 | BM59: =SUM(S59:AD59)*AG59 -> 0 | BN59: =G59*$AG59 -> 102.17184 | BO59: =H59*$AG59 -> 220.7958 | BP59: =I59*$AG59 -> 339.522 | BQ59: =J59*$AG59 -> 505.41492 | BR59: =K59*$AG59 -> 586.83204 | BS59: =L59*$AG59 -> 596.45112 | BT59: =M59*$AG59 -> 605.19264 | BU59: =N59*$AG59 -> 519.09804 | ... CK59: =AD59*$AG59 -> 0
A60: =VLOOKUP($C60,'Tech Pallet'!$A:$J,10,0) -> PIC | B60: =VLOOKUP(C60,'Tech Pallet'!A:I,3,0) -> BJ PTS | C60: =VLOOKUP($D60,'DU -UCC'!B:C,2,0) -> 69999267 | D60: 10076840002358 | E60: BJ US-IC-GimmeSmore-8 1PT | F60: 574596 | G60: 33118 | H60: 60510 | I60: 59696 | J60: 52330 | K60: 51477 | L60: 64273 | M60: 58029 | N60: 53027 | O60: 50749 | P60: 42539 | Q60: 42430 | R60: 37768 | AE60: =SUM(F60:AD60) -> 1180542 | AF60: =VLOOKUP($C60,'Tech Pallet'!$A:$I,9,0) -> 240 | AG60: =VLOOKUP($C60,'Tech Pallet'!$A:$H,8,0) -> 0.003784 | AH60: =SUM(G60:R60) -> 605946 | AI60: =SUM(S60:AD60) -> 0 | AJ60: =F60/AF60 -> 2394.15 | AK60: =SUM(G60:R60)/AF60 -> 2524.775 | AL60: =SUM(S60:AD60)/AF60 -> 0 | AM60: =G60/$AF60 -> 137.99167 | AN60: =H60/$AF60 -> 252.125 | AO60: =I60/$AF60 -> 248.73333 | AP60: =J60/$AF60 -> 218.04167 | AQ60: =K60/$AF60 -> 214.4875 | AR60: =L60/$AF60 -> 267.80417 | AS60: =M60/$AF60 -> 241.7875 | AT60: =N60/$AF60 -> 220.94583 | ... BJ60: =AD60/$AF60 -> 0 | BK60: =F60*AG60 -> 2174.2713 | BL60: =SUM(G60:R60)*AG60 -> 2292.8997 | BM60: =SUM(S60:AD60)*AG60 -> 0 | BN60: =G60*$AG60 -> 125.31851 | BO60: =H60*$AG60 -> 228.96984 | BP60: =I60*$AG60 -> 225.88966 | BQ60: =J60*$AG60 -> 198.01672 | BR60: =K60*$AG60 -> 194.78897 | BS60: =L60*$AG60 -> 243.20903 | BT60: =M60*$AG60 -> 219.58174 | BU60: =N60*$AG60 -> 200.65417 | ... CK60: =AD60*$AG60 -> 0
A61: =VLOOKUP($C61,'Tech Pallet'!$A:$J,10,0) -> NOV | B61: =VLOOKUP(C61,'Tech Pallet'!A:I,3,0) -> Yasso Sticks | C61: =VLOOKUP($D61,'DU -UCC'!B:C,2,0) -> 64325512 | D61: 10851035003323 | E61: Yasso Coffee Chocolate Chip 8-4pk | F61: 500809 | G61: 32065 | H61: 45895 | I61: 55745 | J61: 51171 | K61: 51621 | L61: 30218 | M61: 45920 | N61: 71804.01 | O61: 56402 | P61: 32208 | Q61: 35739 | R61: 38796 | AE61: =SUM(F61:AD61) -> 1048393 | AF61: =VLOOKUP($C61,'Tech Pallet'!$A:$I,9,0) -> 187 | AG61: =VLOOKUP($C61,'Tech Pallet'!$A:$H,8,0) -> 0.003312 | AH61: =SUM(G61:R61) -> 547584.01 | AI61: =SUM(S61:AD61) -> 0 | AJ61: =F61/AF61 -> 2678.123 | AK61: =SUM(G61:R61)/AF61 -> 2928.2567 | AL61: =SUM(S61:AD61)/AF61 -> 0 | AM61: =G61/$AF61 -> 171.47059 | AN61: =H61/$AF61 -> 245.42781 | AO61: =I61/$AF61 -> 298.1016 | AP61: =J61/$AF61 -> 273.64171 | AQ61: =K61/$AF61 -> 276.04813 | AR61: =L61/$AF61 -> 161.59358 | AS61: =M61/$AF61 -> 245.5615 | AT61: =N61/$AF61 -> 383.97866 | ... BJ61: =AD61/$AF61 -> 0 | BK61: =F61*AG61 -> 1658.6794 | BL61: =SUM(G61:R61)*AG61 -> 1813.5982 | BM61: =SUM(S61:AD61)*AG61 -> 0 | BN61: =G61*$AG61 -> 106.19928 | BO61: =H61*$AG61 -> 152.00424 | BP61: =I61*$AG61 -> 184.62744 | BQ61: =J61*$AG61 -> 169.47835 | BR61: =K61*$AG61 -> 170.96875 | BS61: =L61*$AG61 -> 100.08202 | BT61: =M61*$AG61 -> 152.08704 | BU61: =N61*$AG61 -> 237.81488 | ... CK61: =AD61*$AG61 -> 0
A62: =VLOOKUP($C62,'Tech Pallet'!$A:$J,10,0) -> NOV | B62: =VLOOKUP(C62,'Tech Pallet'!A:I,3,0) -> Yasso Sticks | C62: =VLOOKUP($D62,'DU -UCC'!B:C,2,0) -> 64325372 | D62: 10851035003248 | E62: Yasso Sea Salt Caramel 8-4pk | F62: 519632 | G62: 30787 | H62: 44471 | I62: 57239 | J62: 42208 | K62: 24701 | L62: 75722 | M62: 57403 | N62: 55649 | O62: 49392 | P62: 36931 | Q62: 33313 | R62: 37111 | AE62: =SUM(F62:AD62) -> 1064559 | AF62: =VLOOKUP($C62,'Tech Pallet'!$A:$I,9,0) -> 187 | AG62: =VLOOKUP($C62,'Tech Pallet'!$A:$H,8,0) -> 0.003312 | AH62: =SUM(G62:R62) -> 544927 | AI62: =SUM(S62:AD62) -> 0 | AJ62: =F62/AF62 -> 2778.7807 | AK62: =SUM(G62:R62)/AF62 -> 2914.0481 | AL62: =SUM(S62:AD62)/AF62 -> 0 | AM62: =G62/$AF62 -> 164.63636 | AN62: =H62/$AF62 -> 237.81283 | AO62: =I62/$AF62 -> 306.09091 | AP62: =J62/$AF62 -> 225.71123 | AQ62: =K62/$AF62 -> 132.09091 | AR62: =L62/$AF62 -> 404.93048 | AS62: =M62/$AF62 -> 306.96791 | AT62: =N62/$AF62 -> 297.58824 | ... BJ62: =AD62/$AF62 -> 0 | BK62: =F62*AG62 -> 1721.0212 | BL62: =SUM(G62:R62)*AG62 -> 1804.7982 | BM62: =SUM(S62:AD62)*AG62 -> 0 | BN62: =G62*$AG62 -> 101.96654 | BO62: =H62*$AG62 -> 147.28795 | BP62: =I62*$AG62 -> 189.57557 | BQ62: =J62*$AG62 -> 139.7929 | BR62: =K62*$AG62 -> 81.809712 | BS62: =L62*$AG62 -> 250.79126 | BT62: =M62*$AG62 -> 190.11874 | BU62: =N62*$AG62 -> 184.30949 | ... CK62: =AD62*$AG62 -> 0
A63: =VLOOKUP($C63,'Tech Pallet'!$A:$J,10,0) -> PIC | B63: =VLOOKUP(C63,'Tech Pallet'!A:I,3,0) -> 48oz | C63: =VLOOKUP($D63,'DU -UCC'!B:C,2,0) -> 69568964 | D63: 10077567281903 | E63: BR NSA VANILLA 6 1.5QT | F63: 587257 | G63: 36313 | H63: 41856 | I63: 50923 | J63: 60739 | K63: 49632 | L63: 65591 | M63: 55128 | N63: 60873 | O63: 43956 | P63: 39229 | Q63: 46028 | R63: 40065 | AE63: =SUM(F63:AD63) -> 1177590 | AF63: =VLOOKUP($C63,'Tech Pallet'!$A:$I,9,0) -> 176 | AG63: =VLOOKUP($C63,'Tech Pallet'!$A:$H,8,0) -> 0.00852 | AH63: =SUM(G63:R63) -> 590333 | AI63: =SUM(S63:AD63) -> 0 | AJ63: =F63/AF63 -> 3336.6875 | AK63: =SUM(G63:R63)/AF63 -> 3354.1648 | AL63: =SUM(S63:AD63)/AF63 -> 0 | AM63: =G63/$AF63 -> 206.32386 | AN63: =H63/$AF63 -> 237.81818 | AO63: =I63/$AF63 -> 289.33523 | AP63: =J63/$AF63 -> 345.10795 | AQ63: =K63/$AF63 -> 282 | AR63: =L63/$AF63 -> 372.67614 | AS63: =M63/$AF63 -> 313.22727 | AT63: =N63/$AF63 -> 345.86932 | ... BJ63: =AD63/$AF63 -> 0 | BK63: =F63*AG63 -> 5003.4296 | BL63: =SUM(G63:R63)*AG63 -> 5029.6372 | BM63: =SUM(S63:AD63)*AG63 -> 0 | BN63: =G63*$AG63 -> 309.38676 | BO63: =H63*$AG63 -> 356.61312 | BP63: =I63*$AG63 -> 433.86396 | BQ63: =J63*$AG63 -> 517.49628 | BR63: =K63*$AG63 -> 422.86464 | BS63: =L63*$AG63 -> 558.83532 | BT63: =M63*$AG63 -> 469.69056 | BU63: =N63*$AG63 -> 518.63796 | ... CK63: =AD63*$AG63 -> 0
A64: =VLOOKUP($C64,'Tech Pallet'!$A:$J,10,0) -> PIC | B64: =VLOOKUP(C64,'Tech Pallet'!A:I,3,0) -> 48oz | C64: =VLOOKUP($D64,'DU -UCC'!B:C,2,0) -> 68737750 | D64: 10077567224801 | E64: BR CO-B Reeses 6 1.5QT | F64: 704075 | G64: 38346 | H64: 47301 | I64: 59994 | J64: 71002 | K64: 68931 | L64: 83237 | M64: 66563 | N64: 64570 | O64: 55954 | P64: 48229 | Q64: 48639 | R64: 45639 | AE64: =SUM(F64:AD64) -> 1402480 | AF64: =VLOOKUP($C64,'Tech Pallet'!$A:$I,9,0) -> 176 | AG64: =VLOOKUP($C64,'Tech Pallet'!$A:$H,8,0) -> 0.00852 | AH64: =SUM(G64:R64) -> 698405 | AI64: =SUM(S64:AD64) -> 0 | AJ64: =F64/AF64 -> 4000.4261 | AK64: =SUM(G64:R64)/AF64 -> 3968.2102 | AL64: =SUM(S64:AD64)/AF64 -> 0 | AM64: =G64/$AF64 -> 217.875 | AN64: =H64/$AF64 -> 268.75568 | AO64: =I64/$AF64 -> 340.875 | AP64: =J64/$AF64 -> 403.42045 | AQ64: =K64/$AF64 -> 391.65341 | AR64: =L64/$AF64 -> 472.9375 | AS64: =M64/$AF64 -> 378.19886 | AT64: =N64/$AF64 -> 366.875 | ... BJ64: =AD64/$AF64 -> 0 | BK64: =F64*AG64 -> 5998.719 | BL64: =SUM(G64:R64)*AG64 -> 5950.4106 | BM64: =SUM(S64:AD64)*AG64 -> 0 | BN64: =G64*$AG64 -> 326.70792 | BO64: =H64*$AG64 -> 403.00452 | BP64: =I64*$AG64 -> 511.14888 | BQ64: =J64*$AG64 -> 604.93704 | BR64: =K64*$AG64 -> 587.29212 | BS64: =L64*$AG64 -> 709.17924 | BT64: =M64*$AG64 -> 567.11676 | BU64: =N64*$AG64 -> 550.1364 | ... CK64: =AD64*$AG64 -> 0
... A78: =VLOOKUP($C78,'Tech Pallet'!$A:$J,10,0) -> NOV | B78: =VLOOKUP(C78,'Tech Pallet'!A:I,3,0) -> Yasso Sticks | C78: =VLOOKUP($D78,'DU -UCC'!B:C,2,0) -> 64325513 | D78: 10851035003446 | E78: Yasso Cookies N Cream 8-4pk | F78: 269818 | G78: 20636 | H78: 27982 | I78: 11684 | J78: 19339 | K78: 34730 | L78: 39289 | M78: 33345 | N78: 36484 | O78: 30762 | P78: 15995 | Q78: 22317 | R78: 30374 | AE78: =SUM(F78:AD78) -> 592755 | AF78: =VLOOKUP($C78,'Tech Pallet'!$A:$I,9,0) -> 187 | AG78: =VLOOKUP($C78,'Tech Pallet'!$A:$H,8,0) -> 0.003312 | AH78: =SUM(G78:R78) -> 322937 | AI78: =SUM(S78:AD78) -> 0 | AJ78: =F78/AF78 -> 1442.877 | AK78: =SUM(G78:R78)/AF78 -> 1726.9358 | AL78: =SUM(S78:AD78)/AF78 -> 0 | AM78: =G78/$AF78 -> 110.35294 | AN78: =H78/$AF78 -> 149.63636 | AO78: =I78/$AF78 -> 62.481283 | AP78: =J78/$AF78 -> 103.41711 | AQ78: =K78/$AF78 -> 185.72193 | AR78: =L78/$AF78 -> 210.1016 | AS78: =M78/$AF78 -> 178.31551 | AT78: =N78/$AF78 -> 195.1016 | ... BJ78: =AD78/$AF78 -> 0 | BK78: =F78*AG78 -> 893.63722 | BL78: =SUM(G78:R78)*AG78 -> 1069.5673 | BM78: =SUM(S78:AD78)*AG78 -> 0 | BN78: =G78*$AG78 -> 68.346432 | BO78: =H78*$AG78 -> 92.676384 | BP78: =I78*$AG78 -> 38.697408 | BQ78: =J78*$AG78 -> 64.050768 | BR78: =K78*$AG78 -> 115.02576 | BS78: =L78*$AG78 -> 130.12517 | BT78: =M78*$AG78 -> 110.43864 | BU78: =N78*$AG78 -> 120.83501 | ... CK78: =AD78*$AG78 -> 0
A79: =VLOOKUP($C79,'Tech Pallet'!$A:$J,10,0) -> NOV | B79: =VLOOKUP(C79,'Tech Pallet'!A:I,3,0) -> Other | C79: =VLOOKUP($D79,'DU -UCC'!B:C,2,0) -> 64973976 | D79: 10840473400115 | E79: BR Reeses Mini Cups 1-12PK | G79: 0 | H79: 0 | I79: 0 | J79: 0 | K79: 0 | L79: 0 | M79: 0 | N79: 0 | O79: 0 | P79: 0 | Q79: 0 | R79: 0 | AE79: =SUM(F79:AD79) -> 0 | AF79: =VLOOKUP($C79,'Tech Pallet'!$A:$I,9,0) -> 190 | AG79: =VLOOKUP($C79,'Tech Pallet'!$A:$H,8,0) -> 0.0010644 | AH79: =SUM(G79:R79) -> 0 | AI79: =SUM(S79:AD79) -> 0 | AJ79: =F79/AF79 -> 0 | AK79: =SUM(G79:R79)/AF79 -> 0 | AL79: =SUM(S79:AD79)/AF79 -> 0 | AM79: =G79/$AF79 -> 0 | AN79: =H79/$AF79 -> 0 | AO79: =I79/$AF79 -> 0 | AP79: =J79/$AF79 -> 0 | AQ79: =K79/$AF79 -> 0 | AR79: =L79/$AF79 -> 0 | AS79: =M79/$AF79 -> 0 | AT79: =N79/$AF79 -> 0 | ... BJ79: =AD79/$AF79 -> 0 | BK79: =F79*AG79 -> 0 | BL79: =SUM(G79:R79)*AG79 -> 0 | BM79: =SUM(S79:AD79)*AG79 -> 0 | BN79: =G79*$AG79 -> 0 | BO79: =H79*$AG79 -> 0 | BP79: =I79*$AG79 -> 0 | BQ79: =J79*$AG79 -> 0 | BR79: =K79*$AG79 -> 0 | BS79: =L79*$AG79 -> 0 | BT79: =M79*$AG79 -> 0 | BU79: =N79*$AG79 -> 0 | ... CK79: =AD79*$AG79 -> 0
A80: =VLOOKUP($C80,'Tech Pallet'!$A:$J,10,0) -> NOV | B80: =VLOOKUP(C80,'Tech Pallet'!A:I,3,0) -> pG | C80: =VLOOKUP($D80,'DU -UCC'!B:C,2,0) -> 64776954 | D80: 10077567001570 | E80: PS Scribblers Natural 6-18PK | F80: 589779 | G80: 31402 | H80: 49445 | I80: 44418 | J80: 53532 | K80: 67346 | L80: 79037 | M80: 64155 | N80: 50557 | O80: 31158 | P80: 17667 | Q80: 19227 | R80: 26217 | AE80: =SUM(F80:AD80) -> 1123940 | AF80: =VLOOKUP($C80,'Tech Pallet'!$A:$I,9,0) -> 130 | AG80: =VLOOKUP($C80,'Tech Pallet'!$A:$H,8,0) -> 0.003834 | AH80: =SUM(G80:R80) -> 534161 | AI80: =SUM(S80:AD80) -> 0 | AJ80: =F80/AF80 -> 4536.7615 | AK80: =SUM(G80:R80)/AF80 -> 4108.9308 | AL80: =SUM(S80:AD80)/AF80 -> 0 | AM80: =G80/$AF80 -> 241.55385 | AN80: =H80/$AF80 -> 380.34615 | AO80: =I80/$AF80 -> 341.67692 | AP80: =J80/$AF80 -> 411.78462 | AQ80: =K80/$AF80 -> 518.04615 | AR80: =L80/$AF80 -> 607.97692 | AS80: =M80/$AF80 -> 493.5 | AT80: =N80/$AF80 -> 388.9 | ... BJ80: =AD80/$AF80 -> 0 | BK80: =F80*AG80 -> 2261.2127 | BL80: =SUM(G80:R80)*AG80 -> 2047.9733 | BM80: =SUM(S80:AD80)*AG80 -> 0 | BN80: =G80*$AG80 -> 120.39527 | BO80: =H80*$AG80 -> 189.57213 | BP80: =I80*$AG80 -> 170.29861 | BQ80: =J80*$AG80 -> 205.24169 | BR80: =K80*$AG80 -> 258.20456 | BS80: =L80*$AG80 -> 303.02786 | BT80: =M80*$AG80 -> 245.97027 | BU80: =N80*$AG80 -> 193.83554 | ... CK80: =AD80*$AG80 -> 0
A81: =VLOOKUP($C81,'Tech Pallet'!$A:$J,10,0) -> NOV | B81: =VLOOKUP(C81,'Tech Pallet'!A:I,3,0) -> EDF | C81: =VLOOKUP($D81,'DU -UCC'!B:C,2,0) -> 68709233 | D81: 10075856011200 | E81: KL SAB RF NSA VANILLA BAR 12-6PK | F81: 426114 | G81: 25524 | H81: 30516 | I81: 46686 | J81: 39287 | K81: 46255 | L81: 57714 | M81: 50041 | N81: 39132 | O81: 33637 | P81: 32868 | Q81: 25116 | R81: 27036 | AE81: =SUM(F81:AD81) -> 879926 | AF81: =VLOOKUP($C81,'Tech Pallet'!$A:$I,9,0) -> 132 | AG81: =VLOOKUP($C81,'Tech Pallet'!$A:$H,8,0) -> 0.008496 | AH81: =SUM(G81:R81) -> 453812 | AI81: =SUM(S81:AD81) -> 0 | AJ81: =F81/AF81 -> 3228.1364 | AK81: =SUM(G81:R81)/AF81 -> 3437.9697 | AL81: =SUM(S81:AD81)/AF81 -> 0 | AM81: =G81/$AF81 -> 193.36364 | AN81: =H81/$AF81 -> 231.18182 | AO81: =I81/$AF81 -> 353.68182 | AP81: =J81/$AF81 -> 297.62879 | AQ81: =K81/$AF81 -> 350.41667 | AR81: =L81/$AF81 -> 437.22727 | AS81: =M81/$AF81 -> 379.09848 | AT81: =N81/$AF81 -> 296.45455 | ... BJ81: =AD81/$AF81 -> 0 | BK81: =F81*AG81 -> 3620.2645 | BL81: =SUM(G81:R81)*AG81 -> 3855.5868 | BM81: =SUM(S81:AD81)*AG81 -> 0 | BN81: =G81*$AG81 -> 216.8519 | BO81: =H81*$AG81 -> 259.26394 | BP81: =I81*$AG81 -> 396.64426 | BQ81: =J81*$AG81 -> 333.78235 | BR81: =K81*$AG81 -> 392.98248 | BS81: =L81*$AG81 -> 490.33814 | BT81: =M81*$AG81 -> 425.14834 | BU81: =N81*$AG81 -> 332.46547 | ... CK81: =AD81*$AG81 -> 0
A82: =VLOOKUP($C82,'Tech Pallet'!$A:$J,10,0) -> NOV | B82: =VLOOKUP(C82,'Tech Pallet'!A:I,3,0) -> Yasso Sticks | C82: =VLOOKUP($D82,'DU -UCC'!B:C,2,0) -> 64325509 | D82: 10850001974575 | E82: Yasso Fudge Chocolate Crunch 8-4pk | F82: 290105 | G82: 19906 | H82: 26450 | I82: 38854 | J82: 35377 | K82: 40171 | L82: 47707 | M82: 46733 | N82: 40841 | O82: 46747 | P82: 28368 | Q82: 29506 | R82: 24340 | AE82: =SUM(F82:AD82) -> 715105 | AF82: =VLOOKUP($C82,'Tech Pallet'!$A:$I,9,0) -> 187 | AG82: =VLOOKUP($C82,'Tech Pallet'!$A:$H,8,0) -> 0.002512 | AH82: =SUM(G82:R82) -> 425000 | AI82: =SUM(S82:AD82) -> 0 | AJ82: =F82/AF82 -> 1551.3636 | AK82: =SUM(G82:R82)/AF82 -> 2272.7273 | AL82: =SUM(S82:AD82)/AF82 -> 0 | AM82: =G82/$AF82 -> 106.4492 | AN82: =H82/$AF82 -> 141.44385 | AO82: =I82/$AF82 -> 207.7754 | AP82: =J82/$AF82 -> 189.18182 | AQ82: =K82/$AF82 -> 214.81818 | AR82: =L82/$AF82 -> 255.11765 | AS82: =M82/$AF82 -> 249.90909 | AT82: =N82/$AF82 -> 218.40107 | ... BJ82: =AD82/$AF82 -> 0 | BK82: =F82*AG82 -> 728.74376 | BL82: =SUM(G82:R82)*AG82 -> 1067.6 | BM82: =SUM(S82:AD82)*AG82 -> 0 | BN82: =G82*$AG82 -> 50.003872 | BO82: =H82*$AG82 -> 66.4424 | BP82: =I82*$AG82 -> 97.601248 | BQ82: =J82*$AG82 -> 88.867024 | BR82: =K82*$AG82 -> 100.90955 | BS82: =L82*$AG82 -> 119.83998 | BT82: =M82*$AG82 -> 117.3933 | BU82: =N82*$AG82 -> 102.59259 | ... CK82: =AD82*$AG82 -> 0
A83: =VLOOKUP($C83,'Tech Pallet'!$A:$J,10,0) -> PIC | B83: =VLOOKUP(C83,'Tech Pallet'!A:I,3,0) -> TALENTI | C83: =VLOOKUP($D83,'DU -UCC'!B:C,2,0) -> 68730257 | D83: 20186852000079 | E83: Talenti Mediterranean Mint 8 1PT | F83: 501218 | G83: 31980 | H83: 38385 | I83: 46472 | J83: 41701 | K83: 48396 | L83: 52620 | M83: 41550 | N83: 37695 | O83: 36600 | P83: 35550 | Q83: 30435 | R83: 29835 | AE83: =SUM(F83:AD83) -> 972437 | AF83: =VLOOKUP($C83,'Tech Pallet'!$A:$I,9,0) -> 255 | AG83: =VLOOKUP($C83,'Tech Pallet'!$A:$H,8,0) -> 0.003785344 | AH83: =SUM(G83:R83) -> 471219 | AI83: =SUM(S83:AD83) -> 0 | AJ83: =F83/AF83 -> 1965.5608 | AK83: =SUM(G83:R83)/AF83 -> 1847.9176 | AL83: =SUM(S83:AD83)/AF83 -> 0 | AM83: =G83/$AF83 -> 125.41176 | AN83: =H83/$AF83 -> 150.52941 | AO83: =I83/$AF83 -> 182.24314 | AP83: =J83/$AF83 -> 163.53333 | AQ83: =K83/$AF83 -> 189.78824 | AR83: =L83/$AF83 -> 206.35294 | AS83: =M83/$AF83 -> 162.94118 | AT83: =N83/$AF83 -> 147.82353 | ... BJ83: =AD83/$AF83 -> 0 | BK83: =F83*AG83 -> 1897.2825 | BL83: =SUM(G83:R83)*AG83 -> 1783.726 | BM83: =SUM(S83:AD83)*AG83 -> 0 | BN83: =G83*$AG83 -> 121.0553 | BO83: =H83*$AG83 -> 145.30043 | BP83: =I83*$AG83 -> 175.91251 | BQ83: =J83*$AG83 -> 157.85263 | BR83: =K83*$AG83 -> 183.19551 | BS83: =L83*$AG83 -> 199.1848 | BT83: =M83*$AG83 -> 157.28104 | BU83: =N83*$AG83 -> 142.68854 | ... CK83: =AD83*$AG83 -> 0
A84: =VLOOKUP($C84,'Tech Pallet'!$A:$J,10,0) -> NOV | B84: =VLOOKUP(C84,'Tech Pallet'!A:I,3,0) -> Repack MG Sticks | C84: =VLOOKUP($D84,'DU -UCC'!B:C,2,0) -> 64356482 | D84: 10077567003826 | E84: MG Mini Double Caramel RFA 1(3) 6PK | F84: 524171 | G84: 15 | H84: 0 | I84: 20 | J84: 38924 | K84: 172556 | L84: 151172 | M84: 80738 | N84: 22200 | O84: 0 | P84: 0 | Q84: 0 | R84: 0 | AE84: =SUM(F84:AD84) -> 989796 | AF84: =VLOOKUP($C84,'Tech Pallet'!$A:$I,9,0) -> 296 | AG84: =VLOOKUP($C84,'Tech Pallet'!$A:$H,8,0) -> 0.00099 | AH84: =SUM(G84:R84) -> 465625 | AI84: =SUM(S84:AD84) -> 0 | AJ84: =F84/AF84 -> 1770.848 | AK84: =SUM(G84:R84)/AF84 -> 1573.0574 | AL84: =SUM(S84:AD84)/AF84 -> 0 | AM84: =G84/$AF84 -> 0.050675676 | AN84: =H84/$AF84 -> 0 | AO84: =I84/$AF84 -> 0.067567568 | AP84: =J84/$AF84 -> 131.5 | AQ84: =K84/$AF84 -> 582.95946 | AR84: =L84/$AF84 -> 510.71622 | AS84: =M84/$AF84 -> 272.76351 | AT84: =N84/$AF84 -> 75 | ... BJ84: =AD84/$AF84 -> 0 | BK84: =F84*AG84 -> 518.92929 | BL84: =SUM(G84:R84)*AG84 -> 460.96875 | BM84: =SUM(S84:AD84)*AG84 -> 0 | BN84: =G84*$AG84 -> 0.01485 | BO84: =H84*$AG84 -> 0 | BP84: =I84*$AG84 -> 0.0198 | BQ84: =J84*$AG84 -> 38.53476 | BR84: =K84*$AG84 -> 170.83044 | BS84: =L84*$AG84 -> 149.66028 | BT84: =M84*$AG84 -> 79.93062 | BU84: =N84*$AG84 -> 21.978 | ... CK84: =AD84*$AG84 -> 0
A85: =VLOOKUP($C85,'Tech Pallet'!$A:$J,10,0) -> PIC | B85: =VLOOKUP(C85,'Tech Pallet'!A:I,3,0) -> BJ PTS | C85: =VLOOKUP($D85,'DU -UCC'!B:C,2,0) -> 67430513 | D85: 10076840100818 | E85: BJ US-IC-PeanutButterCup-8 1PT | F85: 499337 | G85: 23413 | H85: 42383 | I85: 42837 | J85: 43603 | K85: 42823 | L85: 46049 | M85: 46055 | N85: 47569 | O85: 44204 | P85: 29371 | Q85: 32687 | R85: 33197 | AE85: =SUM(F85:AD85) -> 973528 | AF85: =VLOOKUP($C85,'Tech Pallet'!$A:$I,9,0) -> 240 | AG85: =VLOOKUP($C85,'Tech Pallet'!$A:$H,8,0) -> 0.003784 | AH85: =SUM(G85:R85) -> 474191 | AI85: =SUM(S85:AD85) -> 0 | AJ85: =F85/AF85 -> 2080.5708 | AK85: =SUM(G85:R85)/AF85 -> 1975.7958 | AL85: =SUM(S85:AD85)/AF85 -> 0 | AM85: =G85/$AF85 -> 97.554167 | AN85: =H85/$AF85 -> 176.59583 | AO85: =I85/$AF85 -> 178.4875 | AP85: =J85/$AF85 -> 181.67917 | AQ85: =K85/$AF85 -> 178.42917 | AR85: =L85/$AF85 -> 191.87083 | AS85: =M85/$AF85 -> 191.89583 | AT85: =N85/$AF85 -> 198.20417 | ... BJ85: =AD85/$AF85 -> 0 | BK85: =F85*AG85 -> 1889.4912 | BL85: =SUM(G85:R85)*AG85 -> 1794.3387 | BM85: =SUM(S85:AD85)*AG85 -> 0 | BN85: =G85*$AG85 -> 88.594792 | BO85: =H85*$AG85 -> 160.37727 | BP85: =I85*$AG85 -> 162.09521 | BQ85: =J85*$AG85 -> 164.99375 | BR85: =K85*$AG85 -> 162.04223 | BS85: =L85*$AG85 -> 174.24942 | BT85: =M85*$AG85 -> 174.27212 | BU85: =N85*$AG85 -> 180.0011 | ... CK85: =AD85*$AG85 -> 0
A86: =VLOOKUP($C86,'Tech Pallet'!$A:$J,10,0) -> NOV | B86: =VLOOKUP(C86,'Tech Pallet'!A:I,3,0) -> MG Sticks | C86: =VLOOKUP($D86,'DU -UCC'!B:C,2,0) -> 64393722 | D86: 10077567271058 | E86: MG Double Raspberry 8-3PK | F86: 405066 | G86: 30339 | H86: 30871 | I86: 48760 | J86: 43311 | K86: 48772 | L86: 51626 | M86: 54261 | N86: 50391 | O86: 36215 | P86: 47424 | Q86: 37737 | R86: 32950 | AE86: =SUM(F86:AD86) -> 917723 | AF86: =VLOOKUP($C86,'Tech Pallet'!$A:$I,9,0) -> 210 | AG86: =VLOOKUP($C86,'Tech Pallet'!$A:$H,8,0) -> 0.00216 | AH86: =SUM(G86:R86) -> 512657 | AI86: =SUM(S86:AD86) -> 0 | AJ86: =F86/AF86 -> 1928.8857 | AK86: =SUM(G86:R86)/AF86 -> 2441.2238 | AL86: =SUM(S86:AD86)/AF86 -> 0 | AM86: =G86/$AF86 -> 144.47143 | AN86: =H86/$AF86 -> 147.00476 | AO86: =I86/$AF86 -> 232.19048 | AP86: =J86/$AF86 -> 206.24286 | AQ86: =K86/$AF86 -> 232.24762 | AR86: =L86/$AF86 -> 245.8381 | AS86: =M86/$AF86 -> 258.38571 | AT86: =N86/$AF86 -> 239.95714 | ... BJ86: =AD86/$AF86 -> 0 | BK86: =F86*AG86 -> 874.94256 | BL86: =SUM(G86:R86)*AG86 -> 1107.3391 | BM86: =SUM(S86:AD86)*AG86 -> 0 | BN86: =G86*$AG86 -> 65.53224 | BO86: =H86*$AG86 -> 66.68136 | BP86: =I86*$AG86 -> 105.3216 | BQ86: =J86*$AG86 -> 93.55176 | BR86: =K86*$AG86 -> 105.34752 | BS86: =L86*$AG86 -> 111.51216 | BT86: =M86*$AG86 -> 117.20376 | BU86: =N86*$AG86 -> 108.84456 | ... CK86: =AD86*$AG86 -> 0
A87: =VLOOKUP($C87,'Tech Pallet'!$A:$J,10,0) -> NOV | B87: =VLOOKUP(C87,'Tech Pallet'!A:I,3,0) -> MG Sticks | C87: =VLOOKUP($D87,'DU -UCC'!B:C,2,0) -> 69591655 | D87: 10077567721621 | E87: BR Carbsmart Almond Bar 8-6PK | F87: 438715 | G87: 26076 | H87: 32328 | I87: 37375 | J87: 41352 | K87: 45820 | L87: 40144 | M87: 48182 | N87: 31828 | O87: 48268 | P87: 33540 | Q87: 26754 | R87: 27526 | AE87: =SUM(F87:AD87) -> 877908 | AF87: =VLOOKUP($C87,'Tech Pallet'!$A:$I,9,0) -> 143 | AG87: =VLOOKUP($C87,'Tech Pallet'!$A:$H,8,0) -> 0.004256 | AH87: =SUM(G87:R87) -> 439193 | AI87: =SUM(S87:AD87) -> 0 | AJ87: =F87/AF87 -> 3067.9371 | AK87: =SUM(G87:R87)/AF87 -> 3071.2797 | AL87: =SUM(S87:AD87)/AF87 -> 0 | AM87: =G87/$AF87 -> 182.34965 | AN87: =H87/$AF87 -> 226.06993 | AO87: =I87/$AF87 -> 261.36364 | AP87: =J87/$AF87 -> 289.17483 | AQ87: =K87/$AF87 -> 320.41958 | AR87: =L87/$AF87 -> 280.72727 | AS87: =M87/$AF87 -> 336.93706 | AT87: =N87/$AF87 -> 222.57343 | ... BJ87: =AD87/$AF87 -> 0 | BK87: =F87*AG87 -> 1867.171 | BL87: =SUM(G87:R87)*AG87 -> 1869.2054 | BM87: =SUM(S87:AD87)*AG87 -> 0 | BN87: =G87*$AG87 -> 110.97946 | BO87: =H87*$AG87 -> 137.58797 | BP87: =I87*$AG87 -> 159.068 | BQ87: =J87*$AG87 -> 175.99411 | BR87: =K87*$AG87 -> 195.00992 | BS87: =L87*$AG87 -> 170.85286 | BT87: =M87*$AG87 -> 205.06259 | BU87: =N87*$AG87 -> 135.45997 | ... CK87: =AD87*$AG87 -> 0
A88: =VLOOKUP($C88,'Tech Pallet'!$A:$J,10,0) -> PIC | B88: =VLOOKUP(C88,'Tech Pallet'!A:I,3,0) -> Talenti | C88: =VLOOKUP($D88,'DU -UCC'!B:C,2,0) -> 68860659 | D88: 20186852000604 | E88: Talenti Southern Butter Pecan 8 1PT | F88: 458013 | G88: 37530 | H88: 39330 | I88: 48109 | J88: 45125 | K88: 52422 | L88: 52680 | M88: 45450 | N88: 33300 | O88: 39695 | P88: 35895 | Q88: 35610 | R88: 35205 | AE88: =SUM(F88:AD88) -> 958364 | AF88: =VLOOKUP($C88,'Tech Pallet'!$A:$I,9,0) -> 255 | AG88: =VLOOKUP($C88,'Tech Pallet'!$A:$H,8,0) -> 0.003784 | AH88: =SUM(G88:R88) -> 500351 | AI88: =SUM(S88:AD88) -> 0 | AJ88: =F88/AF88 -> 1796.1294 | AK88: =SUM(G88:R88)/AF88 -> 1962.1608 | AL88: =SUM(S88:AD88)/AF88 -> 0 | AM88: =G88/$AF88 -> 147.17647 | AN88: =H88/$AF88 -> 154.23529 | AO88: =I88/$AF88 -> 188.66275 | AP88: =J88/$AF88 -> 176.96078 | AQ88: =K88/$AF88 -> 205.57647 | AR88: =L88/$AF88 -> 206.58824 | AS88: =M88/$AF88 -> 178.23529 | AT88: =N88/$AF88 -> 130.58824 | ... BJ88: =AD88/$AF88 -> 0 | BK88: =F88*AG88 -> 1733.1212 | BL88: =SUM(G88:R88)*AG88 -> 1893.3282 | BM88: =SUM(S88:AD88)*AG88 -> 0 | BN88: =G88*$AG88 -> 142.01352 | BO88: =H88*$AG88 -> 148.82472 | BP88: =I88*$AG88 -> 182.04446 | BQ88: =J88*$AG88 -> 170.753 | BR88: =K88*$AG88 -> 198.36485 | BS88: =L88*$AG88 -> 199.34112 | BT88: =M88*$AG88 -> 171.9828 | BU88: =N88*$AG88 -> 126.0072 | ... CK88: =AD88*$AG88 -> 0
A89: =VLOOKUP($C89,'Tech Pallet'!$A:$J,10,0) -> NOV | B89: =VLOOKUP(C89,'Tech Pallet'!A:I,3,0) -> MBG | C89: =VLOOKUP($D89,'DU -UCC'!B:C,2,0) -> 69983234 | D89: 10041000007672 | E89: GH Creamsicle Bar 100 CAL 8-6PK | F89: 477550 | G89: 28851 | H89: 32195 | I89: 39439 | J89: 53324 | K89: 60597 | L89: 63596 | M89: 68515 | N89: 48040 | O89: 42455 | P89: 28326 | Q89: 23986 | R89: 25296 | AE89: =SUM(F89:AD89) -> 992170 | AF89: =VLOOKUP($C89,'Tech Pallet'!$A:$I,9,0) -> 154 | AG89: =VLOOKUP($C89,'Tech Pallet'!$A:$H,8,0) -> 0.003904 | AH89: =SUM(G89:R89) -> 514620 | AI89: =SUM(S89:AD89) -> 0 | AJ89: =F89/AF89 -> 3100.974 | AK89: =SUM(G89:R89)/AF89 -> 3341.6883 | AL89: =SUM(S89:AD89)/AF89 -> 0 | AM89: =G89/$AF89 -> 187.34416 | AN89: =H89/$AF89 -> 209.05844 | AO89: =I89/$AF89 -> 256.0974 | AP89: =J89/$AF89 -> 346.25974 | AQ89: =K89/$AF89 -> 393.48701 | AR89: =L89/$AF89 -> 412.96104 | AS89: =M89/$AF89 -> 444.9026 | AT89: =N89/$AF89 -> 311.94805 | ... BJ89: =AD89/$AF89 -> 0 | BK89: =F89*AG89 -> 1864.3552 | BL89: =SUM(G89:R89)*AG89 -> 2009.0765 | BM89: =SUM(S89:AD89)*AG89 -> 0 | BN89: =G89*$AG89 -> 112.6343 | BO89: =H89*$AG89 -> 125.68928 | BP89: =I89*$AG89 -> 153.96986 | BQ89: =J89*$AG89 -> 208.1769 | BR89: =K89*$AG89 -> 236.57069 | BS89: =L89*$AG89 -> 248.27878 | BT89: =M89*$AG89 -> 267.48256 | BU89: =N89*$AG89 -> 187.54816 | ... CK89: =AD89*$AG89 -> 0
A90: =VLOOKUP($C90,'Tech Pallet'!$A:$J,10,0) -> NOV | B90: =VLOOKUP(C90,'Tech Pallet'!A:I,3,0) -> Facepieces | C90: =VLOOKUP($D90,'DU -UCC'!B:C,2,0) -> 64365613 | D90: 10077567003840 | E90: PS Spiderman FP | F90: 5975 | G90: 16557 | H90: 24395 | I90: 41711 | J90: 72807 | K90: 81066 | L90: 106057 | M90: 79472 | N90: 42605 | O90: 40403 | P90: 29355 | Q90: 30750 | R90: 36870 | AE90: =SUM(F90:AD90) -> 608023 | AF90: =VLOOKUP($C90,'Tech Pallet'!$A:$I,9,0) -> 195 | AG90: =VLOOKUP($C90,'Tech Pallet'!$A:$H,8,0) -> 0.002154 | AH90: =SUM(G90:R90) -> 602048 | AI90: =SUM(S90:AD90) -> 0 | AJ90: =F90/AF90 -> 30.641026 | AK90: =SUM(G90:R90)/AF90 -> 3087.4256 | AL90: =SUM(S90:AD90)/AF90 -> 0 | AM90: =G90/$AF90 -> 84.907692 | AN90: =H90/$AF90 -> 125.10256 | AO90: =I90/$AF90 -> 213.90256 | AP90: =J90/$AF90 -> 373.36923 | AQ90: =K90/$AF90 -> 415.72308 | AR90: =L90/$AF90 -> 543.88205 | AS90: =M90/$AF90 -> 407.54872 | AT90: =N90/$AF90 -> 218.48718 | ... BJ90: =AD90/$AF90 -> 0 | BK90: =F90*AG90 -> 12.87015 | BL90: =SUM(G90:R90)*AG90 -> 1296.8114 | BM90: =SUM(S90:AD90)*AG90 -> 0 | BN90: =G90*$AG90 -> 35.663778 | BO90: =H90*$AG90 -> 52.54683 | BP90: =I90*$AG90 -> 89.845494 | BQ90: =J90*$AG90 -> 156.82628 | BR90: =K90*$AG90 -> 174.61616 | BS90: =L90*$AG90 -> 228.44678 | BT90: =M90*$AG90 -> 171.18269 | BU90: =N90*$AG90 -> 91.77117 | ... CK90: =AD90*$AG90 -> 0
A91: =VLOOKUP($C91,'Tech Pallet'!$A:$J,10,0) -> NOV | B91: =VLOOKUP(C91,'Tech Pallet'!A:I,3,0) -> MG Sticks | C91: =VLOOKUP($D91,'DU -UCC'!B:C,2,0) -> 64330596 | D91: 10077567193428 | E91: MG Mini Double Caramel RFA 6-6PK | F91: 513979 | G91: 27313 | H91: 32686 | I91: 43782 | J91: 19117 | K91: 50415 | L91: 47740 | M91: 47700 | N91: 43926 | O91: 38192 | P91: 41264 | Q91: 36800 | R91: 32782 | AE91: =SUM(F91:AD91) -> 975696 | AF91: =VLOOKUP($C91,'Tech Pallet'!$A:$I,9,0) -> 176 | AG91: =VLOOKUP($C91,'Tech Pallet'!$A:$H,8,0) -> 0.00198 | AH91: =SUM(G91:R91) -> 461717 | AI91: =SUM(S91:AD91) -> 0 | AJ91: =F91/AF91 -> 2920.3352 | AK91: =SUM(G91:R91)/AF91 -> 2623.392 | AL91: =SUM(S91:AD91)/AF91 -> 0 | AM91: =G91/$AF91 -> 155.1875 | AN91: =H91/$AF91 -> 185.71591 | AO91: =I91/$AF91 -> 248.76136 | AP91: =J91/$AF91 -> 108.61932 | AQ91: =K91/$AF91 -> 286.44886 | AR91: =L91/$AF91 -> 271.25 | AS91: =M91/$AF91 -> 271.02273 | AT91: =N91/$AF91 -> 249.57955 | ... BJ91: =AD91/$AF91 -> 0 | BK91: =F91*AG91 -> 1017.6784 | BL91: =SUM(G91:R91)*AG91 -> 914.19966 | BM91: =SUM(S91:AD91)*AG91 -> 0 | BN91: =G91*$AG91 -> 54.07974 | BO91: =H91*$AG91 -> 64.71828 | BP91: =I91*$AG91 -> 86.68836 | BQ91: =J91*$AG91 -> 37.85166 | BR91: =K91*$AG91 -> 99.8217 | BS91: =L91*$AG91 -> 94.5252 | BT91: =M91*$AG91 -> 94.446 | BU91: =N91*$AG91 -> 86.97348 | ... CK91: =AD91*$AG91 -> 0
... A96: =VLOOKUP($C96,'Tech Pallet'!$A:$J,10,0) -> PIC | B96: =VLOOKUP(C96,'Tech Pallet'!A:I,3,0) -> YS PTS | C96: =VLOOKUP($D96,'DU -UCC'!B:C,2,0) -> 64975613 | D96: 10840473400153 | E96: Yasso Chocolate Chip Cookie Dough 8-14Z | F96: 0 | G96: 0 | H96: 0 | I96: 0 | J96: 0 | K96: 0 | L96: 0 | M96: 0 | N96: 0 | O96: 3600 | P96: 3360 | Q96: 5520 | R96: 21472 | AE96: =SUM(F96:AD96) -> 33952 | AF96: =VLOOKUP($C96,'Tech Pallet'!$A:$I,9,0) -> 240 | AG96: =VLOOKUP($C96,'Tech Pallet'!$A:$H,8,0) -> 0.003312 | AH96: =SUM(G96:R96) -> 33952 | AI96: =SUM(S96:AD96) -> 0 | AJ96: =F96/AF96 -> 0 | AK96: =SUM(G96:R96)/AF96 -> 141.46667 | AL96: =SUM(S96:AD96)/AF96 -> 0 | AM96: =G96/$AF96 -> 0 | AN96: =H96/$AF96 -> 0 | AO96: =I96/$AF96 -> 0 | AP96: =J96/$AF96 -> 0 | AQ96: =K96/$AF96 -> 0 | AR96: =L96/$AF96 -> 0 | AS96: =M96/$AF96 -> 0 | AT96: =N96/$AF96 -> 0 | ... BJ96: =AD96/$AF96 -> 0 | BK96: =F96*AG96 -> 0 | BL96: =SUM(G96:R96)*AG96 -> 112.44902 | BM96: =SUM(S96:AD96)*AG96 -> 0 | BN96: =G96*$AG96 -> 0 | BO96: =H96*$AG96 -> 0 | BP96: =I96*$AG96 -> 0 | BQ96: =J96*$AG96 -> 0 | BR96: =K96*$AG96 -> 0 | BS96: =L96*$AG96 -> 0 | BT96: =M96*$AG96 -> 0 | BU96: =N96*$AG96 -> 0 | ... CK96: =AD96*$AG96 -> 0
A97: =VLOOKUP($C97,'Tech Pallet'!$A:$J,10,0) -> NOV | B97: =VLOOKUP(C97,'Tech Pallet'!A:I,3,0) -> Other | C97: =VLOOKUP($D97,'DU -UCC'!B:C,2,0) -> 65472837 | D97: 10840473400511 | E97: PS Twister Club 1-15pk | G97: 0 | H97: 0 | I97: 0 | J97: 0 | K97: 0 | L97: 0 | M97: 0 | N97: 0 | O97: 0 | P97: 0 | Q97: 0 | R97: 0 | AE97: =SUM(F97:AD97) -> 0 | AF97: =VLOOKUP($C97,'Tech Pallet'!$A:$I,9,0) -> 275 | AG97: =VLOOKUP($C97,'Tech Pallet'!$A:$H,8,0) -> 0.00104 | AH97: =SUM(G97:R97) -> 0 | AI97: =SUM(S97:AD97) -> 0 | AJ97: =F97/AF97 -> 0 | AK97: =SUM(G97:R97)/AF97 -> 0 | AL97: =SUM(S97:AD97)/AF97 -> 0 | AM97: =G97/$AF97 -> 0 | AN97: =H97/$AF97 -> 0 | AO97: =I97/$AF97 -> 0 | AP97: =J97/$AF97 -> 0 | AQ97: =K97/$AF97 -> 0 | AR97: =L97/$AF97 -> 0 | AS97: =M97/$AF97 -> 0 | AT97: =N97/$AF97 -> 0 | ... BJ97: =AD97/$AF97 -> 0 | BK97: =F97*AG97 -> 0 | BL97: =SUM(G97:R97)*AG97 -> 0 | BM97: =SUM(S97:AD97)*AG97 -> 0 | BN97: =G97*$AG97 -> 0 | BO97: =H97*$AG97 -> 0 | BP97: =I97*$AG97 -> 0 | BQ97: =J97*$AG97 -> 0 | BR97: =K97*$AG97 -> 0 | BS97: =L97*$AG97 -> 0 | BT97: =M97*$AG97 -> 0 | BU97: =N97*$AG97 -> 0 | ... CK97: =AD97*$AG97 -> 0
A98: =VLOOKUP($C98,'Tech Pallet'!$A:$J,10,0) -> NOV | B98: =VLOOKUP(C98,'Tech Pallet'!A:I,3,0) -> ESS | C98: =VLOOKUP($D98,'DU -UCC'!B:C,2,0) -> 64328806 | D98: 10075856000846 | E98: KL Reeses SW 6-4PK | F98: 335187 | G98: 16194 | H98: 23777 | I98: 34464 | J98: 36866 | K98: 37079 | L98: 50320 | M98: 21795 | N98: 41867 | O98: 41905 | P98: 37296 | Q98: 21553 | R98: 23343 | AE98: =SUM(F98:AD98) -> 721646 | AF98: =VLOOKUP($C98,'Tech Pallet'!$A:$I,9,0) -> 189 | AG98: =VLOOKUP($C98,'Tech Pallet'!$A:$H,8,0) -> 0.002838 | AH98: =SUM(G98:R98) -> 386459 | AI98: =SUM(S98:AD98) -> 0 | AJ98: =F98/AF98 -> 1773.4762 | AK98: =SUM(G98:R98)/AF98 -> 2044.7566 | AL98: =SUM(S98:AD98)/AF98 -> 0 | AM98: =G98/$AF98 -> 85.68254 | AN98: =H98/$AF98 -> 125.80423 | AO98: =I98/$AF98 -> 182.34921 | AP98: =J98/$AF98 -> 195.0582 | AQ98: =K98/$AF98 -> 196.18519 | AR98: =L98/$AF98 -> 266.24339 | AS98: =M98/$AF98 -> 115.31746 | AT98: =N98/$AF98 -> 221.51852 | ... BJ98: =AD98/$AF98 -> 0 | BK98: =F98*AG98 -> 951.26071 | BL98: =SUM(G98:R98)*AG98 -> 1096.7706 | BM98: =SUM(S98:AD98)*AG98 -> 0 | BN98: =G98*$AG98 -> 45.958572 | BO98: =H98*$AG98 -> 67.479126 | BP98: =I98*$AG98 -> 97.808832 | BQ98: =J98*$AG98 -> 104.62571 | BR98: =K98*$AG98 -> 105.2302 | BS98: =L98*$AG98 -> 142.80816 | BT98: =M98*$AG98 -> 61.85421 | BU98: =N98*$AG98 -> 118.81855 | ... CK98: =AD98*$AG98 -> 0
A99: =VLOOKUP($C99,'Tech Pallet'!$A:$J,10,0) -> PIC | B99: =VLOOKUP(C99,'Tech Pallet'!A:I,3,0) -> YS PTS | C99: =VLOOKUP($D99,'DU -UCC'!B:C,2,0) -> 64999073 | D99: 10840473400375 | E99: Yasso Cookies n Cream 8-14z | F99: 0 | G99: 0 | H99: 0 | I99: 0 | J99: 0 | K99: 0 | L99: 0 | M99: 0 | N99: 0 | O99: 3360 | P99: 3360 | Q99: 4560 | R99: 21541 | AE99: =SUM(F99:AD99) -> 32821 | AF99: =VLOOKUP($C99,'Tech Pallet'!$A:$I,9,0) -> 240 | AG99: =VLOOKUP($C99,'Tech Pallet'!$A:$H,8,0) -> 0.003312 | AH99: =SUM(G99:R99) -> 32821 | AI99: =SUM(S99:AD99) -> 0 | AJ99: =F99/AF99 -> 0 | AK99: =SUM(G99:R99)/AF99 -> 136.75417 | AL99: =SUM(S99:AD99)/AF99 -> 0 | AM99: =G99/$AF99 -> 0 | AN99: =H99/$AF99 -> 0 | AO99: =I99/$AF99 -> 0 | AP99: =J99/$AF99 -> 0 | AQ99: =K99/$AF99 -> 0 | AR99: =L99/$AF99 -> 0 | AS99: =M99/$AF99 -> 0 | AT99: =N99/$AF99 -> 0 | ... BJ99: =AD99/$AF99 -> 0 | BK99: =F99*AG99 -> 0 | BL99: =SUM(G99:R99)*AG99 -> 108.70315 | BM99: =SUM(S99:AD99)*AG99 -> 0 | BN99: =G99*$AG99 -> 0 | BO99: =H99*$AG99 -> 0 | BP99: =I99*$AG99 -> 0 | BQ99: =J99*$AG99 -> 0 | BR99: =K99*$AG99 -> 0 | BS99: =L99*$AG99 -> 0 | BT99: =M99*$AG99 -> 0 | BU99: =N99*$AG99 -> 0 | ... CK99: =AD99*$AG99 -> 0
A100: =VLOOKUP($C100,'Tech Pallet'!$A:$J,10,0) -> NOV | B100: =VLOOKUP(C100,'Tech Pallet'!A:I,3,0) -> Facepieces | C100: =VLOOKUP($D100,'DU -UCC'!B:C,2,0) -> 64956417 | D100: 10077567004427 | E100: PS Hello Kitty Facepiece IH 6-6PK | F100: 0 | G100: 0 | H100: 0 | I100: 0 | J100: 0 | K100: 0 | L100: 0 | M100: 0 | N100: 0 | O100: 0 | P100: 0 | Q100: 0 | R100: 4368 | AE100: =SUM(F100:AD100) -> 4368 | AF100: =VLOOKUP($C100,'Tech Pallet'!$A:$I,9,0) -> 143 | AG100: =VLOOKUP($C100,'Tech Pallet'!$A:$H,8,0) -> 0.00216 | AH100: =SUM(G100:R100) -> 4368 | AI100: =SUM(S100:AD100) -> 0 | AJ100: =F100/AF100 -> 0 | AK100: =SUM(G100:R100)/AF100 -> 30.545455 | AL100: =SUM(S100:AD100)/AF100 -> 0 | AM100: =G100/$AF100 -> 0 | AN100: =H100/$AF100 -> 0 | AO100: =I100/$AF100 -> 0 | AP100: =J100/$AF100 -> 0 | AQ100: =K100/$AF100 -> 0 | AR100: =L100/$AF100 -> 0 | AS100: =M100/$AF100 -> 0 | AT100: =N100/$AF100 -> 0 | ... BJ100: =AD100/$AF100 -> 0 | BK100: =F100*AG100 -> 0 | BL100: =SUM(G100:R100)*AG100 -> 9.43488 | BM100: =SUM(S100:AD100)*AG100 -> 0 | BN100: =G100*$AG100 -> 0 | BO100: =H100*$AG100 -> 0 | BP100: =I100*$AG100 -> 0 | BQ100: =J100*$AG100 -> 0 | BR100: =K100*$AG100 -> 0 | BS100: =L100*$AG100 -> 0 | BT100: =M100*$AG100 -> 0 | BU100: =N100*$AG100 -> 0 | ... CK100: =AD100*$AG100 -> 0
A101: =VLOOKUP($C101,'Tech Pallet'!$A:$J,10,0) -> PIC | B101: =VLOOKUP(C101,'Tech Pallet'!A:I,3,0) -> BJ PTS | C101: =VLOOKUP($D101,'DU -UCC'!B:C,2,0) -> 84161610 | D101: 10076840363954 | E101: BJ US-COR-SaltedCaramelCore-FTNG-8 1PT | F101: 450282 | G101: 27848 | H101: 38546 | I101: 47254 | J101: 40925 | K101: 38248 | L101: 45247 | M101: 38717 | N101: 42018 | O101: 36791 | P101: 32357 | Q101: 31059 | R101: 27645 | AE101: =SUM(F101:AD101) -> 896937 | AF101: =VLOOKUP($C101,'Tech Pallet'!$A:$I,9,0) -> 240 | AG101: =VLOOKUP($C101,'Tech Pallet'!$A:$H,8,0) -> 0.003785344 | AH101: =SUM(G101:R101) -> 446655 | AI101: =SUM(S101:AD101) -> 0 | AJ101: =F101/AF101 -> 1876.175 | AK101: =SUM(G101:R101)/AF101 -> 1861.0625 | AL101: =SUM(S101:AD101)/AF101 -> 0 | AM101: =G101/$AF101 -> 116.03333 | AN101: =H101/$AF101 -> 160.60833 | AO101: =I101/$AF101 -> 196.89167 | AP101: =J101/$AF101 -> 170.52083 | AQ101: =K101/$AF101 -> 159.36667 | AR101: =L101/$AF101 -> 188.52917 | AS101: =M101/$AF101 -> 161.32083 | AT101: =N101/$AF101 -> 175.075 | ... BJ101: =AD101/$AF101 -> 0 | BK101: =F101*AG101 -> 1704.4723 | BL101: =SUM(G101:R101)*AG101 -> 1690.7428 | BM101: =SUM(S101:AD101)*AG101 -> 0 | BN101: =G101*$AG101 -> 105.41426 | BO101: =H101*$AG101 -> 145.90987 | BP101: =I101*$AG101 -> 178.87265 | BQ101: =J101*$AG101 -> 154.9152 | BR101: =K101*$AG101 -> 144.78184 | BS101: =L101*$AG101 -> 171.27546 | BT101: =M101*$AG101 -> 146.55716 | BU101: =N101*$AG101 -> 159.05258 | ... CK101: =AD101*$AG101 -> 0
A102: =VLOOKUP($C102,'Tech Pallet'!$A:$J,10,0) -> PIC | B102: =VLOOKUP(C102,'Tech Pallet'!A:I,3,0) -> 48oz | C102: =VLOOKUP($D102,'DU -UCC'!B:C,2,0) -> 64373718 | D102: 10075856001065 | E102: BR Hershey Smores 6 1.5QT | F102: 55 | G102: 16421 | H102: 26845 | I102: 36113 | J102: 36684 | K102: 61383 | L102: 65602 | M102: 49966 | N102: 50376 | O102: 31152 | P102: 30503 | Q102: 37477 | R102: 28611 | AE102: =SUM(F102:AD102) -> 471188 | AF102: =VLOOKUP($C102,'Tech Pallet'!$A:$I,9,0) -> 176 | AG102: =VLOOKUP($C102,'Tech Pallet'!$A:$H,8,0) -> 0.00852 | AH102: =SUM(G102:R102) -> 471133 | AI102: =SUM(S102:AD102) -> 0 | AJ102: =F102/AF102 -> 0.3125 | AK102: =SUM(G102:R102)/AF102 -> 2676.892 | AL102: =SUM(S102:AD102)/AF102 -> 0 | AM102: =G102/$AF102 -> 93.301136 | AN102: =H102/$AF102 -> 152.52841 | AO102: =I102/$AF102 -> 205.1875 | AP102: =J102/$AF102 -> 208.43182 | AQ102: =K102/$AF102 -> 348.76705 | AR102: =L102/$AF102 -> 372.73864 | AS102: =M102/$AF102 -> 283.89773 | AT102: =N102/$AF102 -> 286.22727 | ... BJ102: =AD102/$AF102 -> 0 | BK102: =F102*AG102 -> 0.4686 | BL102: =SUM(G102:R102)*AG102 -> 4014.0532 | BM102: =SUM(S102:AD102)*AG102 -> 0 | BN102: =G102*$AG102 -> 139.90692 | BO102: =H102*$AG102 -> 228.7194 | BP102: =I102*$AG102 -> 307.68276 | BQ102: =J102*$AG102 -> 312.54768 | BR102: =K102*$AG102 -> 522.98316 | BS102: =L102*$AG102 -> 558.92904 | BT102: =M102*$AG102 -> 425.71032 | BU102: =N102*$AG102 -> 429.20352 | ... CK102: =AD102*$AG102 -> 0
A103: =VLOOKUP($C103,'Tech Pallet'!$A:$J,10,0) -> PIC | B103: =VLOOKUP(C103,'Tech Pallet'!A:I,3,0) -> 48oz | C103: =VLOOKUP($D103,'DU -UCC'!B:C,2,0) -> 68899821 | D103: 10077567254501 | E103: BR COOKIES AND CREAM 6 1.5QT | F103: 391586 | G103: 31240 | H103: 30371 | I103: 31549 | J103: 41507 | K103: 30811 | L103: 44168 | M103: 32527 | N103: 32540 | O103: 20782 | P103: 24552 | Q103: 34474 | R103: 25289 | AE103: =SUM(F103:AD103) -> 771396 | AF103: =VLOOKUP($C103,'Tech Pallet'!$A:$I,9,0) -> 176 | AG103: =VLOOKUP($C103,'Tech Pallet'!$A:$H,8,0) -> 0.00852 | AH103: =SUM(G103:R103) -> 379810 | AI103: =SUM(S103:AD103) -> 0 | AJ103: =F103/AF103 -> 2224.9205 | AK103: =SUM(G103:R103)/AF103 -> 2158.0114 | AL103: =SUM(S103:AD103)/AF103 -> 0 | AM103: =G103/$AF103 -> 177.5 | AN103: =H103/$AF103 -> 172.5625 | AO103: =I103/$AF103 -> 179.25568 | AP103: =J103/$AF103 -> 235.83523 | AQ103: =K103/$AF103 -> 175.0625 | AR103: =L103/$AF103 -> 250.95455 | AS103: =M103/$AF103 -> 184.8125 | AT103: =N103/$AF103 -> 184.88636 | ... BJ103: =AD103/$AF103 -> 0 | BK103: =F103*AG103 -> 3336.3127 | BL103: =SUM(G103:R103)*AG103 -> 3235.9812 | BM103: =SUM(S103:AD103)*AG103 -> 0 | BN103: =G103*$AG103 -> 266.1648 | BO103: =H103*$AG103 -> 258.76092 | BP103: =I103*$AG103 -> 268.79748 | BQ103: =J103*$AG103 -> 353.63964 | BR103: =K103*$AG103 -> 262.50972 | BS103: =L103*$AG103 -> 376.31136 | BT103: =M103*$AG103 -> 277.13004 | BU103: =N103*$AG103 -> 277.2408 | ... CK103: =AD103*$AG103 -> 0
A104: =VLOOKUP($C104,'Tech Pallet'!$A:$J,10,0) -> PIC | B104: =VLOOKUP(C104,'Tech Pallet'!A:I,3,0) -> BJ PTS | C104: =VLOOKUP($D104,'DU -UCC'!B:C,2,0) -> 84135770 | D104: 10076840101181 | E104: BJ US-IC-PistachioPistachio-FTNG-8 1PT | F104: 395455 | G104: 22485 | H104: 35976 | I104: 39334 | J104: 37579 | K104: 38839 | L104: 46565 | M104: 36202 | N104: 43154 | O104: 37975 | P104: 27661 | Q104: 25089 | R104: 31730 | AE104: =SUM(F104:AD104) -> 818044 | AF104: =VLOOKUP($C104,'Tech Pallet'!$A:$I,9,0) -> 240 | AG104: =VLOOKUP($C104,'Tech Pallet'!$A:$H,8,0) -> 0.003785344 | AH104: =SUM(G104:R104) -> 422589 | AI104: =SUM(S104:AD104) -> 0 | AJ104: =F104/AF104 -> 1647.7292 | AK104: =SUM(G104:R104)/AF104 -> 1760.7875 | AL104: =SUM(S104:AD104)/AF104 -> 0 | AM104: =G104/$AF104 -> 93.6875 | AN104: =H104/$AF104 -> 149.9 | AO104: =I104/$AF104 -> 163.89167 | AP104: =J104/$AF104 -> 156.57917 | AQ104: =K104/$AF104 -> 161.82917 | AR104: =L104/$AF104 -> 194.02083 | AS104: =M104/$AF104 -> 150.84167 | AT104: =N104/$AF104 -> 179.80833 | ... BJ104: =AD104/$AF104 -> 0 | BK104: =F104*AG104 -> 1496.9332 | BL104: =SUM(G104:R104)*AG104 -> 1599.6447 | BM104: =SUM(S104:AD104)*AG104 -> 0 | BN104: =G104*$AG104 -> 85.11346 | BO104: =H104*$AG104 -> 136.18154 | BP104: =I104*$AG104 -> 148.89272 | BQ104: =J104*$AG104 -> 142.24944 | BR104: =K104*$AG104 -> 147.01898 | BS104: =L104*$AG104 -> 176.26454 | BT104: =M104*$AG104 -> 137.03702 | BU104: =N104*$AG104 -> 163.35273 | ... CK104: =AD104*$AG104 -> 0
A105: =VLOOKUP($C105,'Tech Pallet'!$A:$J,10,0) -> PIC | B105: =VLOOKUP(C105,'Tech Pallet'!A:I,3,0) -> 48oz | C105: =VLOOKUP($D105,'DU -UCC'!B:C,2,0) -> 64977526 | D105: 10840473400252 | E105: BR Salted Caramel Truffle 6p 1.5QT | F105: 0 | G105: 0 | H105: 0 | I105: 0 | J105: 0 | K105: 0 | L105: 0 | M105: 0 | N105: 0 | O105: 0 | P105: 0 | Q105: 0 | R105: 176 | AE105: =SUM(F105:AD105) -> 176 | AF105: =VLOOKUP($C105,'Tech Pallet'!$A:$I,9,0) -> 176 | AG105: =VLOOKUP($C105,'Tech Pallet'!$A:$H,8,0) -> 0.008514 | AH105: =SUM(G105:R105) -> 176 | AI105: =SUM(S105:AD105) -> 0 | AJ105: =F105/AF105 -> 0 | AK105: =SUM(G105:R105)/AF105 -> 1 | AL105: =SUM(S105:AD105)/AF105 -> 0 | AM105: =G105/$AF105 -> 0 | AN105: =H105/$AF105 -> 0 | AO105: =I105/$AF105 -> 0 | AP105: =J105/$AF105 -> 0 | AQ105: =K105/$AF105 -> 0 | AR105: =L105/$AF105 -> 0 | AS105: =M105/$AF105 -> 0 | AT105: =N105/$AF105 -> 0 | ... BJ105: =AD105/$AF105 -> 0 | BK105: =F105*AG105 -> 0 | BL105: =SUM(G105:R105)*AG105 -> 1.498464 | BM105: =SUM(S105:AD105)*AG105 -> 0 | BN105: =G105*$AG105 -> 0 | BO105: =H105*$AG105 -> 0 | BP105: =I105*$AG105 -> 0 | BQ105: =J105*$AG105 -> 0 | BR105: =K105*$AG105 -> 0 | BS105: =L105*$AG105 -> 0 | BT105: =M105*$AG105 -> 0 | BU105: =N105*$AG105 -> 0 | ... CK105: =AD105*$AG105 -> 0
A106: =VLOOKUP($C106,'Tech Pallet'!$A:$J,10,0) -> PIC | B106: =VLOOKUP(C106,'Tech Pallet'!A:I,3,0) -> YS PTS | C106: =VLOOKUP($D106,'DU -UCC'!B:C,2,0) -> 64975616 | D106: 10840473400191 | E106: Yasso Mint Chocolate Chip 8-14Z | F106: 0 | G106: 0 | H106: 0 | I106: 0 | J106: 0 | K106: 0 | L106: 0 | M106: 0 | N106: 0 | O106: 3960 | P106: 2505 | Q106: 3015 | R106: 22138 | AE106: =SUM(F106:AD106) -> 31618 | AF106: =VLOOKUP($C106,'Tech Pallet'!$A:$I,9,0) -> 240 | AG106: =VLOOKUP($C106,'Tech Pallet'!$A:$H,8,0) -> 0.003312 | AH106: =SUM(G106:R106) -> 31618 | AI106: =SUM(S106:AD106) -> 0 | AJ106: =F106/AF106 -> 0 | AK106: =SUM(G106:R106)/AF106 -> 131.74167 | AL106: =SUM(S106:AD106)/AF106 -> 0 | AM106: =G106/$AF106 -> 0 | AN106: =H106/$AF106 -> 0 | AO106: =I106/$AF106 -> 0 | AP106: =J106/$AF106 -> 0 | AQ106: =K106/$AF106 -> 0 | AR106: =L106/$AF106 -> 0 | AS106: =M106/$AF106 -> 0 | AT106: =N106/$AF106 -> 0 | ... BJ106: =AD106/$AF106 -> 0 | BK106: =F106*AG106 -> 0 | BL106: =SUM(G106:R106)*AG106 -> 104.71882 | BM106: =SUM(S106:AD106)*AG106 -> 0 | BN106: =G106*$AG106 -> 0 | BO106: =H106*$AG106 -> 0 | BP106: =I106*$AG106 -> 0 | BQ106: =J106*$AG106 -> 0 | BR106: =K106*$AG106 -> 0 | BS106: =L106*$AG106 -> 0 | BT106: =M106*$AG106 -> 0 | BU106: =N106*$AG106 -> 0 | ... CK106: =AD106*$AG106 -> 0
A107: =VLOOKUP($C107,'Tech Pallet'!$A:$J,10,0) -> PIC | B107: =VLOOKUP(C107,'Tech Pallet'!A:I,3,0) -> 48oz | C107: =VLOOKUP($D107,'DU -UCC'!B:C,2,0) -> 68930545 | D107: 10077567003277 | E107: BR CS VAN CHOC Straw 6 1.5QT | F107: 433769 | G107: 26169 | H107: 29920 | I107: 33704 | J107: 41151 | K107: 34430 | L107: 45432 | M107: 41261 | N107: 35068 | O107: 29944 | P107: 27599 | Q107: 29369 | R107: 26216 | AE107: =SUM(F107:AD107) -> 834032 | AF107: =VLOOKUP($C107,'Tech Pallet'!$A:$I,9,0) -> 176 | AG107: =VLOOKUP($C107,'Tech Pallet'!$A:$H,8,0) -> 0.00852 | AH107: =SUM(G107:R107) -> 400263 | AI107: =SUM(S107:AD107) -> 0 | AJ107: =F107/AF107 -> 2464.5966 | AK107: =SUM(G107:R107)/AF107 -> 2274.2216 | AL107: =SUM(S107:AD107)/AF107 -> 0 | AM107: =G107/$AF107 -> 148.6875 | AN107: =H107/$AF107 -> 170 | AO107: =I107/$AF107 -> 191.5 | AP107: =J107/$AF107 -> 233.8125 | AQ107: =K107/$AF107 -> 195.625 | AR107: =L107/$AF107 -> 258.13636 | AS107: =M107/$AF107 -> 234.4375 | AT107: =N107/$AF107 -> 199.25 | ... BJ107: =AD107/$AF107 -> 0 | BK107: =F107*AG107 -> 3695.7119 | BL107: =SUM(G107:R107)*AG107 -> 3410.2408 | BM107: =SUM(S107:AD107)*AG107 -> 0 | BN107: =G107*$AG107 -> 222.95988 | BO107: =H107*$AG107 -> 254.9184 | BP107: =I107*$AG107 -> 287.15808 | BQ107: =J107*$AG107 -> 350.60652 | BR107: =K107*$AG107 -> 293.3436 | BS107: =L107*$AG107 -> 387.08064 | BT107: =M107*$AG107 -> 351.54372 | BU107: =N107*$AG107 -> 298.77936 | ... CK107: =AD107*$AG107 -> 0
A108: =VLOOKUP($C108,'Tech Pallet'!$A:$J,10,0) -> PIC | B108: =VLOOKUP(C108,'Tech Pallet'!A:I,3,0) -> 48oz | C108: =VLOOKUP($D108,'DU -UCC'!B:C,2,0) -> 68821728 | D108: 10077567254433 | E108: BR ROCKY ROAD 6 1.5QT | F108: 386485 | G108: 26323 | H108: 25901 | I108: 31565 | J108: 40315 | K108: 33528 | L108: 38214 | M108: 34639 | N108: 32155 | O108: 22781 | P108: 21054 | Q108: 28688 | R108: 28578 | AE108: =SUM(F108:AD108) -> 750226 | AF108: =VLOOKUP($C108,'Tech Pallet'!$A:$I,9,0) -> 176 | AG108: =VLOOKUP($C108,'Tech Pallet'!$A:$H,8,0) -> 0.00852 | AH108: =SUM(G108:R108) -> 363741 | AI108: =SUM(S108:AD108) -> 0 | AJ108: =F108/AF108 -> 2195.9375 | AK108: =SUM(G108:R108)/AF108 -> 2066.7102 | AL108: =SUM(S108:AD108)/AF108 -> 0 | AM108: =G108/$AF108 -> 149.5625 | AN108: =H108/$AF108 -> 147.16477 | AO108: =I108/$AF108 -> 179.34659 | AP108: =J108/$AF108 -> 229.0625 | AQ108: =K108/$AF108 -> 190.5 | AR108: =L108/$AF108 -> 217.125 | AS108: =M108/$AF108 -> 196.8125 | AT108: =N108/$AF108 -> 182.69886 | ... BJ108: =AD108/$AF108 -> 0 | BK108: =F108*AG108 -> 3292.8522 | BL108: =SUM(G108:R108)*AG108 -> 3099.0733 | BM108: =SUM(S108:AD108)*AG108 -> 0 | BN108: =G108*$AG108 -> 224.27196 | BO108: =H108*$AG108 -> 220.67652 | BP108: =I108*$AG108 -> 268.9338 | BQ108: =J108*$AG108 -> 343.4838 | BR108: =K108*$AG108 -> 285.65856 | BS108: =L108*$AG108 -> 325.58328 | BT108: =M108*$AG108 -> 295.12428 | BU108: =N108*$AG108 -> 273.9606 | ... CK108: =AD108*$AG108 -> 0
A109: =VLOOKUP($C109,'Tech Pallet'!$A:$J,10,0) -> NOV | B109: =VLOOKUP(C109,'Tech Pallet'!A:I,3,0) -> EDF | C109: =VLOOKUP($D109,'DU -UCC'!B:C,2,0) -> 68746232 | D109: 10075856139010 | E109: KL MINT CHOC CHIP 12-6PK | F109: 348059 | G109: 18516 | H109: 21588 | I109: 33084 | J109: 25056 | K109: 38172 | L109: 45228 | M109: 33399 | N109: 30755 | O109: 24768 | P109: 23376 | Q109: 18972 | R109: 19610 | AE109: =SUM(F109:AD109) -> 680583 | AF109: =VLOOKUP($C109,'Tech Pallet'!$A:$I,9,0) -> 132 | AG109: =VLOOKUP($C109,'Tech Pallet'!$A:$H,8,0) -> 0.00852 | AH109: =SUM(G109:R109) -> 332524 | AI109: =SUM(S109:AD109) -> 0 | AJ109: =F109/AF109 -> 2636.8106 | AK109: =SUM(G109:R109)/AF109 -> 2519.1212 | AL109: =SUM(S109:AD109)/AF109 -> 0 | AM109: =G109/$AF109 -> 140.27273 | AN109: =H109/$AF109 -> 163.54545 | AO109: =I109/$AF109 -> 250.63636 | AP109: =J109/$AF109 -> 189.81818 | AQ109: =K109/$AF109 -> 289.18182 | AR109: =L109/$AF109 -> 342.63636 | AS109: =M109/$AF109 -> 253.02273 | AT109: =N109/$AF109 -> 232.99242 | ... BJ109: =AD109/$AF109 -> 0 | BK109: =F109*AG109 -> 2965.4627 | BL109: =SUM(G109:R109)*AG109 -> 2833.1045 | BM109: =SUM(S109:AD109)*AG109 -> 0 | BN109: =G109*$AG109 -> 157.75632 | BO109: =H109*$AG109 -> 183.92976 | BP109: =I109*$AG109 -> 281.87568 | BQ109: =J109*$AG109 -> 213.47712 | BR109: =K109*$AG109 -> 325.22544 | BS109: =L109*$AG109 -> 385.34256 | BT109: =M109*$AG109 -> 284.55948 | BU109: =N109*$AG109 -> 262.0326 | ... CK109: =AD109*$AG109 -> 0
... A208: =VLOOKUP($C208,'Tech Pallet'!$A:$J,10,0) -> PIC | B208: =VLOOKUP(C208,'Tech Pallet'!A:I,3,0) -> Sundaes | C208: =VLOOKUP($D208,'DU -UCC'!B:C,2,0) -> 64394585 | D208: 10076840004307 | E208: BJ US-SUN-DulceDelish-8 427ML | F208: 150 | G208: 9984 | H208: 8441 | I208: 19816 | J208: 14141 | K208: 16139 | L208: 15191 | M208: 11887 | N208: 12726 | O208: 15652 | P208: 9999 | Q208: 7344 | R208: 7671 | AE208: =SUM(F208:AD208) -> 149141 | AF208: =VLOOKUP($C208,'Tech Pallet'!$A:$I,9,0) -> 240 | AG208: =VLOOKUP($C208,'Tech Pallet'!$A:$H,8,0) -> 0.003416 | AH208: =SUM(G208:R208) -> 148991 | AI208: =SUM(S208:AD208) -> 0 | AJ208: =F208/AF208 -> 0.625 | AK208: =SUM(G208:R208)/AF208 -> 620.79583 | AL208: =SUM(S208:AD208)/AF208 -> 0 | AM208: =G208/$AF208 -> 41.6 | AN208: =H208/$AF208 -> 35.170833 | AO208: =I208/$AF208 -> 82.566667 | AP208: =J208/$AF208 -> 58.920833 | AQ208: =K208/$AF208 -> 67.245833 | AR208: =L208/$AF208 -> 63.295833 | AS208: =M208/$AF208 -> 49.529167 | AT208: =N208/$AF208 -> 53.025 | ... BJ208: =AD208/$AF208 -> 0 | BK208: =F208*AG208 -> 0.5124 | BL208: =SUM(G208:R208)*AG208 -> 508.95326 | BM208: =SUM(S208:AD208)*AG208 -> 0 | BN208: =G208*$AG208 -> 34.105344 | BO208: =H208*$AG208 -> 28.834456 | BP208: =I208*$AG208 -> 67.691456 | BQ208: =J208*$AG208 -> 48.305656 | BR208: =K208*$AG208 -> 55.130824 | BS208: =L208*$AG208 -> 51.892456 | BT208: =M208*$AG208 -> 40.605992 | BU208: =N208*$AG208 -> 43.472016 | ... CK208: =AD208*$AG208 -> 0
A209: =VLOOKUP($C209,'Tech Pallet'!$A:$J,10,0) -> NOV | B209: =VLOOKUP(C209,'Tech Pallet'!A:I,3,0) -> PG | C209: =VLOOKUP($D209,'DU -UCC'!B:C,2,0) -> 65490430 | D209: 10840473400559 | E209: PS SF OCG 1-32PK | G209: 0 | H209: 0 | I209: 0 | J209: 0 | K209: 0 | L209: 0 | M209: 0 | N209: 0 | O209: 0 | P209: 0 | Q209: 0 | R209: 0 | AE209: =SUM(F209:AD209) -> 0 | AF209: =VLOOKUP($C209,'Tech Pallet'!$A:$I,9,0) -> 200 | AG209: =VLOOKUP($C209,'Tech Pallet'!$A:$H,8,0) -> 0.0015608889 | AH209: =SUM(G209:R209) -> 0 | AI209: =SUM(S209:AD209) -> 0 | AJ209: =F209/AF209 -> 0 | AK209: =SUM(G209:R209)/AF209 -> 0 | AL209: =SUM(S209:AD209)/AF209 -> 0 | AM209: =G209/$AF209 -> 0 | AN209: =H209/$AF209 -> 0 | AO209: =I209/$AF209 -> 0 | AP209: =J209/$AF209 -> 0 | AQ209: =K209/$AF209 -> 0 | AR209: =L209/$AF209 -> 0 | AS209: =M209/$AF209 -> 0 | AT209: =N209/$AF209 -> 0 | ... BJ209: =AD209/$AF209 -> 0 | BK209: =F209*AG209 -> 0 | BL209: =SUM(G209:R209)*AG209 -> 0 | BM209: =SUM(S209:AD209)*AG209 -> 0 | BN209: =G209*$AG209 -> 0 | BO209: =H209*$AG209 -> 0 | BP209: =I209*$AG209 -> 0 | BQ209: =J209*$AG209 -> 0 | BR209: =K209*$AG209 -> 0 | BS209: =L209*$AG209 -> 0 | BT209: =M209*$AG209 -> 0 | BU209: =N209*$AG209 -> 0 | ... CK209: =AD209*$AG209 -> 0
A210: =VLOOKUP($C210,'Tech Pallet'!$A:$J,10,0) -> NOV | B210: =VLOOKUP(C210,'Tech Pallet'!A:I,3,0) -> EFW | C210: =VLOOKUP($D210,'DU -UCC'!B:C,2,0) -> 69549032 | D210: 10041000245722 | E210: GH Reeses IC Cup 1-24PK OOH | F210: 179487 | G210: 7311 | H210: 8112 | I210: 15345 | J210: 15956 | K210: 22412 | L210: 28183 | M210: 17528 | N210: 18174 | O210: 15779 | P210: 8892 | Q210: 7107 | R210: 5898 | AE210: =SUM(F210:AD210) -> 350184 | AF210: =VLOOKUP($C210,'Tech Pallet'!$A:$I,9,0) -> 322 | AG210: =VLOOKUP($C210,'Tech Pallet'!$A:$H,8,0) -> 0.002328 | AH210: =SUM(G210:R210) -> 170697 | AI210: =SUM(S210:AD210) -> 0 | AJ210: =F210/AF210 -> 557.41304 | AK210: =SUM(G210:R210)/AF210 -> 530.11491 | AL210: =SUM(S210:AD210)/AF210 -> 0 | AM210: =G210/$AF210 -> 22.704969 | AN210: =H210/$AF210 -> 25.192547 | AO210: =I210/$AF210 -> 47.65528 | AP210: =J210/$AF210 -> 49.552795 | AQ210: =K210/$AF210 -> 69.602484 | AR210: =L210/$AF210 -> 87.524845 | AS210: =M210/$AF210 -> 54.434783 | AT210: =N210/$AF210 -> 56.440994 | ... BJ210: =AD210/$AF210 -> 0 | BK210: =F210*AG210 -> 417.84574 | BL210: =SUM(G210:R210)*AG210 -> 397.38262 | BM210: =SUM(S210:AD210)*AG210 -> 0 | BN210: =G210*$AG210 -> 17.020008 | BO210: =H210*$AG210 -> 18.884736 | BP210: =I210*$AG210 -> 35.72316 | BQ210: =J210*$AG210 -> 37.145568 | BR210: =K210*$AG210 -> 52.175136 | BS210: =L210*$AG210 -> 65.610024 | BT210: =M210*$AG210 -> 40.805184 | BU210: =N210*$AG210 -> 42.309072 | ... CK210: =AD210*$AG210 -> 0
A211: =VLOOKUP($C211,'Tech Pallet'!$A:$J,10,0) -> PIC | B211: =VLOOKUP(C211,'Tech Pallet'!A:I,3,0) -> BJ PTS | C211: =VLOOKUP($D211,'DU -UCC'!B:C,2,0) -> 69999266 | D211: 10076840003935 | E211: BJ US -IC-LightsCaramelAction-8 1PT | F211: 194379 | G211: 12268 | H211: 15690 | I211: 17073 | J211: 15622 | K211: 13658 | L211: 17929 | M211: 17797 | N211: 13578 | O211: 9846 | P211: 10807 | Q211: 10345 | R211: 8595 | AE211: =SUM(F211:AD211) -> 357587 | AF211: =VLOOKUP($C211,'Tech Pallet'!$A:$I,9,0) -> 240 | AG211: =VLOOKUP($C211,'Tech Pallet'!$A:$H,8,0) -> 0.003784 | AH211: =SUM(G211:R211) -> 163208 | AI211: =SUM(S211:AD211) -> 0 | AJ211: =F211/AF211 -> 809.9125 | AK211: =SUM(G211:R211)/AF211 -> 680.03333 | AL211: =SUM(S211:AD211)/AF211 -> 0 | AM211: =G211/$AF211 -> 51.116667 | AN211: =H211/$AF211 -> 65.375 | AO211: =I211/$AF211 -> 71.1375 | AP211: =J211/$AF211 -> 65.091667 | AQ211: =K211/$AF211 -> 56.908333 | AR211: =L211/$AF211 -> 74.704167 | AS211: =M211/$AF211 -> 74.154167 | AT211: =N211/$AF211 -> 56.575 | ... BJ211: =AD211/$AF211 -> 0 | BK211: =F211*AG211 -> 735.53014 | BL211: =SUM(G211:R211)*AG211 -> 617.57907 | BM211: =SUM(S211:AD211)*AG211 -> 0 | BN211: =G211*$AG211 -> 46.422112 | BO211: =H211*$AG211 -> 59.37096 | BP211: =I211*$AG211 -> 64.604232 | BQ211: =J211*$AG211 -> 59.113648 | BR211: =K211*$AG211 -> 51.681872 | BS211: =L211*$AG211 -> 67.843336 | BT211: =M211*$AG211 -> 67.343848 | BU211: =N211*$AG211 -> 51.379152 | ... CK211: =AD211*$AG211 -> 0
A212: =VLOOKUP($C212,'Tech Pallet'!$A:$J,10,0) -> NOV | B212: =VLOOKUP(C212,'Tech Pallet'!A:I,3,0) -> MBG | C212: =VLOOKUP($D212,'DU -UCC'!B:C,2,0) -> 69551489 | D212: 10041000004268 | E212: GH Reese Bar 8-6PK | F212: 244312 | G212: 13426 | H212: 14550 | I212: 19344 | J212: 19922 | K212: 17672 | L212: 26411 | M212: 20230 | N212: 19138 | O212: 17763 | P212: 15687 | Q212: 10794 | R212: 10276 | AE212: =SUM(F212:AD212) -> 449525 | AF212: =VLOOKUP($C212,'Tech Pallet'!$A:$I,9,0) -> 154 | AG212: =VLOOKUP($C212,'Tech Pallet'!$A:$H,8,0) -> 0.003896 | AH212: =SUM(G212:R212) -> 205213 | AI212: =SUM(S212:AD212) -> 0 | AJ212: =F212/AF212 -> 1586.4416 | AK212: =SUM(G212:R212)/AF212 -> 1332.5519 | AL212: =SUM(S212:AD212)/AF212 -> 0 | AM212: =G212/$AF212 -> 87.181818 | AN212: =H212/$AF212 -> 94.480519 | AO212: =I212/$AF212 -> 125.61039 | AP212: =J212/$AF212 -> 129.36364 | AQ212: =K212/$AF212 -> 114.75325 | AR212: =L212/$AF212 -> 171.5 | AS212: =M212/$AF212 -> 131.36364 | AT212: =N212/$AF212 -> 124.27273 | ... BJ212: =AD212/$AF212 -> 0 | BK212: =F212*AG212 -> 951.83955 | BL212: =SUM(G212:R212)*AG212 -> 799.50985 | BM212: =SUM(S212:AD212)*AG212 -> 0 | BN212: =G212*$AG212 -> 52.307696 | BO212: =H212*$AG212 -> 56.6868 | BP212: =I212*$AG212 -> 75.364224 | BQ212: =J212*$AG212 -> 77.616112 | BR212: =K212*$AG212 -> 68.850112 | BS212: =L212*$AG212 -> 102.89726 | BT212: =M212*$AG212 -> 78.81608 | BU212: =N212*$AG212 -> 74.561648 | ... CK212: =AD212*$AG212 -> 0
A213: =VLOOKUP($C213,'Tech Pallet'!$A:$J,10,0) -> NOV | B213: =VLOOKUP(C213,'Tech Pallet'!A:I,3,0) -> BR Minicups | C213: =VLOOKUP($D213,'DU -UCC'!B:C,2,0) -> 64989108 | D213: 10077567603002 | E213: BR NATURAL VANILLA 6 10CT 3z | F213: 274566 | G213: 15480 | H213: 15368 | I213: 12449 | J213: 17120 | K213: 17352 | L213: 18660 | M213: 15577 | N213: 14594 | O213: 4665 | P213: 4740 | Q213: 14235 | R213: 13665 | AE213: =SUM(F213:AD213) -> 438471 | AF213: =VLOOKUP($C213,'Tech Pallet'!$A:$I,9,0) -> 120 | AG213: =VLOOKUP($C213,'Tech Pallet'!$A:$H,8,0) -> 0.005322 | AH213: =SUM(G213:R213) -> 163905 | AI213: =SUM(S213:AD213) -> 0 | AJ213: =F213/AF213 -> 2288.05 | AK213: =SUM(G213:R213)/AF213 -> 1365.875 | AL213: =SUM(S213:AD213)/AF213 -> 0 | AM213: =G213/$AF213 -> 129 | AN213: =H213/$AF213 -> 128.06667 | AO213: =I213/$AF213 -> 103.74167 | AP213: =J213/$AF213 -> 142.66667 | AQ213: =K213/$AF213 -> 144.6 | AR213: =L213/$AF213 -> 155.5 | AS213: =M213/$AF213 -> 129.80833 | AT213: =N213/$AF213 -> 121.61667 | ... BJ213: =AD213/$AF213 -> 0 | BK213: =F213*AG213 -> 1461.2403 | BL213: =SUM(G213:R213)*AG213 -> 872.30241 | BM213: =SUM(S213:AD213)*AG213 -> 0 | BN213: =G213*$AG213 -> 82.38456 | BO213: =H213*$AG213 -> 81.788496 | BP213: =I213*$AG213 -> 66.253578 | BQ213: =J213*$AG213 -> 91.11264 | BR213: =K213*$AG213 -> 92.347344 | BS213: =L213*$AG213 -> 99.30852 | BT213: =M213*$AG213 -> 82.900794 | BU213: =N213*$AG213 -> 77.669268 | ... CK213: =AD213*$AG213 -> 0
A214: =VLOOKUP($C214,'Tech Pallet'!$A:$J,10,0) -> PIC | B214: =VLOOKUP(C214,'Tech Pallet'!A:I,3,0) -> TALENTI | C214: =VLOOKUP($D214,'DU -UCC'!B:C,2,0) -> 68729634 | D214: 10186852001123 | E214: Talenti LY Mint Fudge Cookie 8 311.8g | F214: 203851 | G214: 13071 | H214: 13874 | I214: 12879 | J214: 11255 | K214: 11435 | L214: 16065 | M214: 13725 | N214: 11070 | O214: 9795 | P214: 10470 | Q214: 9810 | R214: 8115 | AE214: =SUM(F214:AD214) -> 345415 | AF214: =VLOOKUP($C214,'Tech Pallet'!$A:$I,9,0) -> 255 | AG214: =VLOOKUP($C214,'Tech Pallet'!$A:$H,8,0) -> 0.003552 | AH214: =SUM(G214:R214) -> 141564 | AI214: =SUM(S214:AD214) -> 0 | AJ214: =F214/AF214 -> 799.41569 | AK214: =SUM(G214:R214)/AF214 -> 555.15294 | AL214: =SUM(S214:AD214)/AF214 -> 0 | AM214: =G214/$AF214 -> 51.258824 | AN214: =H214/$AF214 -> 54.407843 | AO214: =I214/$AF214 -> 50.505882 | AP214: =J214/$AF214 -> 44.137255 | AQ214: =K214/$AF214 -> 44.843137 | AR214: =L214/$AF214 -> 63 | AS214: =M214/$AF214 -> 53.823529 | AT214: =N214/$AF214 -> 43.411765 | ... BJ214: =AD214/$AF214 -> 0 | BK214: =F214*AG214 -> 724.07875 | BL214: =SUM(G214:R214)*AG214 -> 502.83533 | BM214: =SUM(S214:AD214)*AG214 -> 0 | BN214: =G214*$AG214 -> 46.428192 | BO214: =H214*$AG214 -> 49.280448 | BP214: =I214*$AG214 -> 45.746208 | BQ214: =J214*$AG214 -> 39.97776 | BR214: =K214*$AG214 -> 40.61712 | BS214: =L214*$AG214 -> 57.06288 | BT214: =M214*$AG214 -> 48.7512 | BU214: =N214*$AG214 -> 39.32064 | ... CK214: =AD214*$AG214 -> 0
A215: =VLOOKUP($C215,'Tech Pallet'!$A:$J,10,0) -> PIC | B215: =VLOOKUP(C215,'Tech Pallet'!A:I,3,0) -> Topped | C215: =VLOOKUP($D215,'DU -UCC'!B:C,2,0) -> 68354590 | D215: 10076840003072 | E215: BJ US-TOP-THICKMINT-8 450ml | F215: 191599 | G215: 9795 | H215: 13882 | I215: 16269 | J215: 12949 | K215: 12565 | L215: 17395 | M215: 12512 | N215: 14249 | O215: 11600 | P215: 9128 | Q215: 9327 | R215: 8618 | AE215: =SUM(F215:AD215) -> 339888 | AF215: =VLOOKUP($C215,'Tech Pallet'!$A:$I,9,0) -> 240 | AG215: =VLOOKUP($C215,'Tech Pallet'!$A:$H,8,0) -> 0.0036 | AH215: =SUM(G215:R215) -> 148289 | AI215: =SUM(S215:AD215) -> 0 | AJ215: =F215/AF215 -> 798.32917 | AK215: =SUM(G215:R215)/AF215 -> 617.87083 | AL215: =SUM(S215:AD215)/AF215 -> 0 | AM215: =G215/$AF215 -> 40.8125 | AN215: =H215/$AF215 -> 57.841667 | AO215: =I215/$AF215 -> 67.7875 | AP215: =J215/$AF215 -> 53.954167 | AQ215: =K215/$AF215 -> 52.354167 | AR215: =L215/$AF215 -> 72.479167 | AS215: =M215/$AF215 -> 52.133333 | AT215: =N215/$AF215 -> 59.370833 | ... BJ215: =AD215/$AF215 -> 0 | BK215: =F215*AG215 -> 689.7564 | BL215: =SUM(G215:R215)*AG215 -> 533.8404 | BM215: =SUM(S215:AD215)*AG215 -> 0 | BN215: =G215*$AG215 -> 35.262 | BO215: =H215*$AG215 -> 49.9752 | BP215: =I215*$AG215 -> 58.5684 | BQ215: =J215*$AG215 -> 46.6164 | BR215: =K215*$AG215 -> 45.234 | BS215: =L215*$AG215 -> 62.622 | BT215: =M215*$AG215 -> 45.0432 | BU215: =N215*$AG215 -> 51.2964 | ... CK215: =AD215*$AG215 -> 0
A216: =VLOOKUP($C216,'Tech Pallet'!$A:$J,10,0) -> NOV | B216: =VLOOKUP(C216,'Tech Pallet'!A:I,3,0) -> Other | C216: =VLOOKUP($D216,'DU -UCC'!B:C,2,0) -> 64978550 | D216: 10840473400290 | E216: GH Almond Joy Candy Bar 8-6PK | F216: 0 | G216: 0 | H216: 0 | I216: 0 | J216: 0 | K216: 0 | L216: 0 | M216: 0 | N216: 0 | O216: 0 | P216: 0 | Q216: 0 | R216: 364 | AE216: =SUM(F216:AD216) -> 364 | AF216: =VLOOKUP($C216,'Tech Pallet'!$A:$I,9,0) -> 130 | AG216: =VLOOKUP($C216,'Tech Pallet'!$A:$H,8,0) -> 0.00284 | AH216: =SUM(G216:R216) -> 364 | AI216: =SUM(S216:AD216) -> 0 | AJ216: =F216/AF216 -> 0 | AK216: =SUM(G216:R216)/AF216 -> 2.8 | AL216: =SUM(S216:AD216)/AF216 -> 0 | AM216: =G216/$AF216 -> 0 | AN216: =H216/$AF216 -> 0 | AO216: =I216/$AF216 -> 0 | AP216: =J216/$AF216 -> 0 | AQ216: =K216/$AF216 -> 0 | AR216: =L216/$AF216 -> 0 | AS216: =M216/$AF216 -> 0 | AT216: =N216/$AF216 -> 0 | ... BJ216: =AD216/$AF216 -> 0 | BK216: =F216*AG216 -> 0 | BL216: =SUM(G216:R216)*AG216 -> 1.03376 | BM216: =SUM(S216:AD216)*AG216 -> 0 | BN216: =G216*$AG216 -> 0 | BO216: =H216*$AG216 -> 0 | BP216: =I216*$AG216 -> 0 | BQ216: =J216*$AG216 -> 0 | BR216: =K216*$AG216 -> 0 | BS216: =L216*$AG216 -> 0 | BT216: =M216*$AG216 -> 0 | BU216: =N216*$AG216 -> 0 | ... CK216: =AD216*$AG216 -> 0
A217: =VLOOKUP($C217,'Tech Pallet'!$A:$J,10,0) -> NOV | B217: =VLOOKUP(C217,'Tech Pallet'!A:I,3,0) -> MG Sticks | C217: =VLOOKUP($D217,'DU -UCC'!B:C,2,0) -> 69989759 | D217: 10077567193404 | E217: MG Mini Almond RFA 6-6PK | F217: 156669 | G217: 8553 | H217: 12056 | I217: 17744 | J217: 12016 | K217: 12240 | L217: 14463 | M217: 14990 | N217: 15066 | O217: 11061 | P217: 12288 | Q217: 8550 | R217: 8126 | AE217: =SUM(F217:AD217) -> 303822 | AF217: =VLOOKUP($C217,'Tech Pallet'!$A:$I,9,0) -> 176 | AG217: =VLOOKUP($C217,'Tech Pallet'!$A:$H,8,0) -> 0.00198 | AH217: =SUM(G217:R217) -> 147153 | AI217: =SUM(S217:AD217) -> 0 | AJ217: =F217/AF217 -> 890.16477 | AK217: =SUM(G217:R217)/AF217 -> 836.09659 | AL217: =SUM(S217:AD217)/AF217 -> 0 | AM217: =G217/$AF217 -> 48.596591 | AN217: =H217/$AF217 -> 68.5 | AO217: =I217/$AF217 -> 100.81818 | AP217: =J217/$AF217 -> 68.272727 | AQ217: =K217/$AF217 -> 69.545455 | AR217: =L217/$AF217 -> 82.176136 | AS217: =M217/$AF217 -> 85.170455 | AT217: =N217/$AF217 -> 85.602273 | ... BJ217: =AD217/$AF217 -> 0 | BK217: =F217*AG217 -> 310.20462 | BL217: =SUM(G217:R217)*AG217 -> 291.36294 | BM217: =SUM(S217:AD217)*AG217 -> 0 | BN217: =G217*$AG217 -> 16.93494 | BO217: =H217*$AG217 -> 23.87088 | BP217: =I217*$AG217 -> 35.13312 | BQ217: =J217*$AG217 -> 23.79168 | BR217: =K217*$AG217 -> 24.2352 | BS217: =L217*$AG217 -> 28.63674 | BT217: =M217*$AG217 -> 29.6802 | BU217: =N217*$AG217 -> 29.83068 | ... CK217: =AD217*$AG217 -> 0
A218: =VLOOKUP($C218,'Tech Pallet'!$A:$J,10,0) -> NOV | B218: =VLOOKUP(C218,'Tech Pallet'!A:I,3,0) -> KL Mini Cones | C218: =VLOOKUP($D218,'DU -UCC'!B:C,2,0) -> 68842352 | D218: 10075856000693 | E218: KL Cones Classic Vanilla 6-4CT | F218: 115189 | G218: 5338 | H218: 7246 | I218: 10586 | J218: 12746 | K218: 12874 | L218: 13822 | M218: 14405 | N218: 10636 | O218: 10500 | P218: 9581 | Q218: 5507 | R218: 9680 | AE218: =SUM(F218:AD218) -> 238110 | AF218: =VLOOKUP($C218,'Tech Pallet'!$A:$I,9,0) -> 220 | AG218: =VLOOKUP($C218,'Tech Pallet'!$A:$H,8,0) -> 0.002664 | AH218: =SUM(G218:R218) -> 122921 | AI218: =SUM(S218:AD218) -> 0 | AJ218: =F218/AF218 -> 523.58636 | AK218: =SUM(G218:R218)/AF218 -> 558.73182 | AL218: =SUM(S218:AD218)/AF218 -> 0 | AM218: =G218/$AF218 -> 24.263636 | AN218: =H218/$AF218 -> 32.936364 | AO218: =I218/$AF218 -> 48.118182 | AP218: =J218/$AF218 -> 57.936364 | AQ218: =K218/$AF218 -> 58.518182 | AR218: =L218/$AF218 -> 62.827273 | AS218: =M218/$AF218 -> 65.477273 | AT218: =N218/$AF218 -> 48.345455 | ... BJ218: =AD218/$AF218 -> 0 | BK218: =F218*AG218 -> 306.8635 | BL218: =SUM(G218:R218)*AG218 -> 327.46154 | BM218: =SUM(S218:AD218)*AG218 -> 0 | BN218: =G218*$AG218 -> 14.220432 | BO218: =H218*$AG218 -> 19.303344 | BP218: =I218*$AG218 -> 28.201104 | BQ218: =J218*$AG218 -> 33.955344 | BR218: =K218*$AG218 -> 34.296336 | BS218: =L218*$AG218 -> 36.821808 | BT218: =M218*$AG218 -> 38.37492 | BU218: =N218*$AG218 -> 28.334304 | ... CK218: =AD218*$AG218 -> 0
A219: =VLOOKUP($C219,'Tech Pallet'!$A:$J,10,0) -> NOV | B219: =VLOOKUP(C219,'Tech Pallet'!A:I,3,0) -> ESS | C219: =VLOOKUP($D219,'DU -UCC'!B:C,2,0) -> 64874633 | D219: 10075856055396 | E219: KL OREO SANDWICH 1-24BK 4.5z | F219: 135204 | G219: 2600 | H219: 7245 | I219: 14683 | J219: 10581 | K219: 8813 | L219: 200 | M219: 20228 | N219: 21311 | O219: 9960 | P219: 7942 | Q219: 7607 | R219: 5844 | AE219: =SUM(F219:AD219) -> 252218 | AF219: =VLOOKUP($C219,'Tech Pallet'!$A:$I,9,0) -> 280 | AG219: =VLOOKUP($C219,'Tech Pallet'!$A:$H,8,0) -> 0.003192 | AH219: =SUM(G219:R219) -> 117014 | AI219: =SUM(S219:AD219) -> 0 | AJ219: =F219/AF219 -> 482.87143 | AK219: =SUM(G219:R219)/AF219 -> 417.90714 | AL219: =SUM(S219:AD219)/AF219 -> 0 | AM219: =G219/$AF219 -> 9.2857143 | AN219: =H219/$AF219 -> 25.875 | AO219: =I219/$AF219 -> 52.439286 | AP219: =J219/$AF219 -> 37.789286 | AQ219: =K219/$AF219 -> 31.475 | AR219: =L219/$AF219 -> 0.71428571 | AS219: =M219/$AF219 -> 72.242857 | AT219: =N219/$AF219 -> 76.110714 | ... BJ219: =AD219/$AF219 -> 0 | BK219: =F219*AG219 -> 431.57117 | BL219: =SUM(G219:R219)*AG219 -> 373.50869 | BM219: =SUM(S219:AD219)*AG219 -> 0 | BN219: =G219*$AG219 -> 8.2992 | BO219: =H219*$AG219 -> 23.12604 | BP219: =I219*$AG219 -> 46.868136 | BQ219: =J219*$AG219 -> 33.774552 | BR219: =K219*$AG219 -> 28.131096 | BS219: =L219*$AG219 -> 0.6384 | BT219: =M219*$AG219 -> 64.567776 | BU219: =N219*$AG219 -> 68.024712 | ... CK219: =AD219*$AG219 -> 0
A220: =VLOOKUP($C220,'Tech Pallet'!$A:$J,10,0) -> PIC | B220: =VLOOKUP(C220,'Tech Pallet'!A:I,3,0) -> Topped | C220: =VLOOKUP($D220,'DU -UCC'!B:C,2,0) -> 68354587 | D220: 10076840003041 | E220: BJ US-TOP-TIRAMISU-8 450ml | F220: 154098 | G220: 7938 | H220: 14834 | I220: 16475 | J220: 14486 | K220: 13345 | L220: 14422 | M220: 11534 | N220: 13649 | O220: 10401 | P220: 8352 | Q220: 10431 | R220: 8322 | AE220: =SUM(F220:AD220) -> 298287 | AF220: =VLOOKUP($C220,'Tech Pallet'!$A:$I,9,0) -> 240 | AG220: =VLOOKUP($C220,'Tech Pallet'!$A:$H,8,0) -> 0.0036 | AH220: =SUM(G220:R220) -> 144189 | AI220: =SUM(S220:AD220) -> 0 | AJ220: =F220/AF220 -> 642.075 | AK220: =SUM(G220:R220)/AF220 -> 600.7875 | AL220: =SUM(S220:AD220)/AF220 -> 0 | AM220: =G220/$AF220 -> 33.075 | AN220: =H220/$AF220 -> 61.808333 | AO220: =I220/$AF220 -> 68.645833 | AP220: =J220/$AF220 -> 60.358333 | AQ220: =K220/$AF220 -> 55.604167 | AR220: =L220/$AF220 -> 60.091667 | AS220: =M220/$AF220 -> 48.058333 | AT220: =N220/$AF220 -> 56.870833 | ... BJ220: =AD220/$AF220 -> 0 | BK220: =F220*AG220 -> 554.7528 | BL220: =SUM(G220:R220)*AG220 -> 519.0804 | BM220: =SUM(S220:AD220)*AG220 -> 0 | BN220: =G220*$AG220 -> 28.5768 | BO220: =H220*$AG220 -> 53.4024 | BP220: =I220*$AG220 -> 59.31 | BQ220: =J220*$AG220 -> 52.1496 | BR220: =K220*$AG220 -> 48.042 | BS220: =L220*$AG220 -> 51.9192 | BT220: =M220*$AG220 -> 41.5224 | BU220: =N220*$AG220 -> 49.1364 | ... CK220: =AD220*$AG220 -> 0
A221: =VLOOKUP($C221,'Tech Pallet'!$A:$J,10,0) -> PIC | B221: =VLOOKUP(C221,'Tech Pallet'!A:I,3,0) -> Sundaes | C221: =VLOOKUP($D221,'DU -UCC'!B:C,2,0) -> 64394598 | D221: 10076840004321 | E221: BJ US-SUN-ChocolattaChscke-8 427ML | F221: 120 | G221: 9779 | H221: 7231 | I221: 17678 | J221: 14502 | K221: 13327 | L221: 15908 | M221: 12749 | N221: 13820 | O221: 14656 | P221: 9926 | Q221: 8169 | R221: 7721 | AE221: =SUM(F221:AD221) -> 145586 | AF221: =VLOOKUP($C221,'Tech Pallet'!$A:$I,9,0) -> 240 | AG221: =VLOOKUP($C221,'Tech Pallet'!$A:$H,8,0) -> 0.003416 | AH221: =SUM(G221:R221) -> 145466 | AI221: =SUM(S221:AD221) -> 0 | AJ221: =F221/AF221 -> 0.5 | AK221: =SUM(G221:R221)/AF221 -> 606.10833 | AL221: =SUM(S221:AD221)/AF221 -> 0 | AM221: =G221/$AF221 -> 40.745833 | AN221: =H221/$AF221 -> 30.129167 | AO221: =I221/$AF221 -> 73.658333 | AP221: =J221/$AF221 -> 60.425 | AQ221: =K221/$AF221 -> 55.529167 | AR221: =L221/$AF221 -> 66.283333 | AS221: =M221/$AF221 -> 53.120833 | AT221: =N221/$AF221 -> 57.583333 | ... BJ221: =AD221/$AF221 -> 0 | BK221: =F221*AG221 -> 0.40992 | BL221: =SUM(G221:R221)*AG221 -> 496.91186 | BM221: =SUM(S221:AD221)*AG221 -> 0 | BN221: =G221*$AG221 -> 33.405064 | BO221: =H221*$AG221 -> 24.701096 | BP221: =I221*$AG221 -> 60.388048 | BQ221: =J221*$AG221 -> 49.538832 | BR221: =K221*$AG221 -> 45.525032 | BS221: =L221*$AG221 -> 54.341728 | BT221: =M221*$AG221 -> 43.550584 | BU221: =N221*$AG221 -> 47.20912 | ... CK221: =AD221*$AG221 -> 0
... A237: =VLOOKUP($C237,'Tech Pallet'!$A:$J,10,0) -> NOV | B237: =VLOOKUP(C237,'Tech Pallet'!A:I,3,0) -> Other | C237: =VLOOKUP($D237,'DU -UCC'!B:C,2,0) -> 64409314 | D237: 10041000009751 | E237: Holanda Chemisse Strawberry 8-4pk | F237: 10891 | G237: 6823 | H237: 6434 | I237: 8204 | J237: 12909 | K237: 9744 | L237: 10815 | M237: 11972 | N237: 1907 | O237: 7540 | P237: 10170 | Q237: 3150 | R237: 3975 | AE237: =SUM(F237:AD237) -> 104534 | AF237: =VLOOKUP($C237,'Tech Pallet'!$A:$I,9,0) -> 135 | AG237: =VLOOKUP($C237,'Tech Pallet'!$A:$H,8,0) -> 0.00208 | AH237: =SUM(G237:R237) -> 93643 | AI237: =SUM(S237:AD237) -> 0 | AJ237: =F237/AF237 -> 80.674074 | AK237: =SUM(G237:R237)/AF237 -> 693.65185 | AL237: =SUM(S237:AD237)/AF237 -> 0 | AM237: =G237/$AF237 -> 50.540741 | AN237: =H237/$AF237 -> 47.659259 | AO237: =I237/$AF237 -> 60.77037 | AP237: =J237/$AF237 -> 95.622222 | AQ237: =K237/$AF237 -> 72.177778 | AR237: =L237/$AF237 -> 80.111111 | AS237: =M237/$AF237 -> 88.681481 | AT237: =N237/$AF237 -> 14.125926 | ... BJ237: =AD237/$AF237 -> 0 | BK237: =F237*AG237 -> 22.65328 | BL237: =SUM(G237:R237)*AG237 -> 194.77744 | BM237: =SUM(S237:AD237)*AG237 -> 0 | BN237: =G237*$AG237 -> 14.19184 | BO237: =H237*$AG237 -> 13.38272 | BP237: =I237*$AG237 -> 17.06432 | BQ237: =J237*$AG237 -> 26.85072 | BR237: =K237*$AG237 -> 20.26752 | BS237: =L237*$AG237 -> 22.4952 | BT237: =M237*$AG237 -> 24.90176 | BU237: =N237*$AG237 -> 3.96656 | ... CK237: =AD237*$AG237 -> 0
A238: =VLOOKUP($C238,'Tech Pallet'!$A:$J,10,0) -> NOV | B238: =VLOOKUP(C238,'Tech Pallet'!A:I,3,0) -> Facepieces | C238: =VLOOKUP($D238,'DU -UCC'!B:C,2,0) -> 65549173 | D238: 10077567004885 | E238: PS Bluey Facepiece OOH 1-20PK | G238: 0 | H238: 0 | I238: 0 | J238: 0 | K238: 0 | L238: 0 | M238: 0 | N238: 0 | O238: 0 | P238: 0 | Q238: 0 | R238: 0 | AE238: =SUM(F238:AD238) -> 0 | AF238: =VLOOKUP($C238,'Tech Pallet'!$A:$I,9,0) -> 210 | AG238: =VLOOKUP($C238,'Tech Pallet'!$A:$H,8,0) -> 0.0012 | AH238: =SUM(G238:R238) -> 0 | AI238: =SUM(S238:AD238) -> 0 | AJ238: =F238/AF238 -> 0 | AK238: =SUM(G238:R238)/AF238 -> 0 | AL238: =SUM(S238:AD238)/AF238 -> 0 | AM238: =G238/$AF238 -> 0 | AN238: =H238/$AF238 -> 0 | AO238: =I238/$AF238 -> 0 | AP238: =J238/$AF238 -> 0 | AQ238: =K238/$AF238 -> 0 | AR238: =L238/$AF238 -> 0 | AS238: =M238/$AF238 -> 0 | AT238: =N238/$AF238 -> 0 | ... BJ238: =AD238/$AF238 -> 0 | BK238: =F238*AG238 -> 0 | BL238: =SUM(G238:R238)*AG238 -> 0 | BM238: =SUM(S238:AD238)*AG238 -> 0 | BN238: =G238*$AG238 -> 0 | BO238: =H238*$AG238 -> 0 | BP238: =I238*$AG238 -> 0 | BQ238: =J238*$AG238 -> 0 | BR238: =K238*$AG238 -> 0 | BS238: =L238*$AG238 -> 0 | BT238: =M238*$AG238 -> 0 | BU238: =N238*$AG238 -> 0 | ... CK238: =AD238*$AG238 -> 0
A239: =VLOOKUP($C239,'Tech Pallet'!$A:$J,10,0) -> PIC | B239: =VLOOKUP(C239,'Tech Pallet'!A:I,3,0) -> BJ PTS | C239: =VLOOKUP($D239,'DU -UCC'!B:C,2,0) -> 69986509 | D239: 10076840580764 | E239: BJ US-ND-PBCookie-8 1PT | F239: 97561 | G239: 4563 | H239: 8317 | I239: 11831 | J239: 9925 | K239: 10639 | L239: 9554 | M239: 10245 | N239: 11647 | O239: 11204 | P239: 5381 | Q239: 7167 | R239: 6703 | AE239: =SUM(F239:AD239) -> 204737 | AF239: =VLOOKUP($C239,'Tech Pallet'!$A:$I,9,0) -> 240 | AG239: =VLOOKUP($C239,'Tech Pallet'!$A:$H,8,0) -> 0.003784 | AH239: =SUM(G239:R239) -> 107176 | AI239: =SUM(S239:AD239) -> 0 | AJ239: =F239/AF239 -> 406.50417 | AK239: =SUM(G239:R239)/AF239 -> 446.56667 | AL239: =SUM(S239:AD239)/AF239 -> 0 | AM239: =G239/$AF239 -> 19.0125 | AN239: =H239/$AF239 -> 34.654167 | AO239: =I239/$AF239 -> 49.295833 | AP239: =J239/$AF239 -> 41.354167 | AQ239: =K239/$AF239 -> 44.329167 | AR239: =L239/$AF239 -> 39.808333 | AS239: =M239/$AF239 -> 42.6875 | AT239: =N239/$AF239 -> 48.529167 | ... BJ239: =AD239/$AF239 -> 0 | BK239: =F239*AG239 -> 369.17082 | BL239: =SUM(G239:R239)*AG239 -> 405.55398 | BM239: =SUM(S239:AD239)*AG239 -> 0 | BN239: =G239*$AG239 -> 17.266392 | BO239: =H239*$AG239 -> 31.471528 | BP239: =I239*$AG239 -> 44.768504 | BQ239: =J239*$AG239 -> 37.5562 | BR239: =K239*$AG239 -> 40.257976 | BS239: =L239*$AG239 -> 36.152336 | BT239: =M239*$AG239 -> 38.76708 | BU239: =N239*$AG239 -> 44.072248 | ... CK239: =AD239*$AG239 -> 0
A240: =VLOOKUP($C240,'Tech Pallet'!$A:$J,10,0) -> PIC | B240: =VLOOKUP(C240,'Tech Pallet'!A:I,3,0) -> Talenti | C240: =VLOOKUP($D240,'DU -UCC'!B:C,2,0) -> 64371463 | D240: 10186852001819 | E240: TAL LYR Italian Tiramisu 8-1pt | F240: 3812 | G240: 10220 | H240: 13950 | I240: 12495 | J240: 12396 | K240: 10195 | L240: 14873 | M240: 12212 | N240: 10530 | O240: 12495 | P240: 10095 | Q240: 9150 | R240: 6090 | AE240: =SUM(F240:AD240) -> 138513 | AF240: =VLOOKUP($C240,'Tech Pallet'!$A:$I,9,0) -> 255 | AG240: =VLOOKUP($C240,'Tech Pallet'!$A:$H,8,0) -> 0.003552 | AH240: =SUM(G240:R240) -> 134701 | AI240: =SUM(S240:AD240) -> 0 | AJ240: =F240/AF240 -> 14.94902 | AK240: =SUM(G240:R240)/AF240 -> 528.23922 | AL240: =SUM(S240:AD240)/AF240 -> 0 | AM240: =G240/$AF240 -> 40.078431 | AN240: =H240/$AF240 -> 54.705882 | AO240: =I240/$AF240 -> 49 | AP240: =J240/$AF240 -> 48.611765 | AQ240: =K240/$AF240 -> 39.980392 | AR240: =L240/$AF240 -> 58.32549 | AS240: =M240/$AF240 -> 47.890196 | AT240: =N240/$AF240 -> 41.294118 | ... BJ240: =AD240/$AF240 -> 0 | BK240: =F240*AG240 -> 13.540224 | BL240: =SUM(G240:R240)*AG240 -> 478.45795 | BM240: =SUM(S240:AD240)*AG240 -> 0 | BN240: =G240*$AG240 -> 36.30144 | BO240: =H240*$AG240 -> 49.5504 | BP240: =I240*$AG240 -> 44.38224 | BQ240: =J240*$AG240 -> 44.030592 | BR240: =K240*$AG240 -> 36.21264 | BS240: =L240*$AG240 -> 52.828896 | BT240: =M240*$AG240 -> 43.377024 | BU240: =N240*$AG240 -> 37.40256 | ... CK240: =AD240*$AG240 -> 0
A241: =VLOOKUP($C241,'Tech Pallet'!$A:$J,10,0) -> NOV | B241: =VLOOKUP(C241,'Tech Pallet'!A:I,3,0) -> B&J Cups | C241: =VLOOKUP($D241,'DU -UCC'!B:C,2,0) -> 64413477 | D241: 10076840135551 | E241: BJ US-IC-AmericoneDream-FTNG-12 4FOZ | F241: 179961 | G241: 12337 | H241: 13946 | I241: 14920 | J241: 17422 | K241: 14597 | L241: 12372 | M241: 10679 | N241: 8259 | O241: 9657 | P241: 7970 | Q241: 5388 | R241: 5225 | AE241: =SUM(F241:AD241) -> 312733 | AF241: =VLOOKUP($C241,'Tech Pallet'!$A:$I,9,0) -> 468 | AG241: =VLOOKUP($C241,'Tech Pallet'!$A:$H,8,0) -> 0.001416 | AH241: =SUM(G241:R241) -> 132772 | AI241: =SUM(S241:AD241) -> 0 | AJ241: =F241/AF241 -> 384.53205 | AK241: =SUM(G241:R241)/AF241 -> 283.70085 | AL241: =SUM(S241:AD241)/AF241 -> 0 | AM241: =G241/$AF241 -> 26.361111 | AN241: =H241/$AF241 -> 29.799145 | AO241: =I241/$AF241 -> 31.880342 | AP241: =J241/$AF241 -> 37.226496 | AQ241: =K241/$AF241 -> 31.190171 | AR241: =L241/$AF241 -> 26.435897 | AS241: =M241/$AF241 -> 22.818376 | AT241: =N241/$AF241 -> 17.647436 | ... BJ241: =AD241/$AF241 -> 0 | BK241: =F241*AG241 -> 254.82478 | BL241: =SUM(G241:R241)*AG241 -> 188.00515 | BM241: =SUM(S241:AD241)*AG241 -> 0 | BN241: =G241*$AG241 -> 17.469192 | BO241: =H241*$AG241 -> 19.747536 | BP241: =I241*$AG241 -> 21.12672 | BQ241: =J241*$AG241 -> 24.669552 | BR241: =K241*$AG241 -> 20.669352 | BS241: =L241*$AG241 -> 17.518752 | BT241: =M241*$AG241 -> 15.121464 | BU241: =N241*$AG241 -> 11.694744 | ... CK241: =AD241*$AG241 -> 0
A242: =VLOOKUP($C242,'Tech Pallet'!$A:$J,10,0) -> PIC | B242: =VLOOKUP(C242,'Tech Pallet'!A:I,3,0) -> PTS | C242: =VLOOKUP($D242,'DU -UCC'!B:C,2,0) -> 65459033 | D242: 10077567004793 | E242: BR Strawberry Shortcake 8 1PT | F242: 0 | G242: 0 | H242: 0 | I242: 0 | J242: 0 | K242: 0 | L242: 0 | M242: 0 | N242: 0 | O242: 0 | P242: 0 | Q242: 0 | R242: 0 | AE242: =SUM(F242:AD242) -> 0 | AF242: =VLOOKUP($C242,'Tech Pallet'!$A:$I,9,0) -> 240 | AG242: =VLOOKUP($C242,'Tech Pallet'!$A:$H,8,0) -> 0.003784 | AH242: =SUM(G242:R242) -> 0 | AI242: =SUM(S242:AD242) -> 0 | AJ242: =F242/AF242 -> 0 | AK242: =SUM(G242:R242)/AF242 -> 0 | AL242: =SUM(S242:AD242)/AF242 -> 0 | AM242: =G242/$AF242 -> 0 | AN242: =H242/$AF242 -> 0 | AO242: =I242/$AF242 -> 0 | AP242: =J242/$AF242 -> 0 | AQ242: =K242/$AF242 -> 0 | AR242: =L242/$AF242 -> 0 | AS242: =M242/$AF242 -> 0 | AT242: =N242/$AF242 -> 0 | ... BJ242: =AD242/$AF242 -> 0 | BK242: =F242*AG242 -> 0 | BL242: =SUM(G242:R242)*AG242 -> 0 | BM242: =SUM(S242:AD242)*AG242 -> 0 | BN242: =G242*$AG242 -> 0 | BO242: =H242*$AG242 -> 0 | BP242: =I242*$AG242 -> 0 | BQ242: =J242*$AG242 -> 0 | BR242: =K242*$AG242 -> 0 | BS242: =L242*$AG242 -> 0 | BT242: =M242*$AG242 -> 0 | BU242: =N242*$AG242 -> 0 | ... CK242: =AD242*$AG242 -> 0
A243: =VLOOKUP($C243,'Tech Pallet'!$A:$J,10,0) -> NOV | B243: =VLOOKUP(C243,'Tech Pallet'!A:I,3,0) -> ESS | C243: =VLOOKUP($D243,'DU -UCC'!B:C,2,0) -> 64874631 | D243: 10075856078708 | E243: KL Oreo Ice Cream Sandwich 6-4PK | F243: 142277 | G243: 6706 | H243: 4365 | I243: 7237 | J243: 111 | K243: 16226 | L243: 17764 | M243: 9867 | N243: 11826 | O243: 9768 | P243: 9787 | Q243: 7001 | R243: 7070 | AE243: =SUM(F243:AD243) -> 250005 | AF243: =VLOOKUP($C243,'Tech Pallet'!$A:$I,9,0) -> 189 | AG243: =VLOOKUP($C243,'Tech Pallet'!$A:$H,8,0) -> 0.002838 | AH243: =SUM(G243:R243) -> 107728 | AI243: =SUM(S243:AD243) -> 0 | AJ243: =F243/AF243 -> 752.78836 | AK243: =SUM(G243:R243)/AF243 -> 569.98942 | AL243: =SUM(S243:AD243)/AF243 -> 0 | AM243: =G243/$AF243 -> 35.481481 | AN243: =H243/$AF243 -> 23.095238 | AO243: =I243/$AF243 -> 38.291005 | AP243: =J243/$AF243 -> 0.58730159 | AQ243: =K243/$AF243 -> 85.851852 | AR243: =L243/$AF243 -> 93.989418 | AS243: =M243/$AF243 -> 52.206349 | AT243: =N243/$AF243 -> 62.571429 | ... BJ243: =AD243/$AF243 -> 0 | BK243: =F243*AG243 -> 403.78213 | BL243: =SUM(G243:R243)*AG243 -> 305.73206 | BM243: =SUM(S243:AD243)*AG243 -> 0 | BN243: =G243*$AG243 -> 19.031628 | BO243: =H243*$AG243 -> 12.38787 | BP243: =I243*$AG243 -> 20.538606 | BQ243: =J243*$AG243 -> 0.315018 | BR243: =K243*$AG243 -> 46.049388 | BS243: =L243*$AG243 -> 50.414232 | BT243: =M243*$AG243 -> 28.002546 | BU243: =N243*$AG243 -> 33.562188 | ... CK243: =AD243*$AG243 -> 0
A244: =VLOOKUP($C244,'Tech Pallet'!$A:$J,10,0) -> NOV | B244: =VLOOKUP(C244,'Tech Pallet'!A:I,3,0) -> B&J Cups | C244: =VLOOKUP($D244,'DU -UCC'!B:C,2,0) -> 64413475 | D244: 10076840200150 | E244: BJ US-IC-CherryGarcia-FTNG-12 4FOZ | F244: 229165 | G244: 13764 | H244: 14231 | I244: 14568 | J244: 14256 | K244: 13860 | L244: 13445 | M244: 13342 | N244: 8196 | O244: 11958 | P244: 6282 | Q244: 4404 | R244: 8052 | AE244: =SUM(F244:AD244) -> 365523 | AF244: =VLOOKUP($C244,'Tech Pallet'!$A:$I,9,0) -> 468 | AG244: =VLOOKUP($C244,'Tech Pallet'!$A:$H,8,0) -> 0.001416 | AH244: =SUM(G244:R244) -> 136358 | AI244: =SUM(S244:AD244) -> 0 | AJ244: =F244/AF244 -> 489.6688 | AK244: =SUM(G244:R244)/AF244 -> 291.36325 | AL244: =SUM(S244:AD244)/AF244 -> 0 | AM244: =G244/$AF244 -> 29.410256 | AN244: =H244/$AF244 -> 30.40812 | AO244: =I244/$AF244 -> 31.128205 | AP244: =J244/$AF244 -> 30.461538 | AQ244: =K244/$AF244 -> 29.615385 | AR244: =L244/$AF244 -> 28.728632 | AS244: =M244/$AF244 -> 28.508547 | AT244: =N244/$AF244 -> 17.512821 | ... BJ244: =AD244/$AF244 -> 0 | BK244: =F244*AG244 -> 324.49764 | BL244: =SUM(G244:R244)*AG244 -> 193.08293 | BM244: =SUM(S244:AD244)*AG244 -> 0 | BN244: =G244*$AG244 -> 19.489824 | BO244: =H244*$AG244 -> 20.151096 | BP244: =I244*$AG244 -> 20.628288 | BQ244: =J244*$AG244 -> 20.186496 | BR244: =K244*$AG244 -> 19.62576 | BS244: =L244*$AG244 -> 19.03812 | BT244: =M244*$AG244 -> 18.892272 | BU244: =N244*$AG244 -> 11.605536 | ... CK244: =AD244*$AG244 -> 0
A245: =VLOOKUP($C245,'Tech Pallet'!$A:$J,10,0) -> NOV | B245: =VLOOKUP(C245,'Tech Pallet'!A:I,3,0) -> EDF | C245: =VLOOKUP($D245,'DU -UCC'!B:C,2,0) -> 68852583 | D245: 10075856024095 | E245: KL OREO BAR LIGHT 12-6PK | F245: 89493 | G245: 5209 | H245: 5328 | I245: 8760 | J245: 7680 | K245: 10812 | L245: 10067 | M245: 7566 | N245: 7566 | O245: 4893 | P245: 7176 | Q245: 3504 | R245: 3624 | AE245: =SUM(F245:AD245) -> 171678 | AF245: =VLOOKUP($C245,'Tech Pallet'!$A:$I,9,0) -> 132 | AG245: =VLOOKUP($C245,'Tech Pallet'!$A:$H,8,0) -> 0.00852 | AH245: =SUM(G245:R245) -> 82185 | AI245: =SUM(S245:AD245) -> 0 | AJ245: =F245/AF245 -> 677.97727 | AK245: =SUM(G245:R245)/AF245 -> 622.61364 | AL245: =SUM(S245:AD245)/AF245 -> 0 | AM245: =G245/$AF245 -> 39.462121 | AN245: =H245/$AF245 -> 40.363636 | AO245: =I245/$AF245 -> 66.363636 | AP245: =J245/$AF245 -> 58.181818 | AQ245: =K245/$AF245 -> 81.909091 | AR245: =L245/$AF245 -> 76.265152 | AS245: =M245/$AF245 -> 57.318182 | AT245: =N245/$AF245 -> 57.318182 | ... BJ245: =AD245/$AF245 -> 0 | BK245: =F245*AG245 -> 762.48036 | BL245: =SUM(G245:R245)*AG245 -> 700.2162 | BM245: =SUM(S245:AD245)*AG245 -> 0 | BN245: =G245*$AG245 -> 44.38068 | BO245: =H245*$AG245 -> 45.39456 | BP245: =I245*$AG245 -> 74.6352 | BQ245: =J245*$AG245 -> 65.4336 | BR245: =K245*$AG245 -> 92.11824 | BS245: =L245*$AG245 -> 85.77084 | BT245: =M245*$AG245 -> 64.46232 | BU245: =N245*$AG245 -> 64.46232 | ... CK245: =AD245*$AG245 -> 0
A246: =VLOOKUP($C246,'Tech Pallet'!$A:$J,10,0) -> NOV | B246: =VLOOKUP(C246,'Tech Pallet'!A:I,3,0) -> Facepieces | C246: =VLOOKUP($D246,'DU -UCC'!B:C,2,0) -> 64403170 | D246: 10077567004120 | E246: PS Transformers | F246: 0 | G246: 0 | H246: 0 | I246: 0 | J246: 0 | K246: 0 | L246: 4997 | M246: 3565 | N246: 2505 | O246: 540 | P246: 300 | Q246: 570 | R246: 645 | AE246: =SUM(F246:AD246) -> 13122 | AF246: =VLOOKUP($C246,'Tech Pallet'!$A:$I,9,0) -> 195 | AG246: =VLOOKUP($C246,'Tech Pallet'!$A:$H,8,0) -> 0.00216 | AH246: =SUM(G246:R246) -> 13122 | AI246: =SUM(S246:AD246) -> 0 | AJ246: =F246/AF246 -> 0 | AK246: =SUM(G246:R246)/AF246 -> 67.292308 | AL246: =SUM(S246:AD246)/AF246 -> 0 | AM246: =G246/$AF246 -> 0 | AN246: =H246/$AF246 -> 0 | AO246: =I246/$AF246 -> 0 | AP246: =J246/$AF246 -> 0 | AQ246: =K246/$AF246 -> 0 | AR246: =L246/$AF246 -> 25.625641 | AS246: =M246/$AF246 -> 18.282051 | AT246: =N246/$AF246 -> 12.846154 | ... BJ246: =AD246/$AF246 -> 0 | BK246: =F246*AG246 -> 0 | BL246: =SUM(G246:R246)*AG246 -> 28.34352 | BM246: =SUM(S246:AD246)*AG246 -> 0 | BN246: =G246*$AG246 -> 0 | BO246: =H246*$AG246 -> 0 | BP246: =I246*$AG246 -> 0 | BQ246: =J246*$AG246 -> 0 | BR246: =K246*$AG246 -> 0 | BS246: =L246*$AG246 -> 10.79352 | BT246: =M246*$AG246 -> 7.7004 | BU246: =N246*$AG246 -> 5.4108 | ... CK246: =AD246*$AG246 -> 0
A247: =VLOOKUP($C247,'Tech Pallet'!$A:$J,10,0) -> PIC | B247: =VLOOKUP(C247,'Tech Pallet'!A:I,3,0) -> Talenti | C247: =VLOOKUP($D247,'DU -UCC'!B:C,2,0) -> 64369043 | D247: 10186852001604 | E247: TAL ND LYR CHOC Fudge Brownie 8 323.1g | F247: 86069 | G247: 6224 | H247: 2099 | I247: 8925 | J247: 7830 | K247: 7380 | L247: 9537 | M247: 6798 | N247: 5985 | O247: 6480 | P247: 7019 | Q247: 5595 | R247: 2423 | AE247: =SUM(F247:AD247) -> 162364 | AF247: =VLOOKUP($C247,'Tech Pallet'!$A:$I,9,0) -> 255 | AG247: =VLOOKUP($C247,'Tech Pallet'!$A:$H,8,0) -> 0.003552 | AH247: =SUM(G247:R247) -> 76295 | AI247: =SUM(S247:AD247) -> 0 | AJ247: =F247/AF247 -> 337.52549 | AK247: =SUM(G247:R247)/AF247 -> 299.19608 | AL247: =SUM(S247:AD247)/AF247 -> 0 | AM247: =G247/$AF247 -> 24.407843 | AN247: =H247/$AF247 -> 8.2313725 | AO247: =I247/$AF247 -> 35 | AP247: =J247/$AF247 -> 30.705882 | AQ247: =K247/$AF247 -> 28.941176 | AR247: =L247/$AF247 -> 37.4 | AS247: =M247/$AF247 -> 26.658824 | AT247: =N247/$AF247 -> 23.470588 | ... BJ247: =AD247/$AF247 -> 0 | BK247: =F247*AG247 -> 305.71709 | BL247: =SUM(G247:R247)*AG247 -> 270.99984 | BM247: =SUM(S247:AD247)*AG247 -> 0 | BN247: =G247*$AG247 -> 22.107648 | BO247: =H247*$AG247 -> 7.455648 | BP247: =I247*$AG247 -> 31.7016 | BQ247: =J247*$AG247 -> 27.81216 | BR247: =K247*$AG247 -> 26.21376 | BS247: =L247*$AG247 -> 33.875424 | BT247: =M247*$AG247 -> 24.146496 | BU247: =N247*$AG247 -> 21.25872 | ... CK247: =AD247*$AG247 -> 0
A248: =VLOOKUP($C248,'Tech Pallet'!$A:$J,10,0) -> PIC | B248: =VLOOKUP(C248,'Tech Pallet'!A:I,3,0) -> Talenti | C248: =VLOOKUP($D248,'DU -UCC'!B:C,2,0) -> 64369035 | D248: 10186852001628 | E248: TAL ND Caramel Toffee Crunch 8 1PT | F248: 93738 | G248: 6555 | H248: 6645 | I248: 10275 | J248: 9930 | K248: 12089 | L248: 11384 | M248: 7626 | N248: 8235 | O248: 8568 | P248: 7590 | Q248: 7020 | R248: 4590 | AE248: =SUM(F248:AD248) -> 194245 | AF248: =VLOOKUP($C248,'Tech Pallet'!$A:$I,9,0) -> 255 | AG248: =VLOOKUP($C248,'Tech Pallet'!$A:$H,8,0) -> 0.003784 | AH248: =SUM(G248:R248) -> 100507 | AI248: =SUM(S248:AD248) -> 0 | AJ248: =F248/AF248 -> 367.6 | AK248: =SUM(G248:R248)/AF248 -> 394.1451 | AL248: =SUM(S248:AD248)/AF248 -> 0 | AM248: =G248/$AF248 -> 25.705882 | AN248: =H248/$AF248 -> 26.058824 | AO248: =I248/$AF248 -> 40.294118 | AP248: =J248/$AF248 -> 38.941176 | AQ248: =K248/$AF248 -> 47.407843 | AR248: =L248/$AF248 -> 44.643137 | AS248: =M248/$AF248 -> 29.905882 | AT248: =N248/$AF248 -> 32.294118 | ... BJ248: =AD248/$AF248 -> 0 | BK248: =F248*AG248 -> 354.70459 | BL248: =SUM(G248:R248)*AG248 -> 380.31849 | BM248: =SUM(S248:AD248)*AG248 -> 0 | BN248: =G248*$AG248 -> 24.80412 | BO248: =H248*$AG248 -> 25.14468 | BP248: =I248*$AG248 -> 38.8806 | BQ248: =J248*$AG248 -> 37.57512 | BR248: =K248*$AG248 -> 45.744776 | BS248: =L248*$AG248 -> 43.077056 | BT248: =M248*$AG248 -> 28.856784 | BU248: =N248*$AG248 -> 31.16124 | ... CK248: =AD248*$AG248 -> 0
A249: =VLOOKUP($C249,'Tech Pallet'!$A:$J,10,0) -> PIC | B249: =VLOOKUP(C249,'Tech Pallet'!A:I,3,0) -> BJ PTS | C249: =VLOOKUP($D249,'DU -UCC'!B:C,2,0) -> 62678150 | D249: 10076840002907 | E249: BJ US-ND-AmericoneDream-8 1PT | F249: 84477 | G249: 5748 | H249: 7294 | I249: 8662 | J249: 8081 | K249: 7088 | L249: 11336 | M249: 10448 | N249: 9737 | O249: 10025 | P249: 6200 | Q249: 5920 | R249: 6004 | AE249: =SUM(F249:AD249) -> 181020 | AF249: =VLOOKUP($C249,'Tech Pallet'!$A:$I,9,0) -> 240 | AG249: =VLOOKUP($C249,'Tech Pallet'!$A:$H,8,0) -> 0.003784 | AH249: =SUM(G249:R249) -> 96543 | AI249: =SUM(S249:AD249) -> 0 | AJ249: =F249/AF249 -> 351.9875 | AK249: =SUM(G249:R249)/AF249 -> 402.2625 | AL249: =SUM(S249:AD249)/AF249 -> 0 | AM249: =G249/$AF249 -> 23.95 | AN249: =H249/$AF249 -> 30.391667 | AO249: =I249/$AF249 -> 36.091667 | AP249: =J249/$AF249 -> 33.670833 | AQ249: =K249/$AF249 -> 29.533333 | AR249: =L249/$AF249 -> 47.233333 | AS249: =M249/$AF249 -> 43.533333 | AT249: =N249/$AF249 -> 40.570833 | ... BJ249: =AD249/$AF249 -> 0 | BK249: =F249*AG249 -> 319.66097 | BL249: =SUM(G249:R249)*AG249 -> 365.31871 | BM249: =SUM(S249:AD249)*AG249 -> 0 | BN249: =G249*$AG249 -> 21.750432 | BO249: =H249*$AG249 -> 27.600496 | BP249: =I249*$AG249 -> 32.777008 | BQ249: =J249*$AG249 -> 30.578504 | BR249: =K249*$AG249 -> 26.820992 | BS249: =L249*$AG249 -> 42.895424 | BT249: =M249*$AG249 -> 39.535232 | BU249: =N249*$AG249 -> 36.844808 | ... CK249: =AD249*$AG249 -> 0
A250: =VLOOKUP($C250,'Tech Pallet'!$A:$J,10,0) -> PIC | B250: =VLOOKUP(C250,'Tech Pallet'!A:I,3,0) -> BJ PTS | C250: =VLOOKUP($D250,'DU -UCC'!B:C,2,0) -> 84138392 | D250: 10076840298614 | E250: BJ US-IC-CoffeeBuzzBuzz-FTNG-8 1PT | F250: 59985 | G250: 2693 | H250: 5200 | I250: 14218 | J250: 7706 | K250: 9155 | L250: 10237 | M250: 8588 | N250: 8765 | O250: 11343 | P250: 3964 | Q250: 8072 | R250: 7471 | AE250: =SUM(F250:AD250) -> 157397 | AF250: =VLOOKUP($C250,'Tech Pallet'!$A:$I,9,0) -> 240 | AG250: =VLOOKUP($C250,'Tech Pallet'!$A:$H,8,0) -> 0.003784 | AH250: =SUM(G250:R250) -> 97412 | AI250: =SUM(S250:AD250) -> 0 | AJ250: =F250/AF250 -> 249.9375 | AK250: =SUM(G250:R250)/AF250 -> 405.88333 | AL250: =SUM(S250:AD250)/AF250 -> 0 | AM250: =G250/$AF250 -> 11.220833 | AN250: =H250/$AF250 -> 21.666667 | AO250: =I250/$AF250 -> 59.241667 | AP250: =J250/$AF250 -> 32.108333 | AQ250: =K250/$AF250 -> 38.145833 | AR250: =L250/$AF250 -> 42.654167 | AS250: =M250/$AF250 -> 35.783333 | AT250: =N250/$AF250 -> 36.520833 | ... BJ250: =AD250/$AF250 -> 0 | BK250: =F250*AG250 -> 226.98324 | BL250: =SUM(G250:R250)*AG250 -> 368.60701 | BM250: =SUM(S250:AD250)*AG250 -> 0 | BN250: =G250*$AG250 -> 10.190312 | BO250: =H250*$AG250 -> 19.6768 | BP250: =I250*$AG250 -> 53.800912 | BQ250: =J250*$AG250 -> 29.159504 | BR250: =K250*$AG250 -> 34.64252 | BS250: =L250*$AG250 -> 38.736808 | BT250: =M250*$AG250 -> 32.496992 | BU250: =N250*$AG250 -> 33.16676 | ... CK250: =AD250*$AG250 -> 0
... A252: =VLOOKUP($C252,'Tech Pallet'!$A:$J,10,0) -> PIC | B252: =VLOOKUP(C252,'Tech Pallet'!A:I,3,0) -> Sundaes | C252: =VLOOKUP($D252,'DU -UCC'!B:C,2,0) -> 64394596 | D252: 10076840004314 | E252: BJ US-SUN-TurtleSundae-8 427ML | F252: 120 | G252: 5847 | H252: 4487 | I252: 11087 | J252: 8547 | K252: 9045 | L252: 8206 | M252: 6749 | N252: 9598 | O252: 10389 | P252: 4983 | Q252: 5243 | R252: 6223 | AE252: =SUM(F252:AD252) -> 90524 | AF252: =VLOOKUP($C252,'Tech Pallet'!$A:$I,9,0) -> 240 | AG252: =VLOOKUP($C252,'Tech Pallet'!$A:$H,8,0) -> 0.003416 | AH252: =SUM(G252:R252) -> 90404 | AI252: =SUM(S252:AD252) -> 0 | AJ252: =F252/AF252 -> 0.5 | AK252: =SUM(G252:R252)/AF252 -> 376.68333 | AL252: =SUM(S252:AD252)/AF252 -> 0 | AM252: =G252/$AF252 -> 24.3625 | AN252: =H252/$AF252 -> 18.695833 | AO252: =I252/$AF252 -> 46.195833 | AP252: =J252/$AF252 -> 35.6125 | AQ252: =K252/$AF252 -> 37.6875 | AR252: =L252/$AF252 -> 34.191667 | AS252: =M252/$AF252 -> 28.120833 | AT252: =N252/$AF252 -> 39.991667 | ... BJ252: =AD252/$AF252 -> 0 | BK252: =F252*AG252 -> 0.40992 | BL252: =SUM(G252:R252)*AG252 -> 308.82006 | BM252: =SUM(S252:AD252)*AG252 -> 0 | BN252: =G252*$AG252 -> 19.973352 | BO252: =H252*$AG252 -> 15.327592 | BP252: =I252*$AG252 -> 37.873192 | BQ252: =J252*$AG252 -> 29.196552 | BR252: =K252*$AG252 -> 30.89772 | BS252: =L252*$AG252 -> 28.031696 | BT252: =M252*$AG252 -> 23.054584 | BU252: =N252*$AG252 -> 32.786768 | ... CK252: =AD252*$AG252 -> 0
A253: =VLOOKUP($C253,'Tech Pallet'!$A:$J,10,0) -> NOV | B253: =VLOOKUP(C253,'Tech Pallet'!A:I,3,0) -> Other | C253: =VLOOKUP($D253,'DU -UCC'!B:C,2,0) -> 64958862 | D253: 10077567004434 | E253: PS SF Cherry IH 6-12pk | G253: 0 | H253: 0 | I253: 0 | J253: 0 | K253: 0 | L253: 0 | M253: 0 | N253: 0 | O253: 0 | P253: 0 | Q253: 0 | R253: 0 | AE253: =SUM(F253:AD253) -> 0 | AF253: =VLOOKUP($C253,'Tech Pallet'!$A:$I,9,0) -> 170 | AG253: =VLOOKUP($C253,'Tech Pallet'!$A:$H,8,0) -> 0.003516 | AH253: =SUM(G253:R253) -> 0 | AI253: =SUM(S253:AD253) -> 0 | AJ253: =F253/AF253 -> 0 | AK253: =SUM(G253:R253)/AF253 -> 0 | AL253: =SUM(S253:AD253)/AF253 -> 0 | AM253: =G253/$AF253 -> 0 | AN253: =H253/$AF253 -> 0 | AO253: =I253/$AF253 -> 0 | AP253: =J253/$AF253 -> 0 | AQ253: =K253/$AF253 -> 0 | AR253: =L253/$AF253 -> 0 | AS253: =M253/$AF253 -> 0 | AT253: =N253/$AF253 -> 0 | ... BJ253: =AD253/$AF253 -> 0 | BK253: =F253*AG253 -> 0 | BL253: =SUM(G253:R253)*AG253 -> 0 | BM253: =SUM(S253:AD253)*AG253 -> 0 | BN253: =G253*$AG253 -> 0 | BO253: =H253*$AG253 -> 0 | BP253: =I253*$AG253 -> 0 | BQ253: =J253*$AG253 -> 0 | BR253: =K253*$AG253 -> 0 | BS253: =L253*$AG253 -> 0 | BT253: =M253*$AG253 -> 0 | BU253: =N253*$AG253 -> 0 | ... CK253: =AD253*$AG253 -> 0
A254: =VLOOKUP($C254,'Tech Pallet'!$A:$J,10,0) -> NOV | B254: =VLOOKUP(C254,'Tech Pallet'!A:I,3,0) -> Dough Bites | C254: =VLOOKUP($D254,'DU -UCC'!B:C,2,0) -> 68264519 | D254: 10076840002532 | E254: BJ US-CD-Half Baked Dough-8 6z | F254: 85360 | G254: 3343 | H254: 3394 | I254: 5738 | J254: 14196 | K254: 7872 | L254: 2461 | M254: 7519 | N254: 7082 | O254: 6819 | P254: 7943 | Q254: 2787 | R254: 4996 | AE254: =SUM(F254:AD254) -> 159510 | AF254: =VLOOKUP($C254,'Tech Pallet'!$A:$I,9,0) -> 256 | AG254: =VLOOKUP($C254,'Tech Pallet'!$A:$H,8,0) -> 0.001419504 | AH254: =SUM(G254:R254) -> 74150 | AI254: =SUM(S254:AD254) -> 0 | AJ254: =F254/AF254 -> 333.4375 | AK254: =SUM(G254:R254)/AF254 -> 289.64844 | AL254: =SUM(S254:AD254)/AF254 -> 0 | AM254: =G254/$AF254 -> 13.058594 | AN254: =H254/$AF254 -> 13.257812 | AO254: =I254/$AF254 -> 22.414062 | AP254: =J254/$AF254 -> 55.453125 | AQ254: =K254/$AF254 -> 30.75 | AR254: =L254/$AF254 -> 9.6132812 | AS254: =M254/$AF254 -> 29.371094 | AT254: =N254/$AF254 -> 27.664062 | ... BJ254: =AD254/$AF254 -> 0 | BK254: =F254*AG254 -> 121.16886 | BL254: =SUM(G254:R254)*AG254 -> 105.25622 | BM254: =SUM(S254:AD254)*AG254 -> 0 | BN254: =G254*$AG254 -> 4.7454019 | BO254: =H254*$AG254 -> 4.8177966 | BP254: =I254*$AG254 -> 8.145114 | BQ254: =J254*$AG254 -> 20.151279 | BR254: =K254*$AG254 -> 11.174335 | BS254: =L254*$AG254 -> 3.4933993 | BT254: =M254*$AG254 -> 10.673251 | BU254: =N254*$AG254 -> 10.052927 | ... CK254: =AD254*$AG254 -> 0
A255: =VLOOKUP($C255,'Tech Pallet'!$A:$J,10,0) -> PIC | B255: =VLOOKUP(C255,'Tech Pallet'!A:I,3,0) -> PTS | C255: =VLOOKUP($D255,'DU -UCC'!B:C,2,0) -> 65471855 | D255: 10077567004816 | E255: BR Creamsicle 8 1PT | F255: 0 | G255: 0 | H255: 0 | I255: 0 | J255: 0 | K255: 0 | L255: 0 | M255: 0 | N255: 0 | O255: 0 | P255: 0 | Q255: 0 | R255: 0 | AE255: =SUM(F255:AD255) -> 0 | AF255: =VLOOKUP($C255,'Tech Pallet'!$A:$I,9,0) -> 240 | AG255: =VLOOKUP($C255,'Tech Pallet'!$A:$H,8,0) -> 0.003784 | AH255: =SUM(G255:R255) -> 0 | AI255: =SUM(S255:AD255) -> 0 | AJ255: =F255/AF255 -> 0 | AK255: =SUM(G255:R255)/AF255 -> 0 | AL255: =SUM(S255:AD255)/AF255 -> 0 | AM255: =G255/$AF255 -> 0 | AN255: =H255/$AF255 -> 0 | AO255: =I255/$AF255 -> 0 | AP255: =J255/$AF255 -> 0 | AQ255: =K255/$AF255 -> 0 | AR255: =L255/$AF255 -> 0 | AS255: =M255/$AF255 -> 0 | AT255: =N255/$AF255 -> 0 | ... BJ255: =AD255/$AF255 -> 0 | BK255: =F255*AG255 -> 0 | BL255: =SUM(G255:R255)*AG255 -> 0 | BM255: =SUM(S255:AD255)*AG255 -> 0 | BN255: =G255*$AG255 -> 0 | BO255: =H255*$AG255 -> 0 | BP255: =I255*$AG255 -> 0 | BQ255: =J255*$AG255 -> 0 | BR255: =K255*$AG255 -> 0 | BS255: =L255*$AG255 -> 0 | BT255: =M255*$AG255 -> 0 | BU255: =N255*$AG255 -> 0 | ... CK255: =AD255*$AG255 -> 0
A256: =VLOOKUP($C256,'Tech Pallet'!$A:$J,10,0) -> PIC | B256: =VLOOKUP(C256,'Tech Pallet'!A:I,3,0) -> BJ PTS | C256: =VLOOKUP($D256,'DU -UCC'!B:C,2,0) -> 68940226 | D256: 10076840003850 | E256: BJ US-IC-MoussePie-8 1PT | F256: 122721 | G256: 5800 | H256: 11843 | I256: 9680 | J256: 8815 | K256: 7783 | L256: 9729 | M256: 9037 | N256: 8066 | O256: 6223 | P256: 5696 | Q256: 5474 | R256: 3815 | AE256: =SUM(F256:AD256) -> 214682 | AF256: =VLOOKUP($C256,'Tech Pallet'!$A:$I,9,0) -> 240 | AG256: =VLOOKUP($C256,'Tech Pallet'!$A:$H,8,0) -> 0.003784 | AH256: =SUM(G256:R256) -> 91961 | AI256: =SUM(S256:AD256) -> 0 | AJ256: =F256/AF256 -> 511.3375 | AK256: =SUM(G256:R256)/AF256 -> 383.17083 | AL256: =SUM(S256:AD256)/AF256 -> 0 | AM256: =G256/$AF256 -> 24.166667 | AN256: =H256/$AF256 -> 49.345833 | AO256: =I256/$AF256 -> 40.333333 | AP256: =J256/$AF256 -> 36.729167 | AQ256: =K256/$AF256 -> 32.429167 | AR256: =L256/$AF256 -> 40.5375 | AS256: =M256/$AF256 -> 37.654167 | AT256: =N256/$AF256 -> 33.608333 | ... BJ256: =AD256/$AF256 -> 0 | BK256: =F256*AG256 -> 464.37626 | BL256: =SUM(G256:R256)*AG256 -> 347.98042 | BM256: =SUM(S256:AD256)*AG256 -> 0 | BN256: =G256*$AG256 -> 21.9472 | BO256: =H256*$AG256 -> 44.813912 | BP256: =I256*$AG256 -> 36.62912 | BQ256: =J256*$AG256 -> 33.35596 | BR256: =K256*$AG256 -> 29.450872 | BS256: =L256*$AG256 -> 36.814536 | BT256: =M256*$AG256 -> 34.196008 | BU256: =N256*$AG256 -> 30.521744 | ... CK256: =AD256*$AG256 -> 0
A257: =VLOOKUP($C257,'Tech Pallet'!$A:$J,10,0) -> PIC | B257: =VLOOKUP(C257,'Tech Pallet'!A:I,3,0) -> 48oz | C257: =VLOOKUP($D257,'DU -UCC'!B:C,2,0) -> 69587863 | D257: 10077567002126 | E257: BR ND Oreo 6 1.5QT | F257: 133215 | G257: 7515 | H257: 8912 | I257: 11973 | J257: 15082 | K257: 12398 | L257: 10061 | M257: 2110 | N257: 4356 | O257: 15771 | P257: 10494 | Q257: 9339 | R257: 9526 | AE257: =SUM(F257:AD257) -> 250752 | AF257: =VLOOKUP($C257,'Tech Pallet'!$A:$I,9,0) -> 176 | AG257: =VLOOKUP($C257,'Tech Pallet'!$A:$H,8,0) -> 0.008514 | AH257: =SUM(G257:R257) -> 117537 | AI257: =SUM(S257:AD257) -> 0 | AJ257: =F257/AF257 -> 756.90341 | AK257: =SUM(G257:R257)/AF257 -> 667.82386 | AL257: =SUM(S257:AD257)/AF257 -> 0 | AM257: =G257/$AF257 -> 42.698864 | AN257: =H257/$AF257 -> 50.636364 | AO257: =I257/$AF257 -> 68.028409 | AP257: =J257/$AF257 -> 85.693182 | AQ257: =K257/$AF257 -> 70.443182 | AR257: =L257/$AF257 -> 57.164773 | AS257: =M257/$AF257 -> 11.988636 | AT257: =N257/$AF257 -> 24.75 | ... BJ257: =AD257/$AF257 -> 0 | BK257: =F257*AG257 -> 1134.1925 | BL257: =SUM(G257:R257)*AG257 -> 1000.71 | BM257: =SUM(S257:AD257)*AG257 -> 0 | BN257: =G257*$AG257 -> 63.98271 | BO257: =H257*$AG257 -> 75.876768 | BP257: =I257*$AG257 -> 101.93812 | BQ257: =J257*$AG257 -> 128.40815 | BR257: =K257*$AG257 -> 105.55657 | BS257: =L257*$AG257 -> 85.659354 | BT257: =M257*$AG257 -> 17.96454 | BU257: =N257*$AG257 -> 37.086984 | ... CK257: =AD257*$AG257 -> 0
A258: =VLOOKUP($C258,'Tech Pallet'!$A:$J,10,0) -> NOV | B258: =VLOOKUP(C258,'Tech Pallet'!A:I,3,0) -> MG Sticks | C258: =VLOOKUP($D258,'DU -UCC'!B:C,2,0) -> 64330612 | D258: 10077567003444 | E258: MG Double Caramel 6-6PK | F258: 60897 | G258: 4495 | H258: 4602 | I258: 6828 | J258: 6956 | K258: 6910 | L258: 2265 | M258: 12290 | N258: 6854 | O258: 5863 | P258: 5291 | Q258: 5044 | R258: 5642 | AE258: =SUM(F258:AD258) -> 133937 | AF258: =VLOOKUP($C258,'Tech Pallet'!$A:$I,9,0) -> 143 | AG258: =VLOOKUP($C258,'Tech Pallet'!$A:$H,8,0) -> 0.00324 | AH258: =SUM(G258:R258) -> 73040 | AI258: =SUM(S258:AD258) -> 0 | AJ258: =F258/AF258 -> 425.85315 | AK258: =SUM(G258:R258)/AF258 -> 510.76923 | AL258: =SUM(S258:AD258)/AF258 -> 0 | AM258: =G258/$AF258 -> 31.433566 | AN258: =H258/$AF258 -> 32.181818 | AO258: =I258/$AF258 -> 47.748252 | AP258: =J258/$AF258 -> 48.643357 | AQ258: =K258/$AF258 -> 48.321678 | AR258: =L258/$AF258 -> 15.839161 | AS258: =M258/$AF258 -> 85.944056 | AT258: =N258/$AF258 -> 47.93007 | ... BJ258: =AD258/$AF258 -> 0 | BK258: =F258*AG258 -> 197.30628 | BL258: =SUM(G258:R258)*AG258 -> 236.6496 | BM258: =SUM(S258:AD258)*AG258 -> 0 | BN258: =G258*$AG258 -> 14.5638 | BO258: =H258*$AG258 -> 14.91048 | BP258: =I258*$AG258 -> 22.12272 | BQ258: =J258*$AG258 -> 22.53744 | BR258: =K258*$AG258 -> 22.3884 | BS258: =L258*$AG258 -> 7.3386 | BT258: =M258*$AG258 -> 39.8196 | BU258: =N258*$AG258 -> 22.20696 | ... CK258: =AD258*$AG258 -> 0
A259: =VLOOKUP($C259,'Tech Pallet'!$A:$J,10,0) -> PIC | B259: =VLOOKUP(C259,'Tech Pallet'!A:I,3,0) -> Talenti | C259: =VLOOKUP($D259,'DU -UCC'!B:C,2,0) -> 64369031 | D259: 10186852001611 | E259: TAL ND Double Cookie Crunch 8 1PT | F259: 109122 | G259: 7680 | H259: 8685 | I259: 8986 | J259: 0 | K259: 4110 | L259: 15735 | M259: 5970 | N259: 6660 | O259: 6270 | P259: 7815 | Q259: 6240 | R259: 5490 | AE259: =SUM(F259:AD259) -> 192763 | AF259: =VLOOKUP($C259,'Tech Pallet'!$A:$I,9,0) -> 255 | AG259: =VLOOKUP($C259,'Tech Pallet'!$A:$H,8,0) -> 0.003784 | AH259: =SUM(G259:R259) -> 83641 | AI259: =SUM(S259:AD259) -> 0 | AJ259: =F259/AF259 -> 427.92941 | AK259: =SUM(G259:R259)/AF259 -> 328.00392 | AL259: =SUM(S259:AD259)/AF259 -> 0 | AM259: =G259/$AF259 -> 30.117647 | AN259: =H259/$AF259 -> 34.058824 | AO259: =I259/$AF259 -> 35.239216 | AP259: =J259/$AF259 -> 0 | AQ259: =K259/$AF259 -> 16.117647 | AR259: =L259/$AF259 -> 61.705882 | AS259: =M259/$AF259 -> 23.411765 | AT259: =N259/$AF259 -> 26.117647 | ... BJ259: =AD259/$AF259 -> 0 | BK259: =F259*AG259 -> 412.91765 | BL259: =SUM(G259:R259)*AG259 -> 316.49754 | BM259: =SUM(S259:AD259)*AG259 -> 0 | BN259: =G259*$AG259 -> 29.06112 | BO259: =H259*$AG259 -> 32.86404 | BP259: =I259*$AG259 -> 34.003024 | BQ259: =J259*$AG259 -> 0 | BR259: =K259*$AG259 -> 15.55224 | BS259: =L259*$AG259 -> 59.54124 | BT259: =M259*$AG259 -> 22.59048 | BU259: =N259*$AG259 -> 25.20144 | ... CK259: =AD259*$AG259 -> 0
A260: =VLOOKUP($C260,'Tech Pallet'!$A:$J,10,0) -> NOV | B260: =VLOOKUP(C260,'Tech Pallet'!A:I,3,0) -> BJ Bars | C260: =VLOOKUP($D260,'DU -UCC'!B:C,2,0) -> 65540451 | D260: 10076840004673 | E260: BJ US-BAR-Cookie Dough OOH 8-4pk | G260: 0 | H260: 0 | I260: 0 | J260: 0 | K260: 0 | L260: 0 | M260: 0 | N260: 0 | O260: 0 | P260: 0 | Q260: 0 | R260: 0 | AE260: =SUM(F260:AD260) -> 0 | AF260: =VLOOKUP($C260,'Tech Pallet'!$A:$I,9,0) -> 165 | AG260: =VLOOKUP($C260,'Tech Pallet'!$A:$H,8,0) -> 0.0024 | AH260: =SUM(G260:R260) -> 0 | AI260: =SUM(S260:AD260) -> 0 | AJ260: =F260/AF260 -> 0 | AK260: =SUM(G260:R260)/AF260 -> 0 | AL260: =SUM(S260:AD260)/AF260 -> 0 | AM260: =G260/$AF260 -> 0 | AN260: =H260/$AF260 -> 0 | AO260: =I260/$AF260 -> 0 | AP260: =J260/$AF260 -> 0 | AQ260: =K260/$AF260 -> 0 | AR260: =L260/$AF260 -> 0 | AS260: =M260/$AF260 -> 0 | AT260: =N260/$AF260 -> 0 | ... BJ260: =AD260/$AF260 -> 0 | BK260: =F260*AG260 -> 0 | BL260: =SUM(G260:R260)*AG260 -> 0 | BM260: =SUM(S260:AD260)*AG260 -> 0 | BN260: =G260*$AG260 -> 0 | BO260: =H260*$AG260 -> 0 | BP260: =I260*$AG260 -> 0 | BQ260: =J260*$AG260 -> 0 | BR260: =K260*$AG260 -> 0 | BS260: =L260*$AG260 -> 0 | BT260: =M260*$AG260 -> 0 | BU260: =N260*$AG260 -> 0 | ... CK260: =AD260*$AG260 -> 0
A261: =VLOOKUP($C261,'Tech Pallet'!$A:$J,10,0) -> PIC | B261: =VLOOKUP(C261,'Tech Pallet'!A:I,3,0) -> BJ PTS | C261: =VLOOKUP($D261,'DU -UCC'!B:C,2,0) -> 69797289 | D261: 10076840004048 | E261: BJ US-IC-Impretzively Fudged-8 1PT | F261: 181816 | G261: 6790 | H261: 9546 | I261: 8555 | J261: 10284 | K261: 7188 | L261: 8816 | M261: 7750 | N261: 6892 | O261: 6234 | P261: 6507 | Q261: 5192 | R261: 5382 | AE261: =SUM(F261:AD261) -> 270952 | AF261: =VLOOKUP($C261,'Tech Pallet'!$A:$I,9,0) -> 240 | AG261: =VLOOKUP($C261,'Tech Pallet'!$A:$H,8,0) -> 0.003784 | AH261: =SUM(G261:R261) -> 89136 | AI261: =SUM(S261:AD261) -> 0 | AJ261: =F261/AF261 -> 757.56667 | AK261: =SUM(G261:R261)/AF261 -> 371.4 | AL261: =SUM(S261:AD261)/AF261 -> 0 | AM261: =G261/$AF261 -> 28.291667 | AN261: =H261/$AF261 -> 39.775 | AO261: =I261/$AF261 -> 35.645833 | AP261: =J261/$AF261 -> 42.85 | AQ261: =K261/$AF261 -> 29.95 | AR261: =L261/$AF261 -> 36.733333 | AS261: =M261/$AF261 -> 32.291667 | AT261: =N261/$AF261 -> 28.716667 | ... BJ261: =AD261/$AF261 -> 0 | BK261: =F261*AG261 -> 687.99174 | BL261: =SUM(G261:R261)*AG261 -> 337.29062 | BM261: =SUM(S261:AD261)*AG261 -> 0 | BN261: =G261*$AG261 -> 25.69336 | BO261: =H261*$AG261 -> 36.122064 | BP261: =I261*$AG261 -> 32.37212 | BQ261: =J261*$AG261 -> 38.914656 | BR261: =K261*$AG261 -> 27.199392 | BS261: =L261*$AG261 -> 33.359744 | BT261: =M261*$AG261 -> 29.326 | BU261: =N261*$AG261 -> 26.079328 | ... CK261: =AD261*$AG261 -> 0
A262: =VLOOKUP($C262,'Tech Pallet'!$A:$J,10,0) -> NOV | B262: =VLOOKUP(C262,'Tech Pallet'!A:I,3,0) -> MG Sticks | C262: =VLOOKUP($D262,'DU -UCC'!B:C,2,0) -> 64393719 | D262: 10077567003918 | E262: BR Carbsmart Strawberry Bar 8-6PK | F262: 0 | G262: 4978 | H262: 5655 | I262: 6357 | J262: 5863 | K262: 7579 | L262: 10244 | M262: 7829 | N262: 5668 | O262: 5603 | P262: 5239 | Q262: 4914 | R262: 3341 | AE262: =SUM(F262:AD262) -> 73270 | AF262: =VLOOKUP($C262,'Tech Pallet'!$A:$I,9,0) -> 143 | AG262: =VLOOKUP($C262,'Tech Pallet'!$A:$H,8,0) -> 0.004256 | AH262: =SUM(G262:R262) -> 73270 | AI262: =SUM(S262:AD262) -> 0 | AJ262: =F262/AF262 -> 0 | AK262: =SUM(G262:R262)/AF262 -> 512.37762 | AL262: =SUM(S262:AD262)/AF262 -> 0 | AM262: =G262/$AF262 -> 34.811189 | AN262: =H262/$AF262 -> 39.545455 | AO262: =I262/$AF262 -> 44.454545 | AP262: =J262/$AF262 -> 41 | AQ262: =K262/$AF262 -> 53 | AR262: =L262/$AF262 -> 71.636364 | AS262: =M262/$AF262 -> 54.748252 | AT262: =N262/$AF262 -> 39.636364 | ... BJ262: =AD262/$AF262 -> 0 | BK262: =F262*AG262 -> 0 | BL262: =SUM(G262:R262)*AG262 -> 311.83712 | BM262: =SUM(S262:AD262)*AG262 -> 0 | BN262: =G262*$AG262 -> 21.186368 | BO262: =H262*$AG262 -> 24.06768 | BP262: =I262*$AG262 -> 27.055392 | BQ262: =J262*$AG262 -> 24.952928 | BR262: =K262*$AG262 -> 32.256224 | BS262: =L262*$AG262 -> 43.598464 | BT262: =M262*$AG262 -> 33.320224 | BU262: =N262*$AG262 -> 24.123008 | ... CK262: =AD262*$AG262 -> 0
A263: =VLOOKUP($C263,'Tech Pallet'!$A:$J,10,0) -> NOV | B263: =VLOOKUP(C263,'Tech Pallet'!A:I,3,0) -> Other | C263: =VLOOKUP($D263,'DU -UCC'!B:C,2,0) -> 65468644 | D263: 10840473400436 | E263: PS Soccer Ball IH 1-12pk | G263: 0 | H263: 0 | I263: 0 | J263: 0 | K263: 0 | L263: 0 | M263: 0 | N263: 0 | O263: 0 | P263: 0 | Q263: 0 | R263: 0 | AE263: =SUM(F263:AD263) -> 0 | AF263: =VLOOKUP($C263,'Tech Pallet'!$A:$I,9,0) -> 437 | AG263: =VLOOKUP($C263,'Tech Pallet'!$A:$H,8,0) -> 0.00072 | AH263: =SUM(G263:R263) -> 0 | AI263: =SUM(S263:AD263) -> 0 | AJ263: =F263/AF263 -> 0 | AK263: =SUM(G263:R263)/AF263 -> 0 | AL263: =SUM(S263:AD263)/AF263 -> 0 | AM263: =G263/$AF263 -> 0 | AN263: =H263/$AF263 -> 0 | AO263: =I263/$AF263 -> 0 | AP263: =J263/$AF263 -> 0 | AQ263: =K263/$AF263 -> 0 | AR263: =L263/$AF263 -> 0 | AS263: =M263/$AF263 -> 0 | AT263: =N263/$AF263 -> 0 | ... BJ263: =AD263/$AF263 -> 0 | BK263: =F263*AG263 -> 0 | BL263: =SUM(G263:R263)*AG263 -> 0 | BM263: =SUM(S263:AD263)*AG263 -> 0 | BN263: =G263*$AG263 -> 0 | BO263: =H263*$AG263 -> 0 | BP263: =I263*$AG263 -> 0 | BQ263: =J263*$AG263 -> 0 | BR263: =K263*$AG263 -> 0 | BS263: =L263*$AG263 -> 0 | BT263: =M263*$AG263 -> 0 | BU263: =N263*$AG263 -> 0 | ... CK263: =AD263*$AG263 -> 0
A264: =VLOOKUP($C264,'Tech Pallet'!$A:$J,10,0) -> NOV | B264: =VLOOKUP(C264,'Tech Pallet'!A:I,3,0) -> Other | C264: =VLOOKUP($D264,'DU -UCC'!B:C,2,0) -> 64960643 | D264: 10077567004458 | E264: PS Orange Regular IH 6-12pk | G264: 0 | H264: 0 | I264: 0 | J264: 0 | K264: 0 | L264: 0 | M264: 0 | N264: 0 | O264: 0 | P264: 0 | Q264: 0 | R264: 0 | AE264: =SUM(F264:AD264) -> 0 | AF264: =VLOOKUP($C264,'Tech Pallet'!$A:$I,9,0) -> 170 | AG264: =VLOOKUP($C264,'Tech Pallet'!$A:$H,8,0) -> 0.003516 | AH264: =SUM(G264:R264) -> 0 | AI264: =SUM(S264:AD264) -> 0 | AJ264: =F264/AF264 -> 0 | AK264: =SUM(G264:R264)/AF264 -> 0 | AL264: =SUM(S264:AD264)/AF264 -> 0 | AM264: =G264/$AF264 -> 0 | AN264: =H264/$AF264 -> 0 | AO264: =I264/$AF264 -> 0 | AP264: =J264/$AF264 -> 0 | AQ264: =K264/$AF264 -> 0 | AR264: =L264/$AF264 -> 0 | AS264: =M264/$AF264 -> 0 | AT264: =N264/$AF264 -> 0 | ... BJ264: =AD264/$AF264 -> 0 | BK264: =F264*AG264 -> 0 | BL264: =SUM(G264:R264)*AG264 -> 0 | BM264: =SUM(S264:AD264)*AG264 -> 0 | BN264: =G264*$AG264 -> 0 | BO264: =H264*$AG264 -> 0 | BP264: =I264*$AG264 -> 0 | BQ264: =J264*$AG264 -> 0 | BR264: =K264*$AG264 -> 0 | BS264: =L264*$AG264 -> 0 | BT264: =M264*$AG264 -> 0 | BU264: =N264*$AG264 -> 0 | ... CK264: =AD264*$AG264 -> 0
A265: =VLOOKUP($C265,'Tech Pallet'!$A:$J,10,0) -> PIC | B265: =VLOOKUP(C265,'Tech Pallet'!A:I,3,0) -> BJ PTS | C265: =VLOOKUP($D265,'DU -UCC'!B:C,2,0) -> 69999271 | D265: 10076840074034 | E265: BJ US-IC-PumpkinCheesecakLTD-FTNG-8 1PT | F265: 84702 | G265: 844 | H265: 611 | I265: 670 | J265: 594 | K265: 796 | L265: 353 | M265: 9339 | N265: 15376 | O265: 14170 | P265: 11781 | Q265: 3393 | R265: 2916 | AE265: =SUM(F265:AD265) -> 145545 | AF265: =VLOOKUP($C265,'Tech Pallet'!$A:$I,9,0) -> 240 | AG265: =VLOOKUP($C265,'Tech Pallet'!$A:$H,8,0) -> 0.003784 | AH265: =SUM(G265:R265) -> 60843 | AI265: =SUM(S265:AD265) -> 0 | AJ265: =F265/AF265 -> 352.925 | AK265: =SUM(G265:R265)/AF265 -> 253.5125 | AL265: =SUM(S265:AD265)/AF265 -> 0 | AM265: =G265/$AF265 -> 3.5166667 | AN265: =H265/$AF265 -> 2.5458333 | AO265: =I265/$AF265 -> 2.7916667 | AP265: =J265/$AF265 -> 2.475 | AQ265: =K265/$AF265 -> 3.3166667 | AR265: =L265/$AF265 -> 1.4708333 | AS265: =M265/$AF265 -> 38.9125 | AT265: =N265/$AF265 -> 64.066667 | ... BJ265: =AD265/$AF265 -> 0 | BK265: =F265*AG265 -> 320.51237 | BL265: =SUM(G265:R265)*AG265 -> 230.22991 | BM265: =SUM(S265:AD265)*AG265 -> 0 | BN265: =G265*$AG265 -> 3.193696 | BO265: =H265*$AG265 -> 2.312024 | BP265: =I265*$AG265 -> 2.53528 | BQ265: =J265*$AG265 -> 2.247696 | BR265: =K265*$AG265 -> 3.012064 | BS265: =L265*$AG265 -> 1.335752 | BT265: =M265*$AG265 -> 35.338776 | BU265: =N265*$AG265 -> 58.182784 | ... CK265: =AD265*$AG265 -> 0
A266: =VLOOKUP($C266,'Tech Pallet'!$A:$J,10,0) -> NOV | B266: =VLOOKUP(C266,'Tech Pallet'!A:I,3,0) -> Yasso Poppables | C266: =VLOOKUP($D266,'DU -UCC'!B:C,2,0) -> 64325625 | D266: 10851035003033 | E266: Yasso Vanilla Bean Poppables 10-6.84flz | F266: 152485 | G266: 16986 | H266: 3236 | I266: 4958 | J266: 26006 | K266: 11651 | L266: 20580 | M266: 13681 | N266: 8864 | O266: 12485 | P266: 5690 | Q266: 2552 | R266: 5906 | AE266: =SUM(F266:AD266) -> 285080 | AF266: =VLOOKUP($C266,'Tech Pallet'!$A:$I,9,0) -> 200 | AG266: =VLOOKUP($C266,'Tech Pallet'!$A:$H,8,0) -> 0.00202 | AH266: =SUM(G266:R266) -> 132595 | AI266: =SUM(S266:AD266) -> 0 | AJ266: =F266/AF266 -> 762.425 | AK266: =SUM(G266:R266)/AF266 -> 662.975 | AL266: =SUM(S266:AD266)/AF266 -> 0 | AM266: =G266/$AF266 -> 84.93 | AN266: =H266/$AF266 -> 16.18 | AO266: =I266/$AF266 -> 24.79 | AP266: =J266/$AF266 -> 130.03 | AQ266: =K266/$AF266 -> 58.255 | AR266: =L266/$AF266 -> 102.9 | AS266: =M266/$AF266 -> 68.405 | AT266: =N266/$AF266 -> 44.32 | ... BJ266: =AD266/$AF266 -> 0 | BK266: =F266*AG266 -> 308.0197 | BL266: =SUM(G266:R266)*AG266 -> 267.8419 | BM266: =SUM(S266:AD266)*AG266 -> 0 | BN266: =G266*$AG266 -> 34.31172 | BO266: =H266*$AG266 -> 6.53672 | BP266: =I266*$AG266 -> 10.01516 | BQ266: =J266*$AG266 -> 52.53212 | BR266: =K266*$AG266 -> 23.53502 | BS266: =L266*$AG266 -> 41.5716 | BT266: =M266*$AG266 -> 27.63562 | BU266: =N266*$AG266 -> 17.90528 | ... CK266: =AD266*$AG266 -> 0
A267: =VLOOKUP($C267,'Tech Pallet'!$A:$J,10,0) -> PIC | B267: =VLOOKUP(C267,'Tech Pallet'!A:I,3,0) -> BJ PTS | C267: =VLOOKUP($D267,'DU -UCC'!B:C,2,0) -> 64387483 | D267: 10076840004284 | E267: BJ US-NDO-ChocCaramelBrownie-8 1PT | F267: 15 | G267: 5435 | H267: 2947 | I267: 3849 | J267: 11436 | K267: 7087 | L267: 8854 | M267: 10035 | N267: 8676 | O267: 9734 | P267: 6080 | Q267: 5987 | R267: 6027 | AE267: =SUM(F267:AD267) -> 86162 | AF267: =VLOOKUP($C267,'Tech Pallet'!$A:$I,9,0) -> 240 | AG267: =VLOOKUP($C267,'Tech Pallet'!$A:$H,8,0) -> 0.003784 | AH267: =SUM(G267:R267) -> 86147 | AI267: =SUM(S267:AD267) -> 0 | AJ267: =F267/AF267 -> 0.0625 | AK267: =SUM(G267:R267)/AF267 -> 358.94583 | AL267: =SUM(S267:AD267)/AF267 -> 0 | AM267: =G267/$AF267 -> 22.645833 | AN267: =H267/$AF267 -> 12.279167 | AO267: =I267/$AF267 -> 16.0375 | AP267: =J267/$AF267 -> 47.65 | AQ267: =K267/$AF267 -> 29.529167 | AR267: =L267/$AF267 -> 36.891667 | AS267: =M267/$AF267 -> 41.8125 | AT267: =N267/$AF267 -> 36.15 | ... BJ267: =AD267/$AF267 -> 0 | BK267: =F267*AG267 -> 0.05676 | BL267: =SUM(G267:R267)*AG267 -> 325.98025 | BM267: =SUM(S267:AD267)*AG267 -> 0 | BN267: =G267*$AG267 -> 20.56604 | BO267: =H267*$AG267 -> 11.151448 | BP267: =I267*$AG267 -> 14.564616 | BQ267: =J267*$AG267 -> 43.273824 | BR267: =K267*$AG267 -> 26.817208 | BS267: =L267*$AG267 -> 33.503536 | BT267: =M267*$AG267 -> 37.97244 | BU267: =N267*$AG267 -> 32.829984 | ... CK267: =AD267*$AG267 -> 0
...

Sheet Sheet1
A1: DU | B1: DU Description | C1: Sub Tech | D1: Main Tech | E1: Numerator | F1: Denominator | G1: Liters per case | H1: Litons | I1: Per Pallet | J1: Segment
A2: 62689431 | B2: BJ US-IC-Mango-1 2.4GAL | C2: 2.4 Gal | D2: 2.4 Gal | E2: 200 | F2: 1817 | G2: 9.085 | H2: 0.009085 | I2: 125 | J2: PIC
A3: 62735647 | B3: BJ US-NDO-ChocChpCookDgh-1 2.4g | C3: 2.4 Gal | D3: 2.4 Gal | E3: 200 | F3: 1817 | G3: 9.085 | H3: 0.009085 | I3: 125 | J3: PIC
A4: 64799252 | B4: BJ US-NDO MochaccinoChip-1 2.4Gal | C4: 2.4 Gal | D4: 2.4 Gal | E4: 200 | F4: 1817 | G4: 9.085 | H4: 0.009085 | I4: 125 | J4: PIC
A5: 64799253 | B5: BJ US-NDOStrawbSwirl-1 2.4Gal | C5: 2.4 Gal | D5: 2.4 Gal | E5: 250 | F5: 2271 | G5: 9.084 | H5: 0.009084 | I5: 125 | J5: PIC
A6: 64799254 | B6: BJ US-IC Ultraviolet-1 2.4Gal | C6: 2.4 Gal | D6: 2.4 Gal | E6: 200 | F6: 1817 | G6: 9.085 | H6: 0.009085 | I6: 125 | J6: PIC
A7: 64924302 | B7: BJ US-SRB-BerryExtra-1 2.4 G | C7: 2.4 Gal | D7: 2.4 Gal | E7: 200 | F7: 1817 | G7: 9.085 | H7: 0.009085 | I7: 125 | J7: PIC
A8: 65451950 | B8: BJ US-IC Honey Graham Latte-1 2.4Gal | C8: 2.4 Gal | D8: 2.4 Gal | E8: 200 | F8: 1817 | G8: 9.085 | H8: 0.009085 | I8: 125 | J8: PIC
A9: 67278370 | B9: BJ US-SRB-Lemonade-1 2.4 G | C9: 2.4 Gal | D9: 2.4 Gal | E9: 1061 | F9: 9639 | G9: 9.0848256 | H9: 0.0090848256 | I9: 125 | J9: PIC
A10: 67825196 | B10: BJ US-IC-TonightDough-FTNG-1 2.4G | C10: 2.4 Gal | D10: 2.4 Gal | E10: 1061 | F10: 9639 | G10: 9.0848256 | H10: 0.0090848256 | I10: 125 | J10: PIC
A11: 67825197 | B11: BJ US-IC-ChunkyMonkey-FTNG-1 2.4G | C11: 2.4 Gal | D11: 2.4 Gal | E11: 1061 | F11: 9639 | G11: 9.0848256 | H11: 0.0090848256 | I11: 125 | J11: PIC
A12: 67825198 | B12: BJ US-IC-Milk+Cookies-FTNG-1 2.4G | C12: 2.4 Gal | D12: 2.4 Gal | E12: 1061 | F12: 9639 | G12: 9.0848256 | H12: 0.0090848256 | I12: 125 | J12: PIC
A13: 68354578 | B13: BJ US-IC-HalfBaked-1 2.4G | C13: 2.4 Gal | D13: 2.4 Gal | E13: 1061 | F13: 9639 | G13: 9.0848256 | H13: 0.0090848256 | I13: 125 | J13: PIC
... A179: 67794167 | B179: BJ US-IC-Milk+Cookies-8 1PT | C179: BJ PTS | D179: BJ PTS | E179: 15625 | F179: 59146 | G179: 3.785344 | H179: 0.003785344 | I179: 240 | J179: PIC
A180: 84164936 | B180: BJ US-IC-MintChocCookie-8 1PT | C180: BJ PTS | D180: BJ PTS | E180: 15625 | F180: 59146 | G180: 3.785344 | H180: 0.003785344 | I180: 240 | J180: PIC | K180: 0.063089067 | L180: 0.7570688
A181: 67794168 | B181: BJ US-IC-MntrWndrland-8 1PT | C181: BJ PTS | D181: BJ PTS | E181: 15625 | F181: 59146 | G181: 3.785344 | H181: 0.003785344 | I181: 240 | J181: PIC
A182: 68940226 | B182: BJ US-IC-MoussePie-8 1PT | C182: BJ PTS | D182: BJ PTS | E182: 125 | F182: 473 | G182: 3.784 | H182: 0.003784 | I182: 240 | J182: PIC
A183: 67904289 | B183: BJ US-IC-Netflix+Chillld-8 1PT | C183: BJ PTS | D183: BJ PTS | E183: 125 | F183: 473 | G183: 3.784 | H183: 0.003784 | I183: 240 | J183: PIC
A184: 84136704 | B184: BJ US-IC-NewYrkSprFdgChnk-FTNG-8 1PT | C184: BJ PTS | D184: BJ PTS | E184: 15625 | F184: 59146 | G184: 3.785344 | H184: 0.003785344 | I184: 240 | J184: PIC
A185: 69797296 | B185: BJ US-IC-PB Smore-8 1PT | C185: BJ PTS | D185: BJ PTS | E185: 125 | F185: 473 | G185: 3.784 | H185: 0.003784 | I185: 240 | J185: PIC
A186: 67789314 | B186: BJ US-IC-PBHalfBaked-8 1 PT | C186: BJ PTS | D186: BJ PTS | E186: 15625 | F186: 59146 | G186: 3.785344 | H186: 0.003785344 | I186: 240 | J186: PIC
A187: 69716745 | B187: BJ US-IC-PBHalfBaked-8 1 PT | C187: BJ PTS | D187: BJ PTS | E187: 125 | F187: 473 | G187: 3.784 | H187: 0.003784 | I187: 240 | J187: PIC
A188: 67430513 | B188: BJ US-IC-PeanutButterCup-8 1PT | C188: BJ PTS | D188: BJ PTS | E188: 125 | F188: 473 | G188: 3.784 | H188: 0.003784 | I188: 240 | J188: PIC
A189: 67794170 | B189: BJ US-IC-PeanutButterWorld-8 1PT | C189: BJ PTS | D189: BJ PTS | E189: 15625 | F189: 59146 | G189: 3.785344 | H189: 0.003785344 | I189: 240 | J189: PIC
A190: 84138391 | B190: BJ US-IC-PhishFood-FTNG-8 1PT | C190: BJ PTS | D190: BJ PTS | E190: 15625 | F190: 59146 | G190: 3.785344 | H190: 0.003785344 | I190: 240 | J190: PIC
A191: 84135770 | B191: BJ US-IC-PistachioPistachio-FTNG-8 1PT | C191: BJ PTS | D191: BJ PTS | E191: 15625 | F191: 59146 | G191: 3.785344 | H191: 0.003785344 | I191: 240 | J191: PIC
A192: 69999271 | B192: BJ US-IC-PumpkinCheesecakLTD-FTNG-8 1PT | C192: BJ PTS | D192: BJ PTS | E192: 125 | F192: 473 | G192: 3.784 | H192: 0.003784 | I192: 240 | J192: PIC
... A383: 64979101 | B383: GH Reeses Candy Bar 1-24PK | C383: Other | D383: Other | E383: 25 | F383: 36 | G383: 1.44 | H383: 0.00144 | I383: 392 | J383: NOV
A384: 64973976 | B384: BR Reeses Mini Cups 1-12PK | C384: Other | D384: Other | G384: 1.0644 | H384: 0.0010644 | I384: 190 | J384: NOV
A385: 65472837 | B385: PS Twister Club 1-15pk | C385: Other | D385: Other | E385: 100 | F385: 7 | G385: 1.04 | H385: 0.00104 | I385: 275 | J385: NOV
A386: 62714126 | B386: PS OCG SF 6-18PK | C386: PG | D386: PG | E386: 250 | F386: 1317 | G386: 5.268 | H386: 0.005268 | I386: 130 | J386: NOV
A387: 62714129 | B387: PS OCG 6-18PK | C387: PG | D387: PG | E387: 250 | F387: 1317 | G387: 5.268 | H387: 0.005268 | I387: 130 | J387: NOV
A388: 64341106 | B388: PS Jolly Rancher Pop 6-18PK | C388: PG | D388: PG | E388: 250 | F388: 1317 | G388: 5.268 | H388: 0.005268 | I388: 130 | J388: NOV
A389: 64341107 | B389: PS Jolly Rancher Sour 6-18PK | C389: PG | D389: PG | E389: 250 | F389: 1317 | G389: 5.268 | H389: 0.005268 | I389: 130 | J389: NOV
A390: 64776952 | B390: PS Firecracker 6-18PK | C390: PG | D390: PG | E390: 500 | F390: 2547 | G390: 5.094 | H390: 0.005094 | I390: 130 | J390: NOV
A391: 64776954 | B391: PS Scribblers Natural 6-18PK | C391: pG | D391: pG | E391: 500 | F391: 1917 | G391: 3.834 | H391: 0.003834 | I391: 130 | J391: NOV
A392: 64776958 | B392: PS OCG 6-18PK | C392: PG | D392: PG | E392: 250 | F392: 1317 | G392: 5.268 | H392: 0.005268 | I392: 130 | J392: NOV
A393: 64833353 | B393: PS SF Tropical 6-18PK | C393: PG | D393: PG | E393: 25 | F393: 132 | G393: 5.28 | H393: 0.00528 | I393: 130 | J393: NOV
A394: 69629468 | B394: PS Fudgesicle NSA 6-18PK | C394: PG | D394: PG | E394: 250 | F394: 1317 | G394: 5.268 | H394: 0.005268 | I394: 130 | J394: NOV
A395: 69725082 | B395: PS OCG 6-18PK | C395: PG | D395: PG | E395: 250 | F395: 1317 | G395: 5.268 | H395: 0.005268 | I395: 130 | J395: NOV
A396: 69725083 | B396: PS SF Tropical 6-18PK | C396: PG | D396: PG | E396: 250 | F396: 1317 | G396: 5.268 | H396: 0.005268 | I396: 130 | J396: NOV
... A591: 64999073 | B591: Yasso Cookies n Cream 8-14z | C591: YS PTS | D591: YS PTS | E591: 125 | F591: 414 | G591: 3.312 | H591: 0.003312 | I591: 240 | J591: PIC

Sheet MRF 24
A1: DU | B1: UCC | C1: Description | D1: 45292 | E1: 45323 | F1: 45352 | G1: 45383 | H1: 45413 | I1: 45444 | J1: 45474 | K1: 45505 | L1: 45536 | M1: 45566 | N1: 45597 | O1: 45627
A2: =VLOOKUP($B2,'DU -UCC'!#REF!,2,0) -> #REF! | B2: 10076840870902 | C2: BJ Choc Chk Ckie Btr 6 6 LB | D2: 135 | E2: 54 | F2: 121 | G2: 113 | H2: 146 | I2: 166 | J2: 94 | K2: 102 | L2: 42 | M2: 77.36241 | N2: 86 | O2: 87.714
A3: =VLOOKUP($B3,'DU -UCC'!#REF!,2,0) -> #REF! | B3: 10076840363947 | C3: BJ US-COR-PeanutButterFudge-FTNG-8 1PT | D3: 1208 | E3: 17 | F3: 0 | G3: 0 | H3: 0 | I3: 0 | J3: 0 | K3: 0 | L3: 0 | M3: 0 | N3: 0 | O3: 0
A4: =VLOOKUP($B4,'DU -UCC'!#REF!,2,0) -> #REF! | B4: 10850001974407 | C4: Yasso Vanilla Bean Mochi 8-6pk | D4: 198 | E4: 72 | F4: 1098 | G4: 0 | H4: 0 | I4: 0 | J4: 0 | K4: 0 | L4: 0 | M4: 0 | N4: 0 | O4: 0
A5: =VLOOKUP($B5,'DU -UCC'!#REF!,2,0) -> #REF! | B5: 10076840101532 | C5: BJ US-FY-HalfBaked-8 1PT | D5: 1115 | E5: 195 | F5: 24 | G5: 50 | H5: 0 | I5: 0 | J5: 0 | K5: 0 | L5: 0 | M5: 0 | N5: 0 | O5: 0
A6: =VLOOKUP($B6,'DU -UCC'!#REF!,2,0) -> #REF! | B6: 10851035003668 | C6: Yasso Peanut Butter Sandwich 7-4pk | D6: 1365 | E6: 42 | F6: 0 | G6: 0 | H6: 0 | I6: 0 | J6: 0 | K6: 0 | L6: 0 | M6: 0 | N6: 0 | O6: 0
A7: =VLOOKUP($B7,'DU -UCC'!#REF!,2,0) -> #REF! | B7: 10076840003812 | C7: BJ US-IC-ChocLoveAfair-8 1PT LTD | D7: 798 | E7: 504 | F7: 126 | G7: 0 | H7: 0 | I7: 0 | J7: 0 | K7: 0 | L7: 0 | M7: 0.001709168 | N7: 0.001124677 | O7: 0.003563984
A8: =VLOOKUP($B8,'DU -UCC'!#REF!,2,0) -> #REF!
A9: =VLOOKUP($B9,'DU -UCC'!#REF!,2,0) -> #REF!
A10: =VLOOKUP($B10,'DU -UCC'!#REF!,2,0) -> #REF!
A11: =VLOOKUP($B11,'DU -UCC'!#REF!,2,0) -> #REF!
A12: =VLOOKUP($B12,'DU -UCC'!#REF!,2,0) -> #REF!
A13: =VLOOKUP($B13,'DU -UCC'!#REF!,2,0) -> #REF!
A14: =VLOOKUP($B14,'DU -UCC'!#REF!,2,0) -> #REF!
A15: =VLOOKUP($B15,'DU -UCC'!#REF!,2,0) -> #REF!
A16: =VLOOKUP($B16,'DU -UCC'!#REF!,2,0) -> #REF!
A17: =VLOOKUP($B17,'DU -UCC'!#REF!,2,0) -> #REF!
A18: =VLOOKUP($B18,'DU -UCC'!#REF!,2,0) -> #REF!
A19: =VLOOKUP($B19,'DU -UCC'!#REF!,2,0) -> #REF!
... A381: =VLOOKUP($B381,'DU -UCC'!#REF!,2,0) -> #REF!

Sheet DU -UCC
A1: Description | B1: EAN/UPC | C1: Material
A2: BJ US-NDO-LightsCaramelAction-8 1PT | B2: 10076840003928 | C2: 62678148
A3: BJ US-NDO-AmericoneDream-8 1PT | B3: 10076840002907 | C3: 62678150
A4: BJ US-NDO-PBHalfBaked-8 1PT | B4: 10076840000668 | C4: 62678151
A5: BJ US-NDO-OatmealDreamPie-8 1PT | B5: 10076840003836 | C5: 62678152
A6: BJ US-NDO-TonightDough-8 1PT | B6: 10076840002884 | C6: 62678153
A7: BJ US-IC-Mango-1 2.4GAL | B7: 10076840004123 | C7: 62689431
A8: MG Almond Bar 1-12PK | B8: 10077567158922 | C8: 62694914
A9: BJ US-NDO-ChangetheWhirled-8 1PT | B9: 10076840002976 | C9: 62697527
A10: BJ US-NDO-Milk+Cookies-8 1PT | B10: 10076840002280 | C10: 62697528
A11: BJ US-NDO-COR-KaramelSutra-8 1PT | B11: 10076840002891 | C11: 62697529
A12: BJ US-NDO-MintChocCookie-8 1PT | B12: 10076840002273 | C12: 62697531
A13: MG Dark 8-3PK | B13: 10077567132274 | C13: 62712055
... A600: MG Bars Dubai Chocolate 1-12pk | B600: 10077567004953 | C600: 65594416

Sheet Tech Pallet
A1: DU | B1: DU Description | C1: Sub Tech | D1: Main Tech | E1: Numerator | F1: Denominator | G1: Liters per case | H1: Litons | I1: Per Pallet | J1: Segment
A2: 62689431 | B2: BJ US-IC-Mango-1 2.4GAL | C2: 2.4 Gal | D2: 2.4 Gal | E2: 200 | F2: 1817 | G2: 9.085 | H2: 0.009085 | I2: 125 | J2: PIC
A3: 62735647 | B3: BJ US-NDO-ChocChpCookDgh-1 2.4g | C3: 2.4 Gal | D3: 2.4 Gal | E3: 200 | F3: 1817 | G3: 9.085 | H3: 0.009085 | I3: 125 | J3: PIC
A4: 64799252 | B4: BJ US-NDO MochaccinoChip-1 2.4Gal | C4: 2.4 Gal | D4: 2.4 Gal | E4: 200 | F4: 1817 | G4: 9.085 | H4: 0.009085 | I4: 125 | J4: PIC
A5: 64799253 | B5: BJ US-NDOStrawbSwirl-1 2.4Gal | C5: 2.4 Gal | D5: 2.4 Gal | E5: 250 | F5: 2271 | G5: 9.084 | H5: 0.009084 | I5: 125 | J5: PIC
A6: 64799254 | B6: BJ US-IC Ultraviolet-1 2.4Gal | C6: 2.4 Gal | D6: 2.4 Gal | E6: 200 | F6: 1817 | G6: 9.085 | H6: 0.009085 | I6: 125 | J6: PIC
A7: 64924302 | B7: BJ US-SRB-BerryExtra-1 2.4 G | C7: 2.4 Gal | D7: 2.4 Gal | E7: 200 | F7: 1817 | G7: 9.085 | H7: 0.009085 | I7: 125 | J7: PIC
A8: 65451950 | B8: BJ US-IC Honey Graham Latte-1 2.4Gal | C8: 2.4 Gal | D8: 2.4 Gal | E8: 200 | F8: 1817 | G8: 9.085 | H8: 0.009085 | I8: 125 | J8: PIC
A9: 67278370 | B9: BJ US-SRB-Lemonade-1 2.4 G | C9: 2.4 Gal | D9: 2.4 Gal | E9: 1061 | F9: 9639 | G9: 9.0848256 | H9: 0.0090848256 | I9: 125 | J9: PIC
A10: 67825196 | B10: BJ US-IC-TonightDough-FTNG-1 2.4G | C10: 2.4 Gal | D10: 2.4 Gal | E10: 1061 | F10: 9639 | G10: 9.0848256 | H10: 0.0090848256 | I10: 125 | J10: PIC
A11: 67825197 | B11: BJ US-IC-ChunkyMonkey-FTNG-1 2.4G | C11: 2.4 Gal | D11: 2.4 Gal | E11: 1061 | F11: 9639 | G11: 9.0848256 | H11: 0.0090848256 | I11: 125 | J11: PIC
A12: 67825198 | B12: BJ US-IC-Milk+Cookies-FTNG-1 2.4G | C12: 2.4 Gal | D12: 2.4 Gal | E12: 1061 | F12: 9639 | G12: 9.0848256 | H12: 0.0090848256 | I12: 125 | J12: PIC
A13: 68354578 | B13: BJ US-IC-HalfBaked-1 2.4G | C13: 2.4 Gal | D13: 2.4 Gal | E13: 1061 | F13: 9639 | G13: 9.0848256 | H13: 0.0090848256 | I13: 125 | J13: PIC
... A179: 64989107 | B179: BR Chocolate 6 10CT 3z | C179: BR Minicups | D179: Other | E179: 500 | F179: 2661 | G179: 5.322 | H179: 0.005322 | I179: 120 | J179: NOV
A180: 64989108 | B180: BR HA Natural Vanilla 6 10CT 3z | C180: BR Minicups | D180: Other | E180: 500 | F180: 2661 | G180: 5.322 | H180: 0.005322 | I180: 120 | J180: NOV | K180: =G179/60 -> 0.0887 | L180: =K180*12 -> 1.0644
A181: 64989109 | B181: BR Natural Vanilla 6 10CT 3z | C181: BR Minicups | D181: Other | E181: 500 | F181: 2661 | G181: 5.322 | H181: 0.005322 | I181: 120 | J181: NOV
A182: 69652931 | B182: BR HA Natural Vanilla 6 10CT 3z | C182: BR Minicups | D182: Other | E182: 500 | F182: 2661 | G182: 5.322 | H182: 0.005322 | I182: 120 | J182: NOV
A183: 69653125 | B183: BR Chocolate 6 10CT 3z | C183: BR Minicups | D183: Other | E183: 500 | F183: 2661 | G183: 5.322 | H183: 0.005322 | I183: 120 | J183: NOV
A184: 69653140 | B184: BR Natural Vanilla 6 10CT 3z | C184: BR Minicups | D184: Other | E184: 500 | F184: 2661 | G184: 5.322 | H184: 0.005322 | I184: 120 | J184: NOV
A185: 68264519 | B185: BJ US-CD-Half Baked Dough-8 6z | C185: Dough Bites | D185: Dough Bites | E185: 62500 | F185: 88719 | G185: 1.419504 | H185: 0.001419504 | I185: 256 | J185: NOV
A186: 68654218 | B186: BJ US-CD-PBMix-8 8z | C186: Dough Bites | D186: Dough Bites | E186: 15625 | F186: 29573 | G186: 1.892672 | H186: 0.001892672 | I186: 256 | J186: NOV
A187: 68654232 | B187: BJ US-CD-Smores-8 8z | C187: Dough Bites | D187: Dough Bites | E187: 125 | F187: 237 | G187: 1.896 | H187: 0.001896 | I187: 256 | J187: NOV
A188: 69665113 | B188: BJ US-CD-CCCD-FTNG-8 8z | C188: Dough Bites | D188: Dough Bites | E188: 125 | F188: 227 | G188: 1.816 | H188: 0.001816 | I188: 256 | J188: NOV
A189: 69665114 | B189: BJ US-CD-SugarCookieDough-8 8z | C189: Dough Bites | D189: Dough Bites | E189: 125 | F189: 227 | G189: 1.816 | H189: 0.001816 | I189: 256 | J189: NOV
A190: 68300738 | B190: KL REESES BAR 12-6 PK | C190: EDF | D190: EDF | E190: 125 | F190: 1062 | G190: 8.496 | H190: 0.008496 | I190: 132 | J190: NOV
A191: 68689251 | B191: KL Original Vanilla Bar 12-6PK | C191: EDF | D191: EDF | E191: 125 | F191: 1197 | G191: 9.576 | H191: 0.009576 | I191: 132 | J191: NOV
A192: 68709233 | B192: KL SAB RF NSA Vanilla Bar 12-6PK | C192: EDF | D192: EDF | E192: 125 | F192: 1062 | G192: 8.496 | H192: 0.008496 | I192: 132 | J192: NOV
... A293: 64409245 | B293: Solero Lem citrus mpk USA 8x4x65ml | C293: Other | D293: Other | E293: 1000 | F293: 2080 | G293: 2.08 | H293: 0.00208 | I293: 135 | J293: NOV
A294: 64865906 | B294: Sweet Summits IC Vanilla 1 3GAL | C294: Other | D294: Other | E294: 10 | F294: 113 | G294: =F294/E294 -> 11.3 | H294: 0.0113 | I294: 120 | J294: NOV
A295: 64865948 | B295: Sweet Summits IC Chocolate 1 3GAL | C295: Other | D295: Other | E295: 10 | F295: 113 | G295: 11.3 | H295: 0.0113 | I295: 120 | J295: NOV
A296: 64865961 | B296: Sweet Summits IC Strawberry 1 3GAL | C296: Other | D296: Other | E296: 10 | F296: 113 | G296: 11.3 | H296: 0.0113 | I296: 120 | J296: NOV
A297: 64865964 | B297: Sweet Summits IC Choco Taco 1 3GAL | C297: Other | D297: Other | E297: 10 | F297: 113 | G297: 11.3 | H297: 0.0113 | I297: 120 | J297: NOV
A298: 64967299 | B298: GH Giant Cookies and Cream Cone 1-12PK | C298: Other | D298: Other | E298: 250 | F298: 711 | G298: 2.844 | H298: 0.002844 | I298: 240 | J298: NOV
A299: 64967300 | B299: GH Giant King Cone 1-12PK | C299: Other | D299: Other | E299: 125 | F299: 354 | G299: 2.832 | H299: 0.002832 | I299: 240 | J299: NOV
A300: 64977494 | B300: GH Reeses Candy Bar 8-6PK | C300: Other | D300: Other | E300: 25 | F300: 71 | G300: 2.84 | H300: 0.00284 | I300: 130 | J300: NOV
A301: 64978550 | B301: GH Almond Joy Candy Bar 8-6PK | C301: Other | D301: Other | E301: 25 | F301: 71 | G301: 2.84 | H301: 0.00284 | I301: 130 | J301: NOV
A302: 64979410 | B302: GH Giant Vanilla Sandwich 1-24BK | C302: Other | D302: Other | E302: 125 | F302: 531 | G302: 4.248 | H302: 0.004248 | I302: 324 | J302: NOV
A303: 64997059 | B303: BJ US-IC-Mixed 12PK | C303: Other | D303: Other | E303: 250 | F303: 1419 | G303: 5.676 | H303: 0.005676 | I303: 96 | J303: NOV
A304: 65089667 | B304: BR Carbsmart IC Bars For CS 1(3)6-PK | C304: Other | D304: Other | E304: 1000 | F304: 89 | G304: 0.089 | H304: 8.9e-05 | I304: 150 | J304: NOV
A305: 62714126 | B305: PS OCG SF 6-18PK | C305: PG | D305: PG | E305: 250 | F305: 1317 | G305: 5.268 | H305: 0.005268 | I305: 130 | J305: NOV
A306: 62714129 | B306: PS OCG 6-18PK | C306: PG | D306: PG | E306: 250 | F306: 1317 | G306: 5.268 | H306: 0.005268 | I306: 130 | J306: NOV
... A587: 68788589 | B587: BJ US-CD-CCCD-24 3z | C587: Dough Bites | D587: Dough Bites | E587: 45847 | F587: 97620 | G587: 2.129256 | H587: 0.002129256 | I587: 240 | J587: NOV
A588: 64973976 | B588: BR Reeses Mini Cups 1-12PK | C588: Other | D588: Other | G588: 1.0644 | H588: =G588/1000 -> 0.0010644 | I588: 190 | J588: NOV
A589: 65472837 | B589: PS Twister Club 1-15pk | C589: Other | D589: Other | E589: 100 | F589: 7 | G589: 1.04 | H589: =G589/1000 -> 0.00104 | I589: 275 | J589: NOV
A590: 65549173 | B590: PS Bluey Facepiece OOH 1-20PK | C590: Facepieces | D590: Facepieces | E590: 5 | F590: 6 | G590: =F590/E590 -> 1.2 | H590: =G590/1000 -> 0.0012 | I590: 210 | J590: NOV
A591: 65490430 | B591: PS SF OCG 1-32PK | C591: PG | D591: PG | E591: 125 | F591: 6 | G591: 1.5608889 | H591: =G591/1000 -> 0.0015608889 | I591: 200 | J591: NOV
A592: 64958862 | B592: PS SF Cherry IH 6-12pk | C592: Other | D592: Other | E592: 250 | F592: 879 | G592: =F592/E592 -> 3.516 | H592: =G592/1000 -> 0.003516 | I592: 170 | J592: NOV
A593: 64960643 | B593: PS Orange Regular IH 6-12pk | C593: Other | D593: Other | E593: 250 | F593: 879 | G593: =F593/E593 -> 3.516 | H593: =G593/1000 -> 0.003516 | I593: 170 | J593: NOV
A594: 64984156 | B594: PS Orange Regular IH 6-12pk | C594: Other | D594: Other | E594: 250 | F594: 879 | G594: =F594/E594 -> 3.516 | H594: =G594/1000 -> 0.003516 | I594: 170 | J594: NOV
A595: 65230957 | B595: POPSICLE OS MPK 6X12X48.8ML | C595: Other | D595: Other | E595: 1000 | F595: 3513 | G595: =F595/E595 -> 3.513 | H595: =G595/1000 -> 0.003513 | I595: 170 | J595: NOV
A596: 65468644 | B596: PS Soccer Ball IH 1-12pk | C596: Other | D596: Other | E596: 25 | F596: 18 | G596: =F596/E596 -> 0.72 | H596: =G596/1000 -> 0.00072 | I596: 437 | J596: NOV
A597: 65498063 | B597: BJ US-IC Black RASP Fudge Chunk-1 2.4gal | C597: 2.4 Gal | D597: 2.4 Gal | E597: 200 | F597: 1817 | G597: =F597/E597 -> 9.085 | H597: =G597/1000 -> 0.009085 | I597: 125 | J597: PIC
A598: 65539504 | B598: MG Bars Dubai Chocolate 8-3pk | C598: MG Sticks | D598: MG Sticks | E598: 25 | F598: 48 | G598: =F598/E598 -> 1.92 | H598: =G598/1000 -> 0.00192 | I598: 210 | J598: NOV
A599: 65540451 | B599: BJ US-BAR-Cookie Dough OOH 8-4pk | C599: BJ Bars | D599: BJ Bars | E599: 5 | F599: 12 | G599: =F599/E599 -> 2.4 | H599: =G599/1000 -> 0.0024 | I599: 165 | J599: NOV
A600: 65594416 | B600: MG Bars Dubai Chocolate 1-12pk | C600: MG Sticks | D600: MG Sticks | E600: 25 | F600: 24 | G600: =F600/E600 -> 0.96 | H600: =G600/1000 -> 0.00096 | I600: 432 | J600: NOV
