Workbook

Sheet RR Pivot 25
A3: Source | B3: Part Name | C3: Part Description | D3: Values | E3: Total
A4: GDI | B4: 62714126 | C4: PS OCG SF 6-18PK | D4: Sum of 12/30/2024 | E4: 40002
A5: GDI | B5: 62714126 | C5: PS OCG SF 6-18PK | D5: Sum of 1/6/2025 | E5: 40000
A6: GDI | B6: 62714126 | C6: PS OCG SF 6-18PK | D6: Sum of 1/13/2025 | E6: 0
A7: GDI | B7: 62714126 | C7: PS OCG SF 6-18PK | D7: Sum of 1/20/2025 | E7: 0
A8: GDI | B8: 62714126 | C8: PS OCG SF 6-18PK | D8: Sum of 1/27/2025 | E8: 0
A9: GDI | B9: 62714126 | C9: PS OCG SF 6-18PK | D9: Sum of 2/3/2025 | E9: 0
A10: GDI | B10: 62714126 | C10: PS OCG SF 6-18PK | D10: Sum of 2/10/2025 | E10: 0
A11: GDI | B11: 62714126 | C11: PS OCG SF 6-18PK | D11: Sum of 2/17/2025 | E11: 0
A12: GDI | B12: 62714126 | C12: PS OCG SF 6-18PK | D12: Sum of 2/24/2025 | E12: 0
A13: GDI | B13: 62714126 | C13: PS OCG SF 6-18PK | D13: Sum of 3/3/2025 | E13: 40000
A14: GDI | B14: 62714126 | C14: PS OCG SF 6-18PK | D14: Sum of 3/10/2025 | E14: 40000
A15: GDI | B15: 62714126 | C15: PS OCG SF 6-18PK | D15: Sum of 3/17/2025 | E15: 40000
... A162: GDI | B162: 64366224 | C162: PS Buzz Lightyear IH 6-6PK | D162: Sum of 12/29/2025 | E162: 0
A163: Total Sum of 12/30/2024 | E163: 40002
A164: Total Sum of 1/6/2025 | E164: 40002
A165: Total Sum of 1/13/2025 | E165: 40000
A166: Total Sum of 1/20/2025 | E166: 40000
A167: Total Sum of 1/27/2025 | E167: 40000
A168: Total Sum of 2/3/2025 | E168: 40000
A169: Total Sum of 2/10/2025 | E169: 0
A170: Total Sum of 2/17/2025 | E170: 0
A171: Total Sum of 2/24/2025 | E171: 24192
A172: Total Sum of 3/3/2025 | E172: 104192
A173: Total Sum of 3/10/2025 | E173: 40000
A174: Total Sum of 3/17/2025 | E174: 40000
... A215: Total Sum of 12/29/2025 | E215: 40000

Sheet Sheet2
A1: DU | B1: Site | C1: Qty | D1: Date | E1: Description
A2: 69713190 | B2: Rhino/Hollipac | C2: 21450 | D2: 45607 | E2: BJ US-CD-CCCD-FTNG-8 8z
A3: 69713190 | B3: Rhino/Hollipac | C3: 21450 | D3: 45614 | E3: BJ US-CD-CCCD-FTNG-8 8z
A4: 69713190 | B4: Rhino/Hollipac | C4: 30250 | D4: 45635 | E4: BJ US-CD-CCCD-FTNG-8 8z
A5: 69713190 | B5: Rhino/Hollipac | C5: 30250 | D5: 45642 | E5: BJ US-CD-CCCD-FTNG-8 8z
A6: 69665114 | B6: Rhino/Hollipac | C6: 19440 | D6: 45656 | E6: BJ US-CD-SugarCookieDough-8 8z
A7: 69665115 | B7: Rhino/Hollipac | C7: 16128 | D7: 45558 | E7: BJ US-CD-VCCCD-FTNG-8 8z
A8: 69665115 | B8: Rhino/Hollipac | C8: 12400 | D8: 45565 | E8: BJ US-CD-VCCCD-FTNG-8 8z
A9: 69665115 | B9: Rhino/Hollipac | C9: 7000 | D9: 45579 | E9: BJ US-CD-VCCCD-FTNG-8 8z
A10: 69665115 | B10: Rhino/Hollipac | C10: 14000 | D10: 45642 | E10: BJ US-CD-VCCCD-FTNG-8 8z
A11: 64413477 | B11: Schwann's | C11: 20155 | D11: 45558 | E11: BJ US-IC-AmericoneDream-FTNG-12 4FOZ
A12: 64413477 | B12: Schwann's | C12: 18360 | D12: 45600 | E12: BJ US-IC-AmericoneDream-FTNG-12 4FOZ
A13: 64413477 | B13: Schwann's | C13: 18360 | D13: 45642 | E13: BJ US-IC-AmericoneDream-FTNG-12 4FOZ
... A26: 64413476 | B26: Schwann's | C26: 18360 | D26: 45628 | E26: BJ US-IC-ChocFudgBrownie-FTNG-12 4FOZ
A27: 69653125 | B27: 6706 | C27: 10000 | D27: 45558 | E27: BR Chocolate 6 10CT 3z
A28: 69653125 | B28: 6706 | C28: 10000 | D28: 45614 | E28: BR Chocolate 6 10CT 3z
A29: 69653125 | B29: 6706 | C29: 10000 | D29: 45642 | E29: BR Chocolate 6 10CT 3z
A30: 69653140 | B30: 6706 | C30: 15000 | D30: 45558 | E30: BR Natural Vanilla 6 10CT 3z
A31: 69653140 | B31: 6706 | C31: 15000 | D31: 45579 | E31: BR Natural Vanilla 6 10CT 3z
A32: 69653140 | B32: 6706 | C32: 15000 | D32: 45607 | E32: BR Natural Vanilla 6 10CT 3z
A33: 69653140 | B33: 6706 | C33: 15000 | D33: 45635 | E33: BR Natural Vanilla 6 10CT 3z
A34: 68871220 | B34: 6706 | C34: 30000 | D34: 45593 | E34: BR Vanilla 8 1PT
A35: 64378129 | B35: Corlu | C35: 22800 | D35: 45621 | E35: GH Candy center 8-6pk
A36: 64378129 | B36: Corlu | C36: 2400 | D36: 45628 | E36: GH Candy center 8-6pk
A37: 69687232 | B37: 6706 | C37: 30000 | D37: 45572 | E37: GH Giant Cookies and Cream Cone 1-12PK
A38: 69645145 | B38: 6706 | C38: 30000 | D38: 45565 | E38: GH Giant King Cone 1-12PK
A39: 69645145 | B39: 6706 | C39: 30000 | D39: 45614 | E39: GH Giant King Cone 1-12PK
A40: 69645145 | B40: 6706 | C40: 30000 | D40: 45656 | E40: GH Giant King Cone 1-12PK
A41: 68521425 | B41: 6706 | C41: 633 | D41: 45551 | E41: GH Giant Vanilla Sandwich 1-24BK
A42: 68521425 | B42: 6706 | C42: 25000 | D42: 45565 | E42: GH Giant Vanilla Sandwich 1-24BK
A43: 68521425 | B43: 6706 | C43: 25000 | D43: 45642 | E43: GH Giant Vanilla Sandwich 1-24BK
A44: 68521425 | B44: 6706 | C44: 25000 | D44: 45656 | E44: GH Giant Vanilla Sandwich 1-24BK
A45: 67382713 | B45: St Iria | C45: 21312 | D45: 45656 | E45: GH King Cone Vanilla 1-24PK
A46: 69964648 | B46: Corlu | C46: 23400 | D46: 45558 | E46: KL Cone BDay/ChocCrumble Cake 6-8CT
A47: 69964648 | B47: Corlu | C47: 7800 | D47: 45565 | E47: KL Cone BDay/ChocCrumble Cake 6-8CT
A48: 69964648 | B48: Corlu | C48: 15600 | D48: 45572 | E48: KL Cone BDay/ChocCrumble Cake 6-8CT
A49: 69964648 | B49: Corlu | C49: 15600 | D49: 45579 | E49: KL Cone BDay/ChocCrumble Cake 6-8CT
A50: 69964648 | B50: Corlu | C50: 40620 | D50: 45586 | E50: KL Cone BDay/ChocCrumble Cake 6-8CT
A51: 69964648 | B51: Corlu | C51: 31408 | D51: 45593 | E51: KL Cone BDay/ChocCrumble Cake 6-8CT
A52: 69964648 | B52: Corlu | C52: 5776 | D52: 45600 | E52: KL Cone BDay/ChocCrumble Cake 6-8CT
A53: 69964648 | B53: Corlu | C53: 11552 | D53: 45607 | E53: KL Cone BDay/ChocCrumble Cake 6-8CT
A54: 69964648 | B54: Corlu | C54: 23104 | D54: 45614 | E54: KL Cone BDay/ChocCrumble Cake 6-8CT
A55: 69964648 | B55: Corlu | C55: 34656 | D55: 45621 | E55: KL Cone BDay/ChocCrumble Cake 6-8CT
A56: 69964648 | B56: Corlu | C56: 28800 | D56: 45642 | E56: KL Cone BDay/ChocCrumble Cake 6-8CT
... A87: 69964646 | B87: Corlu | C87: 42238 | D87: 45656 | E87: KL Cone Vanilla Caramel OOH 1-24ct
A88: 64328806 | B88: 1712 | C88: 16320 | D88: 45593 | E88: KL Reeses SW 6-4PK
A89: 64328806 | B89: 1712 | C89: 16320 | D89: 45600 | E89: KL Reeses SW 6-4PK
A90: 64328806 | B90: 1712 | C90: 16320 | D90: 45614 | E90: KL Reeses SW 6-4PK
A91: 67896936 | B91: Gloucester | C91: 21312 | D91: 45656 | E91: MG ND MINI Variety Pack 6-6PK
A92: 69649940 | B92: Gloucester | C92: 9600 | D92: 45558 | E92: MG ND MINI Variety Pack 6-6PK
A93: 69649940 | B93: Gloucester | C93: 17640 | D93: 45565 | E93: MG ND MINI Variety Pack 6-6PK
A94: 69649940 | B94: Gloucester | C94: 62040 | D94: 45614 | E94: MG ND MINI Variety Pack 6-6PK
A95: 69649940 | B95: Gloucester | C95: 16298 | D95: 45621 | E95: MG ND MINI Variety Pack 6-6PK
A96: 68729137 | B96: Caivano | C96: 313 | D96: 45558 | E96: MG Non-Dairy Almond 10-3PK
A97: 68729137 | B97: Caivano | C97: 5500 | D97: 45635 | E97: MG Non-Dairy Almond 10-3PK
A98: 68729136 | B98: Caivano | C98: 5888 | D98: 45558 | E98: MG Non-Dairy Sea Salt Caramel 10-3PK
A99: 68729136 | B99: Caivano | C99: 5000 | D99: 45628 | E99: MG Non-Dairy Sea Salt Caramel 10-3PK
A100: 69617285 | B100: Corlu | C100: 12000 | D100: 45579 | E100: Popsicle Spongebob Squeeze 1-24PK
A101: 69617285 | B101: Corlu | C101: 7628 | D101: 45600 | E101: Popsicle Spongebob Squeeze 1-24PK
A102: 64366224 | B102: Incom | C102: 66720 | D102: 45621 | E102: PS Buzz Lightyear IH 6-6PK
... A136: 64365613 | B136: Incom | C136: 77280 | D136: 45621 | E136: PS Spiderman Facepiece 6-6PK

Sheet RR Data
A1: Part Name | B1: Source | C1: Part Name | D1: Part Description | E1: 45551 | F1: =E1+7 -> 45558 | G1: =F1+7 -> 45565 | H1: =G1+7 -> 45572 | I1: =H1+7 -> 45579 | J1: =I1+7 -> 45586 | K1: =J1+7 -> 45593 | L1: =K1+7 -> 45600 | M1: =L1+7 -> 45607 | ... BT1: =BS1+7 -> 46020
A2: 62694394 | B2: =VLOOKUP(A2,Sourcing!A:C,3,0) -> Caivano | C2: 62694394 | D2: MG Non-Dairy Sea Salt Caramel 10-3PK | E2: 0 | F2: 0 | G2: 0 | H2: 0 | I2: 0 | J2: 0 | K2: 0 | L2: 0 | M2: 0 | N2: 0 | O2: 0 | P2: 0 | Q2: 0 | R2: 0 | S2: 0 | T2: 0 | U2: 0 | V2: 500 | W2: 0 | X2: 0 | Y2: 0 | Z2: 0 | AA2: 0 | AB2: 0 | AC2: 0 | AD2: 0 | AE2: 0 | AF2: 0 | AG2: 0 | AH2: 0 | AI2: 0 | AJ2: 0 | AK2: 0 | AL2: 0 | AM2: 0 | AN2: 0 | AO2: 0 | AP2: 0 | AQ2: 0 | AR2: 0 | AS2: 0 | AT2: 500 | AU2: 0 | AV2: 0 | AW2: 0 | AX2: 0 | AY2: 0 | AZ2: 0 | BA2: 0 | BB2: 0 | BC2: 0 | BD2: 0 | BE2: 0 | BF2: 0 | BG2: 0 | BH2: 0 | BI2: 0 | BJ2: 0 | BK2: 0 | BL2: 0 | BM2: 0 | BN2: 0 | BO2: 0 | BP2: 0 | BQ2: 0 | BR2: 0 | BS2: 500
A3: 62694440 | B3: =VLOOKUP(A3,Sourcing!A:C,3,0) -> Caivano | C3: 62694440 | D3: MG Non-Dairy Almond 10-3PK | E3: 0 | F3: 0 | G3: 0 | H3: 0 | I3: 0 | J3: 0 | K3: 0 | L3: 0 | M3: 0 | N3: 0 | O3: 0 | P3: 0 | Q3: 0 | R3: 0 | S3: 0 | T3: 0 | U3: 0 | V3: 0 | W3: 0 | X3: 0 | Y3: 500 | Z3: 0 | AA3: 0 | AB3: 0 | AC3: 0 | AD3: 0 | AE3: 0 | AF3: 0 | AG3: 0 | AH3: 0 | AI3: 500 | AJ3: 0 | AK3: 0 | AL3: 0 | AM3: 0 | AN3: 0 | AO3: 0 | AP3: 0 | AQ3: 0 | AR3: 0 | AS3: 500 | AT3: 0 | AU3: 0 | AV3: 0 | AW3: 0 | AX3: 0 | AY3: 0 | AZ3: 0 | BA3: 0 | BB3: 0 | BC3: 0 | BD3: 0 | BE3: 0 | BF3: 500 | BG3: 0 | BH3: 0 | BI3: 0 | BJ3: 0 | BK3: 0 | BL3: 0 | BM3: 0 | BN3: 0 | BO3: 0 | BP3: 0 | BQ3: 0 | BR3: 0 | BS3: 0
A4: 62714126 | B4: =VLOOKUP(A4,Sourcing!A:C,3,0) -> GDI | C4: 62714126 | D4: PS OCG SF 6-18PK | E4: 0 | F4: 7184 | G4: 0 | H4: 0 | I4: 0 | J4: 0 | K4: 0 | L4: 0 | M4: 2 | N4: 0 | O4: 0 | P4: 0 | Q4: 0 | R4: 0 | S4: 0 | T4: 2 | U4: 0 | V4: 0 | W4: 0 | X4: 0 | Y4: 0 | Z4: 0 | AA4: 0 | AB4: 0 | AC4: 0 | AD4: 0 | AE4: 0 | AF4: 0 | AG4: 0 | AH4: 0 | AI4: 0 | AJ4: 0 | AK4: 0 | AL4: 0 | AM4: 0 | AN4: 0 | AO4: 0 | AP4: 0 | AQ4: 0 | AR4: 0 | AS4: 0 | AT4: 0 | AU4: 0 | AV4: 0 | AW4: 0 | AX4: 0 | AY4: 0 | AZ4: 0 | BA4: 0 | BB4: 0 | BC4: 0 | BD4: 0 | BE4: 0 | BF4: 0 | BG4: 0 | BH4: 0 | BI4: 0 | BJ4: 0 | BK4: 0 | BL4: 0 | BM4: 0 | BN4: 0 | BO4: 0 | BP4: 0 | BQ4: 0 | BR4: 0 | BS4: 0
A5: 62714129 | B5: =VLOOKUP(A5,Sourcing!A:C,3,0) -> GDI | C5: 62714129 | D5: PS OCG 6-18PK | E5: 0 | F5: 3855 | G5: 0 | H5: 0 | I5: 0 | J5: 0 | K5: 0 | L5: 0 | M5: 0 | N5: 0 | O5: 0 | P5: 0 | Q5: 0 | R5: 0 | S5: 0 | T5: 0 | U5: 2 | V5: 0 | W5: 0 | X5: 0 | Y5: 0 | Z5: 0 | AA5: 0 | AB5: 0 | AC5: 0 | AD5: 0 | AE5: 0 | AF5: 0 | AG5: 0 | AH5: 0 | AI5: 0 | AJ5: 0 | AK5: 0 | AL5: 0 | AM5: 0 | AN5: 0 | AO5: 0 | AP5: 0 | AQ5: 0 | AR5: 0 | AS5: 0 | AT5: 0 | AU5: 0 | AV5: 0 | AW5: 0 | AX5: 0 | AY5: 0 | AZ5: 0 | BA5: 0 | BB5: 0 | BC5: 0 | BD5: 0 | BE5: 0 | BF5: 0 | BG5: 0 | BH5: 0 | BI5: 0 | BJ5: 0 | BK5: 0 | BL5: 0 | BM5: 0 | BN5: 0 | BO5: 0 | BP5: 0 | BQ5: 0 | BR5: 0 | BS5: 0
A6: 64365613 | B6: =VLOOKUP(A6,Sourcing!A:C,3,0) -> Incom | C6: 64365613 | D6: PS Spiderman Facepiece 6-6PK | E6: 0 | F6: 0 | G6: 0 | H6: 0 | I6: 0 | J6: 0 | K6: 0 | L6: 0 | M6: 0 | N6: 0 | O6: 77280 | P6: 0 | Q6: 0 | R6: 0 | S6: 0 | T6: 0 | U6: 0 | V6: 0 | W6: 0 | X6: 0 | Y6: 0 | Z6: 11760 | AA6: 41040 | AB6: 41280 | AC6: 41040 | AD6: 47040 | AE6: 30000 | AF6: 35040 | AG6: 34800 | AH6: 50160 | AI6: 7200 | AJ6: 12960 | AK6: 12720 | AL6: 24000 | AM6: 1680 | AN6: 13440 | AO6: 13200 | AP6: 13200 | AQ6: 15120 | AR6: 11040 | AS6: 12960 | AT6: 12720 | AU6: 20160 | AV6: 5520 | AW6: 12720 | AX6: 12960 | AY6: 12720 | AZ6: 12960 | BA6: 13200 | BB6: 13200 | BC6: 13200 | BD6: 17040 | BE6: 9360 | BF6: 12720 | BG6: 12720 | BH6: 22080 | BI6: 0 | BJ6: 0 | BK6: 0 | BL6: 0 | BM6: 0 | BN6: 0 | BO6: 0 | BP6: 0 | BQ6: 0 | BR6: 0 | BS6: 0
A7: 64366224 | B7: =VLOOKUP(A7,Sourcing!A:C,3,0) -> Incom | C7: 64366224 | D7: PS Buzz Lightyear IH 6-6PK | E7: 0 | F7: 0 | G7: 0 | H7: 0 | I7: 0 | J7: 0 | K7: 0 | L7: 0 | M7: 0 | N7: 0 | O7: 66720 | P7: 3360 | Q7: 4560 | R7: 4320 | S7: 6000 | T7: 6240 | U7: 10320 | V7: 480 | W7: 1440 | X7: 1440 | Y7: 2400 | Z7: 1920 | AA7: 6480 | AB7: 6720 | AC7: 6720 | AD7: 7440 | AE7: 720 | AF7: 960 | AG7: 960 | AH7: 1200 | AI7: 6240 | AJ7: 11040 | AK7: 10800 | AL7: 20400 | AM7: 480 | AN7: 3120 | AO7: 3120 | AP7: 3120 | AQ7: 3600 | AR7: 10080 | AS7: 11760 | AT7: 11520 | AU7: 18480 | AV7: 1680 | AW7: 4320 | AX7: 4080 | AY7: 4080 | AZ7: 4080 | BA7: 8880 | BB7: 8640 | BC7: 8880 | BD7: 11280 | BE7: 4080 | BF7: 5520 | BG7: 5520 | BH7: 9360 | BI7: 1200 | BJ7: 4080 | BK7: 4320 | BL7: 4080 | BM7: 4080 | BN7: 3600 | BO7: 3360 | BP7: 3600 | BQ7: 5040 | BR7: 0 | BS7: 0
A8: 64369052 | B8: =VLOOKUP(A8,Sourcing!A:C,3,0) -> Corlu | C8: 64369052 | D8: KL Cone StrwShortcake Van Chillin 6-8CT | E8: 0 | F8: 0 | G8: 0 | H8: 0 | I8: 0 | J8: 0 | K8: 66508 | L8: 69756 | M8: 34656 | N8: 37184 | O8: 34656 | P8: 34656 | Q8: 17328 | R8: 17328 | S8: 0 | T8: 34656 | U8: 23104 | V8: 25992 | W8: 34656 | X8: 57760 | Y8: 8664 | Z8: 2 | AA8: 0 | AB8: 0 | AC8: 0 | AD8: 0 | AE8: 0 | AF8: 0 | AG8: 0 | AH8: 0 | AI8: 0 | AJ8: 0 | AK8: 0 | AL8: 0 | AM8: 0 | AN8: 0 | AO8: 0 | AP8: 0 | AQ8: 3315 | AR8: 22815 | AS8: 18525 | AT8: 16575 | AU8: 17355 | AV8: 23400 | AW8: 14820 | AX8: 10530 | AY8: 13455 | AZ8: 13650 | BA8: 13650 | BB8: 12870 | BC8: 12480 | BD8: 12480 | BE8: 14625 | BF8: 9945 | BG8: 7215 | BH8: 8385 | BI8: 11895 | BJ8: 7020 | BK8: 5655 | BL8: 7800 | BM8: 7800 | BN8: 7995 | BO8: 7410 | BP8: 7410 | BQ8: 7215 | BR8: 9360 | BS8: 4095
A9: 64378129 | B9: =VLOOKUP(A9,Sourcing!A:C,3,0) -> Corlu | C9: 64378129 | D9: GH Candy center 8-6pk | E9: 0 | F9: 0 | G9: 0 | H9: 0 | I9: 0 | J9: 0 | K9: 0 | L9: 0 | M9: 0 | N9: 0 | O9: 22800 | P9: 2400 | Q9: 0 | R9: 0 | S9: 0 | T9: 0 | U9: 0 | V9: 0 | W9: 0 | X9: 0 | Y9: 0 | Z9: 0 | AA9: 0 | AB9: 0 | AC9: 0 | AD9: 25526 | AE9: 0 | AF9: 0 | AG9: 0 | AH9: 0 | AI9: 0 | AJ9: 0 | AK9: 0 | AL9: 0 | AM9: 0 | AN9: 0 | AO9: 0 | AP9: 0 | AQ9: 0 | AR9: 0 | AS9: 0 | AT9: 0 | AU9: 0 | AV9: 25526 | AW9: 0 | AX9: 0 | AY9: 0 | AZ9: 0 | BA9: 0 | BB9: 0 | BC9: 0 | BD9: 0 | BE9: 0 | BF9: 0 | BG9: 0 | BH9: 0 | BI9: 0 | BJ9: 0 | BK9: 0 | BL9: 0 | BM9: 25526 | BN9: 0 | BO9: 0 | BP9: 0 | BQ9: 0 | BR9: 0 | BS9: 0
A10: 64401837 | B10: =VLOOKUP(A10,Sourcing!A:C,3,0) -> Incom | C10: 64401837 | D10: PS Frozen Olaf Facepiece IH 6-6PK | E10: 0 | F10: 0 | G10: 0 | H10: 0 | I10: 0 | J10: 0 | K10: 0 | L10: 0 | M10: 0 | N10: 0 | O10: 0 | P10: 0 | Q10: 0 | R10: 0 | S10: 114960 | T10: 160560 | U10: 160560 | V10: 160560 | W10: 146880 | X10: 112800 | Y10: 112560 | Z10: 112560 | AA10: 84720 | AB10: 14640 | AC10: 14880 | AD10: 14640 | AE10: 14880 | AF10: 1920 | AG10: 0 | AH10: 0 | AI10: 0 | AJ10: 0 | AK10: 0 | AL10: 0 | AM10: 0 | AN10: 0 | AO10: 0 | AP10: 0 | AQ10: 0 | AR10: 0 | AS10: 0 | AT10: 0 | AU10: 0 | AV10: 0 | AW10: 0 | AX10: 0 | AY10: 0 | AZ10: 0 | BA10: 0 | BB10: 0 | BC10: 0 | BD10: 0 | BE10: 0 | BF10: 0 | BG10: 0 | BH10: 0 | BI10: 0 | BJ10: 0 | BK10: 0 | BL10: 0 | BM10: 0 | BN10: 0 | BO10: 0 | BP10: 0 | BQ10: 0 | BR10: 0 | BS10: 0
A11: 64403162 | B11: =VLOOKUP(A11,Sourcing!A:C,3,0) -> Incom | C11: 64403162 | D11: PS Grogu Facepiece IH 6-6PK | E11: 0 | F11: 0 | G11: 5610 | H11: 22000 | I11: 4400 | J11: 0 | K11: 5280 | L11: 0 | M11: 0 | N11: 0 | O11: 0 | P11: 0 | Q11: 0 | R11: 0 | S11: 2 | T11: 0 | U11: 0 | V11: 0 | W11: 0 | X11: 0 | Y11: 0 | Z11: 0 | AA11: 0 | AB11: 0 | AC11: 0 | AD11: 0 | AE11: 0 | AF11: 0 | AG11: 0 | AH11: 0 | AI11: 0 | AJ11: 0 | AK11: 0 | AL11: 0 | AM11: 0 | AN11: 0 | AO11: 0 | AP11: 0 | AQ11: 0 | AR11: 0 | AS11: 0 | AT11: 0 | AU11: 0 | AV11: 0 | AW11: 0 | AX11: 0 | AY11: 0 | AZ11: 0 | BA11: 0 | BB11: 0 | BC11: 0 | BD11: 0 | BE11: 0 | BF11: 0 | BG11: 0 | BH11: 0 | BI11: 0 | BJ11: 0 | BK11: 0 | BL11: 0 | BM11: 0 | BN11: 0 | BO11: 0 | BP11: 0 | BQ11: 0 | BR11: 0 | BS11: 0
A12: 67382713 | B12: =VLOOKUP(A12,Sourcing!A:C,3,0) -> St Iria | C12: 67382713 | D12: GH King Cone Vanilla 1-24PK | E12: 0 | F12: 0 | G12: 0 | H12: 0 | I12: 0 | J12: 0 | K12: 0 | L12: 0 | M12: 0 | N12: 0 | O12: 0 | P12: 0 | Q12: 0 | R12: 0 | S12: 0 | T12: 21312 | U12: 0 | V12: 0 | W12: 0 | X12: 0 | Y12: 0 | Z12: 2 | AA12: 0 | AB12: 0 | AC12: 0 | AD12: 0 | AE12: 0 | AF12: 0 | AG12: 0 | AH12: 0 | AI12: 0 | AJ12: 0 | AK12: 0 | AL12: 0 | AM12: 0 | AN12: 2550 | AO12: 300 | AP12: 1800 | AQ12: 2850 | AR12: 3000 | AS12: 2700 | AT12: 1050 | AU12: 1050 | AV12: 1050 | AW12: 1500 | AX12: 900 | AY12: 1800 | AZ12: 1800 | BA12: 1950 | BB12: 1950 | BC12: 2850 | BD12: 2850 | BE12: 3000 | BF12: 3300 | BG12: 1500 | BH12: 1800 | BI12: 2250 | BJ12: 2700 | BK12: 1050 | BL12: 2400 | BM12: 2250 | BN12: 2250 | BO12: 2250 | BP12: 1200 | BQ12: 1500 | BR12: 1650 | BS12: 1500
A13: 67896936 | B13: =VLOOKUP(A13,Sourcing!A:C,3,0) -> Gloucester | C13: 67896936 | D13: MG ND MINI Variety Pack 6-6PK | E13: 0 | F13: 0 | G13: 0 | H13: 0 | I13: 0 | J13: 0 | K13: 0 | L13: 0 | M13: 0 | N13: 0 | O13: 0 | P13: 0 | Q13: 0 | R13: 0 | S13: 0 | T13: 21312 | U13: 0 | V13: 0 | W13: 0 | X13: 0 | Y13: 0 | Z13: 2 | AA13: 0 | AB13: 0 | AC13: 0 | AD13: 0 | AE13: 0 | AF13: 0 | AG13: 0 | AH13: 0 | AI13: 0 | AJ13: 0 | AK13: 0 | AL13: 0 | AM13: 0 | AN13: 390 | AO13: 195 | AP13: 1365 | AQ13: 1365 | AR13: 1560 | AS13: 2145 | AT13: 780 | AU13: 975 | AV13: 585 | AW13: 1365 | AX13: 585 | AY13: 1755 | AZ13: 1170 | BA13: 1365 | BB13: 1755 | BC13: 2145 | BD13: 2340 | BE13: 2340 | BF13: 2535 | BG13: 975 | BH13: 1560 | BI13: 1950 | BJ13: 1950 | BK13: 585 | BL13: 1950 | BM13: 1950 | BN13: 1755 | BO13: 1560 | BP13: 975 | BQ13: 1365 | BR13: 975 | BS13: 1365
... A44: 64388736 | B44: =VLOOKUP(A44,Sourcing!A:C,3,0) -> 1713 | C44: 64388736 | D44: Yasso Fudge Poppables 10p 6.84flz | E44: 0 | F44: 0 | G44: 0 | H44: 0 | I44: 3200 | J44: 0 | K44: 0 | L44: 0 | M44: 3200 | N44: 0 | O44: 0 | P44: 6400 | Q44: 3200 | R44: 0 | S44: 3200 | T44: 0 | U44: 3200 | V44: 3200 | W44: 3200 | X44: 6400 | Y44: 0 | Z44: 0 | AA44: 0 | AB44: 0 | AC44: 0 | AD44: 0 | AE44: 0 | AF44: 0 | AG44: 3600 | AH44: 0 | AI44: 3600 | AJ44: 3600 | AK44: 0 | AL44: 3600 | AM44: 0 | AN44: 3600 | AO44: 3600 | AP44: 3600 | AQ44: 3600 | AR44: 0 | AS44: 3600 | AT44: 3600 | AU44: 3600 | AV44: 0 | AW44: 3600 | AX44: 3600 | AY44: 0 | AZ44: 3600 | BA44: 3600 | BB44: 0 | BC44: 3600 | BD44: 3600 | BE44: 0 | BF44: 3600 | BG44: 3600 | BH44: 3600 | BI44: 0 | BJ44: 0 | BK44: 3600 | BL44: 0 | BM44: 3600 | BN44: 0 | BO44: 3600 | BP44: 0 | BQ44: 3600 | BR44: 0 | BS44: 0
A45: 64325372 | B45: 1715 | C45: 64325372 | D45: Yasso Sea Salt Caramel 8-4pk | E45: 13125 | F45: 0 | G45: 0 | H45: 0 | I45: 13125 | J45: 0 | K45: 0 | L45: 26250 | M45: 0 | N45: 0 | O45: 26250 | P45: 0 | Q45: 0 | R45: 0 | S45: 0 | T45: 0 | U45: 0 | V45: 0 | W45: 0 | X45: 0 | Y45: 0 | Z45: 0 | AA45: 0 | AB45: 0 | AC45: 0 | AD45: 0 | AE45: 0 | AF45: 0 | AG45: 0 | AH45: 0 | AI45: 0 | AJ45: 0 | AK45: 0 | AL45: 0 | AM45: 0 | AN45: 0 | AO45: 0 | AP45: 0 | AQ45: 0 | AR45: 0 | AS45: 0 | AT45: 0 | AU45: 0 | AV45: 0 | AW45: 0 | AX45: 0 | AY45: 0 | AZ45: 0 | BA45: 0 | BB45: 0 | BC45: 0 | BD45: 0 | BE45: 0 | BF45: 0 | BG45: 0 | BH45: 0 | BI45: 0 | BJ45: 0 | BK45: 0 | BL45: 0 | BM45: 0 | BN45: 0 | BO45: 0 | BP45: 0 | BQ45: 0 | BR45: 0 | BS45: 0 | BT45: 0
A46: 64325486 | B46: 1715 | C46: 64325486 | D46: Yasso Caramel Chocolate Crunch 8-4pk | E46: 0 | F46: 0 | G46: 0 | H46: 0 | I46: 0 | J46: 0 | K46: 38451 | L46: 0 | M46: 0 | N46: 0 | O46: 26250 | P46: 0 | Q46: 0 | R46: 0 | S46: 0 | T46: 0 | U46: 0 | V46: 0 | W46: 0 | X46: 0 | Y46: 0 | Z46: 0 | AA46: 0 | AB46: 0 | AC46: 0 | AD46: 0 | AE46: 0 | AF46: 0 | AG46: 0 | AH46: 0 | AI46: 0 | AJ46: 0 | AK46: 0 | AL46: 0 | AM46: 0 | AN46: 0 | AO46: 0 | AP46: 0 | AQ46: 0 | AR46: 0 | AS46: 0 | AT46: 0 | AU46: 0 | AV46: 0 | AW46: 0 | AX46: 0 | AY46: 0 | AZ46: 0 | BA46: 0 | BB46: 0 | BC46: 0 | BD46: 0 | BE46: 0 | BF46: 0 | BG46: 0 | BH46: 0 | BI46: 0 | BJ46: 0 | BK46: 0 | BL46: 0 | BM46: 0 | BN46: 0 | BO46: 0 | BP46: 0 | BQ46: 0 | BR46: 0 | BS46: 0 | BT46: 0
A47: 64325487 | B47: 1715 | C47: 64325487 | D47: Yasso Mint Chocolate Crunch 8-4pk | E47: 25634 | F47: 0 | G47: 0 | H47: 0 | I47: 0 | J47: 0 | K47: 0 | L47: 0 | M47: 0 | N47: 0 | O47: 13125 | P47: 0 | Q47: 0 | R47: 0 | S47: 0 | T47: 0 | U47: 0 | V47: 0 | W47: 0 | X47: 0 | Y47: 12500 | Z47: 0 | AA47: 0 | AB47: 0 | AC47: 0 | AD47: 0 | AE47: 0 | AF47: 0 | AG47: 0 | AH47: 0 | AI47: 0 | AJ47: 0 | AK47: 0 | AL47: 0 | AM47: 0 | AN47: 0 | AO47: 0 | AP47: 0 | AQ47: 0 | AR47: 0 | AS47: 0 | AT47: 0 | AU47: 0 | AV47: 0 | AW47: 0 | AX47: 0 | AY47: 0 | AZ47: 0 | BA47: 0 | BB47: 0 | BC47: 0 | BD47: 0 | BE47: 0 | BF47: 0 | BG47: 0 | BH47: 0 | BI47: 0 | BJ47: 0 | BK47: 0 | BL47: 0 | BM47: 0 | BN47: 0 | BO47: 0 | BP47: 0 | BQ47: 0 | BR47: 0 | BS47: 0 | BT47: 0
A48: 64325488 | B48: 1715 | C48: 64325488 | D48: Yasso PB Chocolate Crunch 8-4pk | E48: 0 | F48: 0 | G48: 0 | H48: 0 | I48: 0 | J48: 0 | K48: 25634 | L48: 0 | M48: 0 | N48: 0 | O48: 0 | P48: 0 | Q48: 0 | R48: 0 | S48: 0 | T48: 0 | U48: 0 | V48: 0 | W48: 0 | X48: 0 | Y48: 0 | Z48: 0 | AA48: 0 | AB48: 0 | AC48: 0 | AD48: 0 | AE48: 0 | AF48: 0 | AG48: 0 | AH48: 0 | AI48: 0 | AJ48: 0 | AK48: 0 | AL48: 0 | AM48: 0 | AN48: 0 | AO48: 0 | AP48: 0 | AQ48: 0 | AR48: 0 | AS48: 0 | AT48: 0 | AU48: 0 | AV48: 0 | AW48: 0 | AX48: 0 | AY48: 0 | AZ48: 0 | BA48: 0 | BB48: 0 | BC48: 0 | BD48: 0 | BE48: 0 | BF48: 0 | BG48: 0 | BH48: 0 | BI48: 0 | BJ48: 0 | BK48: 0 | BL48: 0 | BM48: 0 | BN48: 0 | BO48: 0 | BP48: 0 | BQ48: 0 | BR48: 0 | BS48: 0 | BT48: 0
A49: 64325492 | B49: 1715 | C49: 64325492 | D49: Yasso Strawberry Chocolate Crunch 8-4pk | E49: 0 | F49: 13125 | G49: 0 | H49: 0 | I49: 0 | J49: 38451 | K49: 0 | L49: 0 | M49: 0 | N49: 0 | O49: 0 | P49: 0 | Q49: 0 | R49: 26250 | S49: 0 | T49: 0 | U49: 0 | V49: 0 | W49: 0 | X49: 0 | Y49: 0 | Z49: 0 | AA49: 0 | AB49: 0 | AC49: 0 | AD49: 0 | AE49: 0 | AF49: 0 | AG49: 0 | AH49: 0 | AI49: 0 | AJ49: 0 | AK49: 0 | AL49: 0 | AM49: 0 | AN49: 0 | AO49: 0 | AP49: 0 | AQ49: 0 | AR49: 0 | AS49: 0 | AT49: 0 | AU49: 0 | AV49: 0 | AW49: 0 | AX49: 0 | AY49: 0 | AZ49: 0 | BA49: 0 | BB49: 0 | BC49: 0 | BD49: 0 | BE49: 0 | BF49: 0 | BG49: 0 | BH49: 0 | BI49: 0 | BJ49: 0 | BK49: 0 | BL49: 0 | BM49: 0 | BN49: 0 | BO49: 0 | BP49: 0 | BQ49: 0 | BR49: 0 | BS49: 0 | BT49: 0
A50: 64325509 | B50: 1715 | C50: 64325509 | D50: Yasso Fudge Chocolate Crunch 8-4pk | E50: 0 | F50: 0 | G50: 0 | H50: 0 | I50: 0 | J50: 0 | K50: 0 | L50: 0 | M50: 0 | N50: 0 | O50: 0 | P50: 0 | Q50: 0 | R50: 0 | S50: 0 | T50: 0 | U50: 0 | V50: 0 | W50: 0 | X50: 0 | Y50: 0 | Z50: 0 | AA50: 0 | AB50: 0 | AC50: 0 | AD50: 0 | AE50: 12500 | AF50: 0 | AG50: 0 | AH50: 0 | AI50: 0 | AJ50: 12500 | AK50: 0 | AL50: 0 | AM50: 0 | AN50: 0 | AO50: 0 | AP50: 0 | AQ50: 0 | AR50: 0 | AS50: 12500 | AT50: 0 | AU50: 0 | AV50: 0 | AW50: 0 | AX50: 12500 | AY50: 0 | AZ50: 0 | BA50: 0 | BB50: 0 | BC50: 0 | BD50: 12500 | BE50: 0 | BF50: 0 | BG50: 0 | BH50: 0 | BI50: 0 | BJ50: 0 | BK50: 12500 | BL50: 0 | BM50: 0 | BN50: 0 | BO50: 0 | BP50: 0 | BQ50: 0 | BR50: 0 | BS50: 0 | BT50: 0
A51: 64325510 | B51: 1715 | C51: 64325510 | D51: Yasso Chocolate Chip Cookie Dough 8-4pk | E51: 19529 | F51: 0 | G51: 0 | H51: 0 | I51: 0 | J51: 26250 | K51: 0 | L51: 0 | M51: 0 | N51: 0 | O51: 0 | P51: 0 | Q51: 0 | R51: 39375 | S51: 0 | T51: 0 | U51: 0 | V51: 0 | W51: 0 | X51: 0 | Y51: 0 | Z51: 0 | AA51: 0 | AB51: 0 | AC51: 12500 | AD51: 0 | AE51: 0 | AF51: 12500 | AG51: 0 | AH51: 0 | AI51: 12500 | AJ51: 0 | AK51: 0 | AL51: 12500 | AM51: 0 | AN51: 12500 | AO51: 0 | AP51: 12500 | AQ51: 0 | AR51: 0 | AS51: 12500 | AT51: 0 | AU51: 12500 | AV51: 0 | AW51: 0 | AX51: 12500 | AY51: 0 | AZ51: 12500 | BA51: 0 | BB51: 0 | BC51: 12500 | BD51: 0 | BE51: 0 | BF51: 12500 | BG51: 0 | BH51: 12500 | BI51: 0 | BJ51: 0 | BK51: 0 | BL51: 12500 | BM51: 0 | BN51: 0 | BO51: 12500 | BP51: 0 | BQ51: 0 | BR51: 0 | BS51: 0 | BT51: 0
A52: 64325512 | B52: 1715 | C52: 64325512 | D52: Yasso Coffee Chocolate Chip 8-4pk | E52: 0 | F52: 0 | G52: 0 | H52: 0 | I52: 0 | J52: 0 | K52: 0 | L52: 0 | M52: 26250 | N52: 0 | O52: 0 | P52: 0 | Q52: 0 | R52: 0 | S52: 0 | T52: 0 | U52: 0 | V52: 0 | W52: 0 | X52: 0 | Y52: 0 | Z52: 0 | AA52: 0 | AB52: 0 | AC52: 0 | AD52: 0 | AE52: 0 | AF52: 0 | AG52: 0 | AH52: 0 | AI52: 0 | AJ52: 0 | AK52: 0 | AL52: 0 | AM52: 0 | AN52: 0 | AO52: 0 | AP52: 0 | AQ52: 0 | AR52: 0 | AS52: 0 | AT52: 0 | AU52: 0 | AV52: 0 | AW52: 0 | AX52: 0 | AY52: 0 | AZ52: 0 | BA52: 0 | BB52: 0 | BC52: 0 | BD52: 0 | BE52: 0 | BF52: 0 | BG52: 0 | BH52: 0 | BI52: 0 | BJ52: 0 | BK52: 0 | BL52: 0 | BM52: 0 | BN52: 0 | BO52: 0 | BP52: 0 | BQ52: 0 | BR52: 0 | BS52: 0 | BT52: 0
A53: 64325513 | B53: 1715 | C53: 64325513 | D53: Yasso Cookies N Cream 8-4pk | E53: 0 | F53: 0 | G53: 0 | H53: 0 | I53: 39375 | J53: 0 | K53: 0 | L53: 0 | M53: 0 | N53: 0 | O53: 0 | P53: 0 | Q53: 0 | R53: 0 | S53: 0 | T53: 0 | U53: 0 | V53: 0 | W53: 0 | X53: 0 | Y53: 0 | Z53: 0 | AA53: 0 | AB53: 0 | AC53: 0 | AD53: 0 | AE53: 0 | AF53: 0 | AG53: 0 | AH53: 12500 | AI53: 0 | AJ53: 0 | AK53: 0 | AL53: 0 | AM53: 12500 | AN53: 0 | AO53: 0 | AP53: 0 | AQ53: 0 | AR53: 0 | AS53: 0 | AT53: 0 | AU53: 12500 | AV53: 0 | AW53: 0 | AX53: 0 | AY53: 0 | AZ53: 0 | BA53: 12500 | BB53: 0 | BC53: 0 | BD53: 0 | BE53: 0 | BF53: 0 | BG53: 0 | BH53: 0 | BI53: 12500 | BJ53: 0 | BK53: 0 | BL53: 0 | BM53: 0 | BN53: 0 | BO53: 0 | BP53: 0 | BQ53: 0 | BR53: 0 | BS53: 0 | BT53: 0
A54: 64325518 | B54: 1715 | C54: 64325518 | D54: Yasso Black Raspberry Chip 8-4pk | E54: 0 | F54: 0 | G54: 0 | H54: 0 | I54: 0 | J54: 0 | K54: 0 | L54: 25634 | M54: 0 | N54: 0 | O54: 0 | P54: 0 | Q54: 0 | R54: 0 | S54: 0 | T54: 0 | U54: 0 | V54: 0 | W54: 0 | X54: 0 | Y54: 0 | Z54: 0 | AA54: 0 | AB54: 0 | AC54: 0 | AD54: 0 | AE54: 0 | AF54: 0 | AG54: 12500 | AH54: 0 | AI54: 0 | AJ54: 0 | AK54: 0 | AL54: 0 | AM54: 0 | AN54: 0 | AO54: 0 | AP54: 0 | AQ54: 0 | AR54: 0 | AS54: 0 | AT54: 0 | AU54: 0 | AV54: 0 | AW54: 0 | AX54: 0 | AY54: 0 | AZ54: 0 | BA54: 0 | BB54: 0 | BC54: 0 | BD54: 0 | BE54: 0 | BF54: 0 | BG54: 0 | BH54: 0 | BI54: 0 | BJ54: 0 | BK54: 0 | BL54: 0 | BM54: 0 | BN54: 0 | BO54: 0 | BP54: 0 | BQ54: 0 | BR54: 0 | BS54: 0 | BT54: 0
A55: 64325523 | B55: 1715 | C55: 64325523 | D55: Yasso Chocolate Fudge Brownie 8-4pk | E55: 0 | F55: 0 | G55: 26250 | H55: 0 | I55: 0 | J55: 0 | K55: 0 | L55: 0 | M55: 0 | N55: 0 | O55: 0 | P55: 0 | Q55: 0 | R55: 0 | S55: 0 | T55: 0 | U55: 0 | V55: 0 | W55: 0 | X55: 0 | Y55: 0 | Z55: 0 | AA55: 0 | AB55: 0 | AC55: 0 | AD55: 0 | AE55: 0 | AF55: 0 | AG55: 0 | AH55: 0 | AI55: 0 | AJ55: 0 | AK55: 0 | AL55: 0 | AM55: 0 | AN55: 0 | AO55: 0 | AP55: 0 | AQ55: 0 | AR55: 0 | AS55: 0 | AT55: 0 | AU55: 0 | AV55: 0 | AW55: 0 | AX55: 0 | AY55: 0 | AZ55: 0 | BA55: 0 | BB55: 0 | BC55: 0 | BD55: 0 | BE55: 0 | BF55: 0 | BG55: 0 | BH55: 0 | BI55: 0 | BJ55: 0 | BK55: 0 | BL55: 0 | BM55: 0 | BN55: 0 | BO55: 0 | BP55: 0 | BQ55: 0 | BR55: 0 | BS55: 0 | BT55: 0
A56: 64325559 | B56: 1715 | C56: 64325559 | D56: Yasso Birthday Cake 8-4pk | E56: 0 | F56: 0 | G56: 20000 | H56: 1 | I56: 0 | J56: 0 | K56: 0 | L56: 12500 | M56: 0 | N56: 0 | O56: 0 | P56: 0 | Q56: 0 | R56: 0 | S56: 0 | T56: 0 | U56: 0 | V56: 0 | W56: 0 | X56: 0 | Y56: 0 | Z56: 0 | AA56: 0 | AB56: 0 | AC56: 0 | AD56: 0 | AE56: 0 | AF56: 0 | AG56: 0 | AH56: 0 | AI56: 0 | AJ56: 0 | AK56: 0 | AL56: 0 | AM56: 0 | AN56: 0 | AO56: 0 | AP56: 0 | AQ56: 0 | AR56: 0 | AS56: 0 | AT56: 0 | AU56: 0 | AV56: 0 | AW56: 0 | AX56: 0 | AY56: 0 | AZ56: 0 | BA56: 0 | BB56: 0 | BC56: 0 | BD56: 0 | BE56: 0 | BF56: 0 | BG56: 0 | BH56: 0 | BI56: 0 | BJ56: 0 | BK56: 0 | BL56: 0 | BM56: 0 | BN56: 0 | BO56: 0 | BP56: 0 | BQ56: 0 | BR56: 0 | BS56: 0 | BT56: 0
... A113: 69687232 | B113: 6706 | C113: 69687232 | D113: GH Giant Cookies and Cream Cone 1-12PK | E113: 0 | F113: 0 | G113: 0 | H113: 30000 | I113: 0 | J113: 0 | K113: 0 | L113: 0 | M113: 0 | N113: 0 | O113: 0 | P113: 0 | Q113: 0 | R113: 0 | S113: 0 | T113: 0 | U113: 0 | V113: 0 | W113: 0 | X113: 0 | Y113: 30000 | Z113: 0 | AA113: 0 | AB113: 0 | AC113: 0 | AD113: 0 | AE113: 0 | AF113: 30000 | AG113: 0 | AH113: 0 | AI113: 0 | AJ113: 0 | AK113: 30000 | AL113: 0 | AM113: 0 | AN113: 0 | AO113: 0 | AP113: 0 | AQ113: 30000 | AR113: 0 | AS113: 0 | AT113: 0 | AU113: 0 | AV113: 0 | AW113: 30000 | AX113: 0 | AY113: 0 | AZ113: 0 | BA113: 0 | BB113: 0 | BC113: 0 | BD113: 0 | BE113: 30000 | BF113: 0 | BG113: 0 | BH113: 0 | BI113: 0 | BJ113: 0 | BK113: 0 | BL113: 0 | BM113: 0 | BN113: 30000 | BO113: 0 | BP113: 0 | BQ113: 0 | BR113: 0 | BS113: 0 | BT113: 0
A114: 62714126 | B114: GDI | C114: 62714126 | D114: PS OCG SF 6-18PK | E114: 15600 | F114: 49400 | G114: 49400 | H114: 44200 | I114: 57200 | J114: 36400 | K114: 40000 | L114: 40000 | M114: 40000 | N114: 0 | O114: 0 | P114: 0 | Q114: 0 | R114: 25000 | S114: 40000 | T114: 40000 | U114: 40000 | V114: 0 | W114: 0 | X114: 0 | Y114: 0 | Z114: 0 | AA114: 0 | AB114: 0 | AC114: 40000 | AD114: 40000 | AE114: 40000 | AF114: 40000 | AG114: 40000 | AH114: 40000 | AI114: 30000 | AJ114: 30000 | AK114: 40000 | AL114: 40000 | AM114: 40000 | AN114: 30000 | AO114: 40000 | AP114: 40000 | AQ114: 40000 | AR114: 30000 | AS114: 0 | AT114: 40000 | AU114: 40000 | AV114: 40000 | AW114: 30000 | AX114: 40000 | AY114: 40000 | AZ114: 40000 | BA114: 30000 | BB114: 40000 | BC114: 40000 | BD114: 40000 | BE114: 30000 | BF114: 43210 | BG114: 40000 | BH114: 40000 | BI114: 40000 | BJ114: 30000 | BK114: 40000 | BL114: 40000 | BM114: 40000 | BN114: 40000 | BO114: 40000 | BP114: 20000 | BQ114: 20000 | BR114: 20000 | BS114: 20000 | BT114: 40000
A115: 62714129 | B115: GDI | C115: 62714129 | D115: PS OCG 6-18PK | E115: 0 | F115: 7800 | G115: 0 | H115: 0 | I115: 0 | J115: 0 | K115: 0 | L115: 0 | M115: 0 | N115: 0 | O115: 20000 | P115: 20000 | Q115: 40000 | R115: 5000 | S115: 0 | T115: 0 | U115: 0 | V115: 40000 | W115: 40000 | X115: 40000 | Y115: 40000 | Z115: 0 | AA115: 0 | AB115: 0 | AC115: 40000 | AD115: 0 | AE115: 0 | AF115: 0 | AG115: 0 | AH115: 0 | AI115: 0 | AJ115: 40000 | AK115: 0 | AL115: 0 | AM115: 0 | AN115: 40000 | AO115: 0 | AP115: 0 | AQ115: 0 | AR115: 20000 | AS115: 40000 | AT115: 0 | AU115: 0 | AV115: 20000 | AW115: 40000 | AX115: 0 | AY115: 0 | AZ115: 20000 | BA115: 40000 | BB115: 0 | BC115: 0 | BD115: 0 | BE115: 40000 | BF115: 5310 | BG115: 0 | BH115: 0 | BI115: 0 | BJ115: 40000 | BK115: 0 | BL115: 0 | BM115: 0 | BN115: 0 | BO115: 40000 | BP115: 0 | BQ115: 0 | BR115: 20000 | BS115: 3000 | BT115: 0
A116: 64366224 | B116: GDI | C116: 64366224 | D116: PS Buzz Lightyear IH 6-6PK | E116: 0 | F116: 0 | G116: 0 | H116: 0 | I116: 0 | J116: 0 | K116: 0 | L116: 0 | M116: 0 | N116: 0 | O116: 0 | P116: 0 | Q116: 24123 | R116: 40018 | S116: 15895 | T116: 0 | U116: 0 | V116: 0 | W116: 0 | X116: 0 | Y116: 0 | Z116: 0 | AA116: 0 | AB116: 24192 | AC116: 24192 | AD116: 0 | AE116: 0 | AF116: 48324 | AG116: 0 | AH116: 0 | AI116: 0 | AJ116: 0 | AK116: 0 | AL116: 0 | AM116: 32256 | AN116: 40420 | AO116: 0 | AP116: 0 | AQ116: 40320 | AR116: 0 | AS116: 0 | AT116: 0 | AU116: 32256 | AV116: 28224 | AW116: 0 | AX116: 0 | AY116: 32256 | AZ116: 0 | BA116: 0 | BB116: 0 | BC116: 0 | BD116: 40320 | BE116: 32256 | BF116: 0 | BG116: 0 | BH116: 0 | BI116: 40320 | BJ116: 40320 | BK116: 0 | BL116: 0 | BM116: 0 | BN116: 0 | BO116: 0 | BP116: 0 | BQ116: 0 | BR116: 16128 | BS116: 24192 | BT116: 0

Sheet Sheet3
A1: Part Name | B1: Part Description | C1: Alternate Part | D1: Segmentation | E1: Figure Name | F1: Figure by Date Past | G1: Figure by Date Week 08-26-24 | H1: Figure by Date Week 09-02-24 | I1: Figure by Date Week 09-09-24 | J1: Figure by Date Week 09-16-24 | K1: Figure by Date Week 09-23-24 | L1: Figure by Date Week 09-30-24 | M1: Figure by Date Week 10-07-24 | N1: Figure by Date Week 10-14-24 | O1: Figure by Date Week 10-21-24 | P1: Figure by Date Week 10-28-24 | Q1: Figure by Date Week 11-04-24 | R1: Figure by Date Week 11-11-24 | S1: Figure by Date Week 11-18-24 | T1: Figure by Date Week 11-25-24 | U1: Figure by Date Week 12-02-24 | V1: Figure by Date Week 12-09-24 | W1: Figure by Date Week 12-16-24 | X1: Figure by Date Week 12-23-24 | Y1: Figure by Date Week 12-30-24 | Z1: Figure by Date Week 01-06-25 | AA1: Figure by Date Week 01-13-25 | AB1: Figure by Date Week 01-20-25 | AC1: Figure by Date Week 01-27-25 | AD1: Figure by Date Week 02-03-25 | AE1: Figure by Date Week 02-10-25 | AF1: Figure by Date Week 02-17-25 | AG1: Figure by Date Week 02-24-25 | AH1: Figure by Date Week 03-03-25 | AI1: Figure by Date Week 03-10-25 | AJ1: Figure by Date Week 03-17-25 | AK1: Figure by Date Week 03-24-25 | AL1: Figure by Date Week 03-31-25 | AM1: Figure by Date Week 04-07-25 | AN1: Figure by Date Week 04-14-25 | AO1: Figure by Date Week 04-21-25 | AP1: Figure by Date Week 04-28-25 | AQ1: Figure by Date Week 05-05-25 | AR1: Figure by Date Week 05-12-25 | AS1: Figure by Date Week 05-19-25 | AT1: Figure by Date Week 05-26-25 | AU1: Figure by Date Week 06-02-25 | AV1: Figure by Date Week 06-09-25 | AW1: Figure by Date Week 06-16-25 | AX1: Figure by Date Week 06-23-25 | AY1: Figure by Date Week 06-30-25 | AZ1: Figure by Date Week 07-07-25 | BA1: Figure by Date Week 07-14-25 | BB1: Figure by Date Week 07-21-25 | BC1: Figure by Date Week 07-28-25 | BD1: Figure by Date Week 08-04-25 | BE1: Figure by Date Week 08-11-25 | BF1: Figure by Date Week 08-18-25 | BG1: Figure by Date Week 08-25-25 | BH1: Figure by Date Week 09-01-25 | BI1: Figure by Date Week 09-08-25 | BJ1: Figure by Date Week 09-15-25 | BK1: Figure by Date Week 09-22-25 | BL1: Figure by Date Week 09-29-25 | BM1: Figure by Date Week 10-06-25 | BN1: Figure by Date Week 10-13-25 | BO1: Figure by Date Week 10-20-25 | BP1: Figure by Date Week 10-27-25 | BQ1: Figure by Date Week 11-03-25 | BR1: Figure by Date Week 11-10-25 | BS1: Figure by Date Week 11-17-25 | BT1: Figure by Date Week 11-24-25 | BU1: Figure by Date Week 12-01-25 | BV1: Figure by Date Week 12-08-25 | BW1: Figure by Date Week 12-15-25 | BX1: Figure by Date Week 12-22-25 | BY1: Figure by Date Week 12-29-25
A2: 62678148 | B2: BJ US-NDO-LightsCaramelAction-8 1PT | C2: 62678148 | D2: B | E2: Sum Of Supply | F2: 240 | G2: 480 | H2: 0 | I2: 0 | J2: 0 | K2: 0 | L2: 0 | M2: 0 | N2: 0 | O2: 0 | P2: 0 | Q2: 0 | R2: 0 | S2: 0 | T2: 0 | U2: 0 | V2: 0 | W2: 0 | X2: 0 | Y2: 0 | Z2: 0 | AA2: 0 | AB2: 0 | AC2: 0 | AD2: 0 | AE2: 0 | AF2: 0 | AG2: 0 | AH2: 0 | AI2: 0 | AJ2: 0 | AK2: 0 | AL2: 0 | AM2: 0 | AN2: 0 | AO2: 0 | AP2: 0 | AQ2: 0 | AR2: 0 | AS2: 0 | AT2: 0 | AU2: 0 | AV2: 0 | AW2: 0 | AX2: 0 | AY2: 0 | AZ2: 0 | BA2: 0 | BB2: 0 | BC2: 0 | BD2: 0 | BE2: 0 | BF2: 0 | BG2: 0 | BH2: 0 | BI2: 0 | BJ2: 0 | BK2: 0 | BL2: 0 | BM2: 0 | BN2: 0 | BO2: 0 | BP2: 0 | BQ2: 0 | BR2: 0 | BS2: 0 | BT2: 0 | BU2: 0 | BV2: 0 | BW2: 0 | BX2: 0 | BY2: 0
A3: 62678151 | B3: BJ US-NDO-PBHalfBaked-8 1PT | C3: 62678151 | D3: B | E3: Sum Of Supply | F3: 0 | G3: 240 | H3: 0 | I3: 0 | J3: 0 | K3: 0 | L3: 0 | M3: 0 | N3: 0 | O3: 0 | P3: 0 | Q3: 0 | R3: 0 | S3: 0 | T3: 0 | U3: 0 | V3: 0 | W3: 0 | X3: 0 | Y3: 0 | Z3: 0 | AA3: 0 | AB3: 0 | AC3: 0 | AD3: 0 | AE3: 0 | AF3: 0 | AG3: 0 | AH3: 0 | AI3: 0 | AJ3: 0 | AK3: 0 | AL3: 0 | AM3: 0 | AN3: 0 | AO3: 0 | AP3: 0 | AQ3: 0 | AR3: 0 | AS3: 0 | AT3: 0 | AU3: 0 | AV3: 0 | AW3: 0 | AX3: 0 | AY3: 0 | AZ3: 0 | BA3: 0 | BB3: 0 | BC3: 0 | BD3: 0 | BE3: 0 | BF3: 0 | BG3: 0 | BH3: 0 | BI3: 0 | BJ3: 0 | BK3: 0 | BL3: 0 | BM3: 0 | BN3: 0 | BO3: 0 | BP3: 0 | BQ3: 0 | BR3: 0 | BS3: 0 | BT3: 0 | BU3: 0 | BV3: 0 | BW3: 0 | BX3: 0 | BY3: 0
A4: 62678152 | B4: BJ US-NDO-OatmealDreamPie-8 1PT | C4: 62678152 | D4: B | E4: Sum Of Supply | F4: 240 | G4: 240 | H4: 0 | I4: 0 | J4: 0 | K4: 0 | L4: 0 | M4: 0 | N4: 0 | O4: 0 | P4: 0 | Q4: 0 | R4: 0 | S4: 0 | T4: 0 | U4: 0 | V4: 0 | W4: 0 | X4: 0 | Y4: 0 | Z4: 0 | AA4: 0 | AB4: 0 | AC4: 0 | AD4: 0 | AE4: 0 | AF4: 0 | AG4: 0 | AH4: 0 | AI4: 0 | AJ4: 0 | AK4: 0 | AL4: 0 | AM4: 0 | AN4: 0 | AO4: 0 | AP4: 0 | AQ4: 0 | AR4: 0 | AS4: 0 | AT4: 0 | AU4: 0 | AV4: 0 | AW4: 0 | AX4: 0 | AY4: 0 | AZ4: 0 | BA4: 0 | BB4: 0 | BC4: 0 | BD4: 0 | BE4: 0 | BF4: 0 | BG4: 0 | BH4: 0 | BI4: 0 | BJ4: 0 | BK4: 0 | BL4: 0 | BM4: 0 | BN4: 0 | BO4: 0 | BP4: 0 | BQ4: 0 | BR4: 0 | BS4: 0 | BT4: 0 | BU4: 0 | BV4: 0 | BW4: 0 | BX4: 0 | BY4: 0
A5: 62689431 | B5: BJ US-IC-Mango-1 2.4GAL | C5: 62689431 | D5: D | E5: Sum Of Supply | F5: 0 | G5: 500 | H5: 0 | I5: 0 | J5: 0 | K5: 0 | L5: 0 | M5: 0 | N5: 0 | O5: 0 | P5: 0 | Q5: 0 | R5: 0 | S5: 0 | T5: 0 | U5: 0 | V5: 0 | W5: 0 | X5: 0 | Y5: 0 | Z5: 0 | AA5: 0 | AB5: 0 | AC5: 0 | AD5: 0 | AE5: 0 | AF5: 0 | AG5: 0 | AH5: 0 | AI5: 0 | AJ5: 0 | AK5: 0 | AL5: 0 | AM5: 0 | AN5: 0 | AO5: 0 | AP5: 0 | AQ5: 0 | AR5: 0 | AS5: 0 | AT5: 0 | AU5: 0 | AV5: 0 | AW5: 0 | AX5: 0 | AY5: 0 | AZ5: 0 | BA5: 0 | BB5: 0 | BC5: 0 | BD5: 0 | BE5: 0 | BF5: 0 | BG5: 0 | BH5: 0 | BI5: 0 | BJ5: 0 | BK5: 0 | BL5: 0 | BM5: 0 | BN5: 0 | BO5: 0 | BP5: 0 | BQ5: 0 | BR5: 0 | BS5: 0 | BT5: 0 | BU5: 0 | BV5: 0 | BW5: 0 | BX5: 0 | BY5: 0
A6: 62694394 | B6: MG Non-Dairy Sea Salt Caramel 10-3PK | C6: 62694394 | D6: C | E6: Import Supply | F6: 61 | G6: 0 | H6: 8884 | I6: 0 | J6: 0 | K6: 0 | L6: 0 | M6: 0 | N6: 0 | O6: 0 | P6: 0 | Q6: 0 | R6: 0 | S6: 0 | T6: 0 | U6: 0 | V6: 0 | W6: 0 | X6: 0 | Y6: 0 | Z6: 0 | AA6: 0 | AB6: 0 | AC6: 0 | AD6: 0 | AE6: 0 | AF6: 0 | AG6: 0 | AH6: 0 | AI6: 0 | AJ6: 0 | AK6: 0 | AL6: 0 | AM6: 0 | AN6: 0 | AO6: 0 | AP6: 0 | AQ6: 0 | AR6: 0 | AS6: 0 | AT6: 0 | AU6: 0 | AV6: 0 | AW6: 0 | AX6: 0 | AY6: 0 | AZ6: 0 | BA6: 0 | BB6: 0 | BC6: 0 | BD6: 0 | BE6: 0 | BF6: 0 | BG6: 0 | BH6: 0 | BI6: 0 | BJ6: 0 | BK6: 0 | BL6: 0 | BM6: 0 | BN6: 0 | BO6: 0 | BP6: 0 | BQ6: 0 | BR6: 0 | BS6: 0 | BT6: 0 | BU6: 0 | BV6: 0 | BW6: 0 | BX6: 0 | BY6: 0
A7: 62694394 | B7: MG Non-Dairy Sea Salt Caramel 10-3PK | C7: 62694394 | D7: C | E7: Sum Of Supply | F7: 61 | G7: 0 | H7: 8884 | I7: 0 | J7: 0 | K7: 0 | L7: 0 | M7: 0 | N7: 0 | O7: 0 | P7: 0 | Q7: 0 | R7: 0 | S7: 0 | T7: 0 | U7: 0 | V7: 0 | W7: 0 | X7: 0 | Y7: 0 | Z7: 0 | AA7: 0 | AB7: 0 | AC7: 0 | AD7: 0 | AE7: 0 | AF7: 0 | AG7: 0 | AH7: 0 | AI7: 0 | AJ7: 0 | AK7: 0 | AL7: 0 | AM7: 0 | AN7: 0 | AO7: 0 | AP7: 0 | AQ7: 0 | AR7: 0 | AS7: 0 | AT7: 0 | AU7: 0 | AV7: 0 | AW7: 0 | AX7: 0 | AY7: 0 | AZ7: 0 | BA7: 0 | BB7: 0 | BC7: 0 | BD7: 0 | BE7: 0 | BF7: 0 | BG7: 0 | BH7: 0 | BI7: 0 | BJ7: 0 | BK7: 0 | BL7: 0 | BM7: 0 | BN7: 0 | BO7: 0 | BP7: 0 | BQ7: 0 | BR7: 0 | BS7: 0 | BT7: 0 | BU7: 0 | BV7: 0 | BW7: 0 | BX7: 0 | BY7: 0
A8: 62694440 | B8: MG Non-Dairy Almond 10-3PK | C8: 62694440 | D8: C | E8: Import Supply | F8: 1 | G8: 0 | H8: 3855 | I8: 0 | J8: 0 | K8: 0 | L8: 0 | M8: 0 | N8: 0 | O8: 0 | P8: 0 | Q8: 0 | R8: 0 | S8: 0 | T8: 0 | U8: 0 | V8: 0 | W8: 0 | X8: 0 | Y8: 0 | Z8: 0 | AA8: 0 | AB8: 0 | AC8: 0 | AD8: 0 | AE8: 0 | AF8: 0 | AG8: 0 | AH8: 0 | AI8: 0 | AJ8: 0 | AK8: 0 | AL8: 0 | AM8: 0 | AN8: 0 | AO8: 0 | AP8: 0 | AQ8: 0 | AR8: 0 | AS8: 0 | AT8: 0 | AU8: 0 | AV8: 0 | AW8: 0 | AX8: 0 | AY8: 0 | AZ8: 0 | BA8: 0 | BB8: 0 | BC8: 0 | BD8: 0 | BE8: 0 | BF8: 0 | BG8: 0 | BH8: 0 | BI8: 0 | BJ8: 0 | BK8: 0 | BL8: 0 | BM8: 0 | BN8: 0 | BO8: 0 | BP8: 0 | BQ8: 0 | BR8: 0 | BS8: 0 | BT8: 0 | BU8: 0 | BV8: 0 | BW8: 0 | BX8: 0 | BY8: 0
A9: 62694440 | B9: MG Non-Dairy Almond 10-3PK | C9: 62694440 | D9: C | E9: Sum Of Supply | F9: 1 | G9: 0 | H9: 3855 | I9: 0 | J9: 0 | K9: 0 | L9: 0 | M9: 0 | N9: 0 | O9: 0 | P9: 0 | Q9: 0 | R9: 0 | S9: 0 | T9: 0 | U9: 0 | V9: 0 | W9: 0 | X9: 0 | Y9: 0 | Z9: 0 | AA9: 0 | AB9: 0 | AC9: 0 | AD9: 0 | AE9: 0 | AF9: 0 | AG9: 0 | AH9: 0 | AI9: 0 | AJ9: 0 | AK9: 0 | AL9: 0 | AM9: 0 | AN9: 0 | AO9: 0 | AP9: 0 | AQ9: 0 | AR9: 0 | AS9: 0 | AT9: 0 | AU9: 0 | AV9: 0 | AW9: 0 | AX9: 0 | AY9: 0 | AZ9: 0 | BA9: 0 | BB9: 0 | BC9: 0 | BD9: 0 | BE9: 0 | BF9: 0 | BG9: 0 | BH9: 0 | BI9: 0 | BJ9: 0 | BK9: 0 | BL9: 0 | BM9: 0 | BN9: 0 | BO9: 0 | BP9: 0 | BQ9: 0 | BR9: 0 | BS9: 0 | BT9: 0 | BU9: 0 | BV9: 0 | BW9: 0 | BX9: 0 | BY9: 0
A10: 62697528 | B10: BJ US-NDO-Milk+Cookies-8 1PT | C10: 62697528 | D10: B | E10: Sum Of Supply | F10: 240 | G10: 240 | H10: 0 | I10: 0 | J10: 0 | K10: 0 | L10: 0 | M10: 0 | N10: 0 | O10: 0 | P10: 0 | Q10: 0 | R10: 0 | S10: 0 | T10: 0 | U10: 0 | V10: 0 | W10: 0 | X10: 0 | Y10: 0 | Z10: 0 | AA10: 0 | AB10: 0 | AC10: 0 | AD10: 0 | AE10: 0 | AF10: 0 | AG10: 0 | AH10: 0 | AI10: 0 | AJ10: 0 | AK10: 0 | AL10: 0 | AM10: 0 | AN10: 0 | AO10: 0 | AP10: 0 | AQ10: 0 | AR10: 0 | AS10: 0 | AT10: 0 | AU10: 0 | AV10: 0 | AW10: 0 | AX10: 0 | AY10: 0 | AZ10: 0 | BA10: 0 | BB10: 0 | BC10: 0 | BD10: 0 | BE10: 0 | BF10: 0 | BG10: 0 | BH10: 0 | BI10: 0 | BJ10: 0 | BK10: 0 | BL10: 0 | BM10: 0 | BN10: 0 | BO10: 0 | BP10: 0 | BQ10: 0 | BR10: 0 | BS10: 0 | BT10: 0 | BU10: 0 | BV10: 0 | BW10: 0 | BX10: 0 | BY10: 0
A11: 62697530 | B11: BJ US-NDO-COR-BananasFoster-8 1PT | C11: 62697530 | D11: C | E11: Sum Of Supply | F11: 720 | G11: 0 | H11: 0 | I11: 0 | J11: 0 | K11: 0 | L11: 0 | M11: 0 | N11: 0 | O11: 0 | P11: 0 | Q11: 0 | R11: 0 | S11: 0 | T11: 0 | U11: 0 | V11: 0 | W11: 0 | X11: 0 | Y11: 0 | Z11: 0 | AA11: 0 | AB11: 0 | AC11: 0 | AD11: 0 | AE11: 0 | AF11: 0 | AG11: 0 | AH11: 0 | AI11: 0 | AJ11: 0 | AK11: 0 | AL11: 0 | AM11: 0 | AN11: 0 | AO11: 0 | AP11: 0 | AQ11: 0 | AR11: 0 | AS11: 0 | AT11: 0 | AU11: 0 | AV11: 0 | AW11: 0 | AX11: 0 | AY11: 0 | AZ11: 0 | BA11: 0 | BB11: 0 | BC11: 0 | BD11: 0 | BE11: 0 | BF11: 0 | BG11: 0 | BH11: 0 | BI11: 0 | BJ11: 0 | BK11: 0 | BL11: 0 | BM11: 0 | BN11: 0 | BO11: 0 | BP11: 0 | BQ11: 0 | BR11: 0 | BS11: 0 | BT11: 0 | BU11: 0 | BV11: 0 | BW11: 0 | BX11: 0 | BY11: 0
A12: 62698497 | B12: GH Reeses Bar Club 1-24PK | C12: 62698497 | D12: I | E12: Sum Of Supply | F12: 1800 | G12: 3720 | H12: 0 | I12: 0 | J12: 0 | K12: 0 | L12: 0 | M12: 0 | N12: 0 | O12: 0 | P12: 0 | Q12: 0 | R12: 0 | S12: 0 | T12: 0 | U12: 0 | V12: 0 | W12: 0 | X12: 0 | Y12: 0 | Z12: 0 | AA12: 0 | AB12: 0 | AC12: 0 | AD12: 0 | AE12: 0 | AF12: 0 | AG12: 0 | AH12: 0 | AI12: 0 | AJ12: 0 | AK12: 0 | AL12: 0 | AM12: 0 | AN12: 0 | AO12: 0 | AP12: 0 | AQ12: 0 | AR12: 0 | AS12: 0 | AT12: 0 | AU12: 0 | AV12: 0 | AW12: 0 | AX12: 0 | AY12: 0 | AZ12: 0 | BA12: 0 | BB12: 0 | BC12: 0 | BD12: 0 | BE12: 0 | BF12: 0 | BG12: 0 | BH12: 0 | BI12: 0 | BJ12: 0 | BK12: 0 | BL12: 0 | BM12: 0 | BN12: 0 | BO12: 0 | BP12: 0 | BQ12: 0 | BR12: 0 | BS12: 0 | BT12: 0 | BU12: 0 | BV12: 0 | BW12: 0 | BX12: 0 | BY12: 0
A13: 62714126 | B13: PS OCG SF 6-18PK | C13: 62714126 | D13: A | E13: Import Supply | F13: 39000 | G13: 20800 | H13: 52000 | I13: 41600 | J13: 96200 | K13: 20800 | L13: 0 | M13: 0 | N13: 0 | O13: 0 | P13: 0 | Q13: 0 | R13: 0 | S13: 0 | T13: 0 | U13: 0 | V13: 0 | W13: 0 | X13: 0 | Y13: 0 | Z13: 0 | AA13: 0 | AB13: 0 | AC13: 0 | AD13: 0 | AE13: 0 | AF13: 0 | AG13: 0 | AH13: 0 | AI13: 0 | AJ13: 0 | AK13: 0 | AL13: 0 | AM13: 0 | AN13: 0 | AO13: 0 | AP13: 0 | AQ13: 0 | AR13: 0 | AS13: 0 | AT13: 0 | AU13: 0 | AV13: 0 | AW13: 0 | AX13: 0 | AY13: 0 | AZ13: 0 | BA13: 0 | BB13: 0 | BC13: 0 | BD13: 0 | BE13: 0 | BF13: 0 | BG13: 0 | BH13: 0 | BI13: 0 | BJ13: 0 | BK13: 0 | BL13: 0 | BM13: 0 | BN13: 0 | BO13: 0 | BP13: 0 | BQ13: 0 | BR13: 0 | BS13: 0 | BT13: 0 | BU13: 0 | BV13: 0 | BW13: 0 | BX13: 0 | BY13: 0
... A52: 64326407 | B52: Yasso Coffee Poppables 10-6.84flz | C52: 64326407 | D52: I | E52: Sum Of Supply | F52: 0 | G52: 0 | H52: 0 | I52: 16000 | J52: 0 | K52: 0 | L52: 0 | M52: 0 | N52: 0 | O52: 0 | P52: 0 | Q52: 0 | R52: 0 | S52: 0 | T52: 0 | U52: 0 | V52: 0 | W52: 0 | X52: 0 | Y52: 0 | Z52: 0 | AA52: 0 | AB52: 0 | AC52: 0 | AD52: 0 | AE52: 0 | AF52: 0 | AG52: 0 | AH52: 0 | AI52: 0 | AJ52: 0 | AK52: 0 | AL52: 0 | AM52: 0 | AN52: 0 | AO52: 0 | AP52: 0 | AQ52: 0 | AR52: 0 | AS52: 0 | AT52: 0 | AU52: 0 | AV52: 0 | AW52: 0 | AX52: 0 | AY52: 0 | AZ52: 0 | BA52: 0 | BB52: 0 | BC52: 0 | BD52: 0 | BE52: 0 | BF52: 0 | BG52: 0 | BH52: 0 | BI52: 0 | BJ52: 0 | BK52: 0 | BL52: 0 | BM52: 0 | BN52: 0 | BO52: 0 | BP52: 0 | BQ52: 0 | BR52: 0 | BS52: 0 | BT52: 0 | BU52: 0 | BV52: 0 | BW52: 0 | BX52: 0 | BY52: 0
A53: 64327184 | B53: YSO Mint Chocolate Chip Club 1-12pk | C53: 64327184 | E53: Sum Of Supply | F53: 0 | G53: 0 | H53: 86970 | I53: 0 | J53: 0 | K53: 0 | L53: 0 | M53: 0 | N53: 0 | O53: 0 | P53: 0 | Q53: 0 | R53: 0 | S53: 0 | T53: 0 | U53: 0 | V53: 0 | W53: 0 | X53: 0 | Y53: 0 | Z53: 0 | AA53: 0 | AB53: 0 | AC53: 0 | AD53: 0 | AE53: 0 | AF53: 0 | AG53: 0 | AH53: 0 | AI53: 0 | AJ53: 0 | AK53: 0 | AL53: 0 | AM53: 0 | AN53: 0 | AO53: 0 | AP53: 0 | AQ53: 0 | AR53: 0 | AS53: 0 | AT53: 0 | AU53: 0 | AV53: 0 | AW53: 0 | AX53: 0 | AY53: 0 | AZ53: 0 | BA53: 0 | BB53: 0 | BC53: 0 | BD53: 0 | BE53: 0 | BF53: 0 | BG53: 0 | BH53: 0 | BI53: 0 | BJ53: 0 | BK53: 0 | BL53: 0 | BM53: 0 | BN53: 0 | BO53: 0 | BP53: 0 | BQ53: 0 | BR53: 0 | BS53: 0 | BT53: 0 | BU53: 0 | BV53: 0 | BW53: 0 | BX53: 0 | BY53: 0
A54: 64328806 | B54: KL Reeses SW 6-4PK | C54: 64328806 | D54: A | E54: Sum Of Supply | F54: 9 | G54: 0 | H54: 0 | I54: 0 | J54: 0 | K54: 0 | L54: 0 | M54: 0 | N54: 0 | O54: 0 | P54: 0 | Q54: 0 | R54: 0 | S54: 0 | T54: 0 | U54: 0 | V54: 0 | W54: 0 | X54: 0 | Y54: 0 | Z54: 0 | AA54: 0 | AB54: 0 | AC54: 0 | AD54: 0 | AE54: 0 | AF54: 0 | AG54: 0 | AH54: 0 | AI54: 0 | AJ54: 0 | AK54: 0 | AL54: 0 | AM54: 0 | AN54: 0 | AO54: 0 | AP54: 0 | AQ54: 0 | AR54: 0 | AS54: 0 | AT54: 0 | AU54: 0 | AV54: 0 | AW54: 0 | AX54: 0 | AY54: 0 | AZ54: 0 | BA54: 0 | BB54: 0 | BC54: 0 | BD54: 0 | BE54: 0 | BF54: 0 | BG54: 0 | BH54: 0 | BI54: 0 | BJ54: 0 | BK54: 0 | BL54: 0 | BM54: 0 | BN54: 0 | BO54: 0 | BP54: 0 | BQ54: 0 | BR54: 0 | BS54: 0 | BT54: 0 | BU54: 0 | BV54: 0 | BW54: 0 | BX54: 0 | BY54: 0
A55: 64331551 | B55: MG Double Caramel OOH 1-12BK | C55: 64331551 | D55: A | E55: Sum Of Supply | F55: 169 | G55: 314 | H55: 0 | I55: 0 | J55: 0 | K55: 0 | L55: 0 | M55: 0 | N55: 0 | O55: 0 | P55: 0 | Q55: 0 | R55: 0 | S55: 0 | T55: 0 | U55: 0 | V55: 0 | W55: 0 | X55: 0 | Y55: 0 | Z55: 0 | AA55: 0 | AB55: 0 | AC55: 0 | AD55: 0 | AE55: 0 | AF55: 0 | AG55: 0 | AH55: 0 | AI55: 0 | AJ55: 0 | AK55: 0 | AL55: 0 | AM55: 0 | AN55: 0 | AO55: 0 | AP55: 0 | AQ55: 0 | AR55: 0 | AS55: 0 | AT55: 0 | AU55: 0 | AV55: 0 | AW55: 0 | AX55: 0 | AY55: 0 | AZ55: 0 | BA55: 0 | BB55: 0 | BC55: 0 | BD55: 0 | BE55: 0 | BF55: 0 | BG55: 0 | BH55: 0 | BI55: 0 | BJ55: 0 | BK55: 0 | BL55: 0 | BM55: 0 | BN55: 0 | BO55: 0 | BP55: 0 | BQ55: 0 | BR55: 0 | BS55: 0 | BT55: 0 | BU55: 0 | BV55: 0 | BW55: 0 | BX55: 0 | BY55: 0
A56: 64334438 | B56: Talenti Cold Brew Coffee Sorbetto 8 1PT | C56: 64334438 | D56: B | E56: Sum Of Supply | F56: 510 | G56: 765 | H56: 0 | I56: 0 | J56: 0 | K56: 0 | L56: 0 | M56: 0 | N56: 0 | O56: 0 | P56: 0 | Q56: 0 | R56: 0 | S56: 0 | T56: 0 | U56: 0 | V56: 0 | W56: 0 | X56: 0 | Y56: 0 | Z56: 0 | AA56: 0 | AB56: 0 | AC56: 0 | AD56: 0 | AE56: 0 | AF56: 0 | AG56: 0 | AH56: 0 | AI56: 0 | AJ56: 0 | AK56: 0 | AL56: 0 | AM56: 0 | AN56: 0 | AO56: 0 | AP56: 0 | AQ56: 0 | AR56: 0 | AS56: 0 | AT56: 0 | AU56: 0 | AV56: 0 | AW56: 0 | AX56: 0 | AY56: 0 | AZ56: 0 | BA56: 0 | BB56: 0 | BC56: 0 | BD56: 0 | BE56: 0 | BF56: 0 | BG56: 0 | BH56: 0 | BI56: 0 | BJ56: 0 | BK56: 0 | BL56: 0 | BM56: 0 | BN56: 0 | BO56: 0 | BP56: 0 | BQ56: 0 | BR56: 0 | BS56: 0 | BT56: 0 | BU56: 0 | BV56: 0 | BW56: 0 | BX56: 0 | BY56: 0
A57: 64341106 | B57: PS Jolly Rancher Pop 6-18PK | C57: 69778792 | D57: A | E57: Sum Of Supply | F57: 650 | G57: 2600 | H57: 0 | I57: 0 | J57: 0 | K57: 0 | L57: 0 | M57: 0 | N57: 0 | O57: 0 | P57: 0 | Q57: 0 | R57: 0 | S57: 0 | T57: 0 | U57: 0 | V57: 0 | W57: 0 | X57: 0 | Y57: 0 | Z57: 0 | AA57: 0 | AB57: 0 | AC57: 0 | AD57: 0 | AE57: 0 | AF57: 0 | AG57: 0 | AH57: 0 | AI57: 0 | AJ57: 0 | AK57: 0 | AL57: 0 | AM57: 0 | AN57: 0 | AO57: 0 | AP57: 0 | AQ57: 0 | AR57: 0 | AS57: 0 | AT57: 0 | AU57: 0 | AV57: 0 | AW57: 0 | AX57: 0 | AY57: 0 | AZ57: 0 | BA57: 0 | BB57: 0 | BC57: 0 | BD57: 0 | BE57: 0 | BF57: 0 | BG57: 0 | BH57: 0 | BI57: 0 | BJ57: 0 | BK57: 0 | BL57: 0 | BM57: 0 | BN57: 0 | BO57: 0 | BP57: 0 | BQ57: 0 | BR57: 0 | BS57: 0 | BT57: 0 | BU57: 0 | BV57: 0 | BW57: 0 | BX57: 0 | BY57: 0
A58: 64341962 | B58: BR Chocolate Truffle 6 1.5QT | C58: 64341962 | D58: A | E58: Sum Of Supply | F58: 352 | G58: 1936 | H58: 0 | I58: 0 | J58: 0 | K58: 0 | L58: 0 | M58: 0 | N58: 0 | O58: 0 | P58: 0 | Q58: 0 | R58: 0 | S58: 0 | T58: 0 | U58: 0 | V58: 0 | W58: 0 | X58: 0 | Y58: 0 | Z58: 0 | AA58: 0 | AB58: 0 | AC58: 0 | AD58: 0 | AE58: 0 | AF58: 0 | AG58: 0 | AH58: 0 | AI58: 0 | AJ58: 0 | AK58: 0 | AL58: 0 | AM58: 0 | AN58: 0 | AO58: 0 | AP58: 0 | AQ58: 0 | AR58: 0 | AS58: 0 | AT58: 0 | AU58: 0 | AV58: 0 | AW58: 0 | AX58: 0 | AY58: 0 | AZ58: 0 | BA58: 0 | BB58: 0 | BC58: 0 | BD58: 0 | BE58: 0 | BF58: 0 | BG58: 0 | BH58: 0 | BI58: 0 | BJ58: 0 | BK58: 0 | BL58: 0 | BM58: 0 | BN58: 0 | BO58: 0 | BP58: 0 | BQ58: 0 | BR58: 0 | BS58: 0 | BT58: 0 | BU58: 0 | BV58: 0 | BW58: 0 | BX58: 0 | BY58: 0
A59: 64343267 | B59: BJ US-PUP-PumpkinCookie 108p 4FOZ | C59: 64343267 | D59: I | E59: Sum Of Supply | F59: 597 | G59: 0 | H59: 0 | I59: 0 | J59: 0 | K59: 0 | L59: 0 | M59: 0 | N59: 0 | O59: 0 | P59: 0 | Q59: 0 | R59: 0 | S59: 0 | T59: 0 | U59: 0 | V59: 0 | W59: 0 | X59: 0 | Y59: 0 | Z59: 0 | AA59: 0 | AB59: 0 | AC59: 0 | AD59: 0 | AE59: 0 | AF59: 0 | AG59: 0 | AH59: 0 | AI59: 0 | AJ59: 0 | AK59: 0 | AL59: 0 | AM59: 0 | AN59: 0 | AO59: 0 | AP59: 0 | AQ59: 0 | AR59: 0 | AS59: 0 | AT59: 0 | AU59: 0 | AV59: 0 | AW59: 0 | AX59: 0 | AY59: 0 | AZ59: 0 | BA59: 0 | BB59: 0 | BC59: 0 | BD59: 0 | BE59: 0 | BF59: 0 | BG59: 0 | BH59: 0 | BI59: 0 | BJ59: 0 | BK59: 0 | BL59: 0 | BM59: 0 | BN59: 0 | BO59: 0 | BP59: 0 | BQ59: 0 | BR59: 0 | BS59: 0 | BT59: 0 | BU59: 0 | BV59: 0 | BW59: 0 | BX59: 0 | BY59: 0
A60: 64343704 | B60: BJ US-PUP-PB Pretzel 108p 4FOZ | C60: 64343704 | D60: I | E60: Sum Of Supply | F60: 640 | G60: 0 | H60: 0 | I60: 0 | J60: 0 | K60: 0 | L60: 0 | M60: 0 | N60: 0 | O60: 0 | P60: 0 | Q60: 0 | R60: 0 | S60: 0 | T60: 0 | U60: 0 | V60: 0 | W60: 0 | X60: 0 | Y60: 0 | Z60: 0 | AA60: 0 | AB60: 0 | AC60: 0 | AD60: 0 | AE60: 0 | AF60: 0 | AG60: 0 | AH60: 0 | AI60: 0 | AJ60: 0 | AK60: 0 | AL60: 0 | AM60: 0 | AN60: 0 | AO60: 0 | AP60: 0 | AQ60: 0 | AR60: 0 | AS60: 0 | AT60: 0 | AU60: 0 | AV60: 0 | AW60: 0 | AX60: 0 | AY60: 0 | AZ60: 0 | BA60: 0 | BB60: 0 | BC60: 0 | BD60: 0 | BE60: 0 | BF60: 0 | BG60: 0 | BH60: 0 | BI60: 0 | BJ60: 0 | BK60: 0 | BL60: 0 | BM60: 0 | BN60: 0 | BO60: 0 | BP60: 0 | BQ60: 0 | BR60: 0 | BS60: 0 | BT60: 0 | BU60: 0 | BV60: 0 | BW60: 0 | BX60: 0 | BY60: 0
A61: 64346612 | B61: BJ US-PUP-PumpkinCookie 6-4PK | C61: 64346612 | D61: B | E61: Sum Of Supply | F61: 10170 | G61: 6300 | H61: 0 | I61: 0 | J61: 0 | K61: 0 | L61: 0 | M61: 0 | N61: 0 | O61: 0 | P61: 0 | Q61: 0 | R61: 0 | S61: 0 | T61: 0 | U61: 0 | V61: 0 | W61: 0 | X61: 0 | Y61: 0 | Z61: 0 | AA61: 0 | AB61: 0 | AC61: 0 | AD61: 0 | AE61: 0 | AF61: 0 | AG61: 0 | AH61: 0 | AI61: 0 | AJ61: 0 | AK61: 0 | AL61: 0 | AM61: 0 | AN61: 0 | AO61: 0 | AP61: 0 | AQ61: 0 | AR61: 0 | AS61: 0 | AT61: 0 | AU61: 0 | AV61: 0 | AW61: 0 | AX61: 0 | AY61: 0 | AZ61: 0 | BA61: 0 | BB61: 0 | BC61: 0 | BD61: 0 | BE61: 0 | BF61: 0 | BG61: 0 | BH61: 0 | BI61: 0 | BJ61: 0 | BK61: 0 | BL61: 0 | BM61: 0 | BN61: 0 | BO61: 0 | BP61: 0 | BQ61: 0 | BR61: 0 | BS61: 0 | BT61: 0 | BU61: 0 | BV61: 0 | BW61: 0 | BX61: 0 | BY61: 0
A62: 64346613 | B62: BJ US-PUP-PB Pretzel 6-4PK | C62: 64346613 | D62: B | E62: Sum Of Supply | F62: 7224 | G62: 1222 | H62: 0 | I62: 0 | J62: 0 | K62: 0 | L62: 0 | M62: 0 | N62: 0 | O62: 0 | P62: 0 | Q62: 0 | R62: 0 | S62: 0 | T62: 0 | U62: 0 | V62: 0 | W62: 0 | X62: 0 | Y62: 0 | Z62: 0 | AA62: 0 | AB62: 0 | AC62: 0 | AD62: 0 | AE62: 0 | AF62: 0 | AG62: 0 | AH62: 0 | AI62: 0 | AJ62: 0 | AK62: 0 | AL62: 0 | AM62: 0 | AN62: 0 | AO62: 0 | AP62: 0 | AQ62: 0 | AR62: 0 | AS62: 0 | AT62: 0 | AU62: 0 | AV62: 0 | AW62: 0 | AX62: 0 | AY62: 0 | AZ62: 0 | BA62: 0 | BB62: 0 | BC62: 0 | BD62: 0 | BE62: 0 | BF62: 0 | BG62: 0 | BH62: 0 | BI62: 0 | BJ62: 0 | BK62: 0 | BL62: 0 | BM62: 0 | BN62: 0 | BO62: 0 | BP62: 0 | BQ62: 0 | BR62: 0 | BS62: 0 | BT62: 0 | BU62: 0 | BV62: 0 | BW62: 0 | BX62: 0 | BY62: 0
A63: 64356482 | B63: MG Mini Double Caramel RFA 1(3) 6PK | C63: 64356482 | D63: I | E63: Sum Of Supply | F63: 92 | G63: 25360 | H63: 0 | I63: 0 | J63: 0 | K63: 0 | L63: 0 | M63: 0 | N63: 0 | O63: 0 | P63: 0 | Q63: 0 | R63: 0 | S63: 0 | T63: 0 | U63: 0 | V63: 0 | W63: 0 | X63: 0 | Y63: 0 | Z63: 0 | AA63: 0 | AB63: 0 | AC63: 0 | AD63: 0 | AE63: 0 | AF63: 0 | AG63: 0 | AH63: 0 | AI63: 0 | AJ63: 0 | AK63: 0 | AL63: 0 | AM63: 0 | AN63: 0 | AO63: 0 | AP63: 0 | AQ63: 0 | AR63: 0 | AS63: 0 | AT63: 0 | AU63: 0 | AV63: 0 | AW63: 0 | AX63: 0 | AY63: 0 | AZ63: 0 | BA63: 0 | BB63: 0 | BC63: 0 | BD63: 0 | BE63: 0 | BF63: 0 | BG63: 0 | BH63: 0 | BI63: 0 | BJ63: 0 | BK63: 0 | BL63: 0 | BM63: 0 | BN63: 0 | BO63: 0 | BP63: 0 | BQ63: 0 | BR63: 0 | BS63: 0 | BT63: 0 | BU63: 0 | BV63: 0 | BW63: 0 | BX63: 0 | BY63: 0
A64: 64365613 | B64: PS Spiderman Facepiece 6-6PK | C64: 64365613 | E64: Import Supply | F64: 0 | G64: 0 | H64: 0 | I64: 0 | J64: 0 | K64: 0 | L64: 0 | M64: 0 | N64: 0 | O64: 0 | P64: 195 | Q64: 0 | R64: 0 | S64: 0 | T64: 0 | U64: 0 | V64: 0 | W64: 0 | X64: 0 | Y64: 0 | Z64: 0 | AA64: 0 | AB64: 0 | AC64: 0 | AD64: 0 | AE64: 0 | AF64: 0 | AG64: 0 | AH64: 0 | AI64: 0 | AJ64: 0 | AK64: 0 | AL64: 0 | AM64: 0 | AN64: 0 | AO64: 0 | AP64: 0 | AQ64: 0 | AR64: 0 | AS64: 0 | AT64: 0 | AU64: 0 | AV64: 0 | AW64: 0 | AX64: 0 | AY64: 0 | AZ64: 0 | BA64: 0 | BB64: 0 | BC64: 0 | BD64: 0 | BE64: 0 | BF64: 0 | BG64: 0 | BH64: 0 | BI64: 0 | BJ64: 0 | BK64: 0 | BL64: 0 | BM64: 0 | BN64: 0 | BO64: 0 | BP64: 0 | BQ64: 0 | BR64: 0 | BS64: 0 | BT64: 0 | BU64: 0 | BV64: 0 | BW64: 0 | BX64: 0 | BY64: 0
A65: 64365613 | B65: PS Spiderman Facepiece 6-6PK | C65: 64365613 | E65: Sum Of Supply | F65: 0 | G65: 0 | H65: 0 | I65: 0 | J65: 0 | K65: 0 | L65: 0 | M65: 0 | N65: 0 | O65: 0 | P65: 195 | Q65: 0 | R65: 0 | S65: 0 | T65: 0 | U65: 0 | V65: 0 | W65: 0 | X65: 0 | Y65: 0 | Z65: 0 | AA65: 0 | AB65: 0 | AC65: 0 | AD65: 0 | AE65: 0 | AF65: 0 | AG65: 0 | AH65: 0 | AI65: 0 | AJ65: 0 | AK65: 0 | AL65: 0 | AM65: 0 | AN65: 0 | AO65: 0 | AP65: 0 | AQ65: 0 | AR65: 0 | AS65: 0 | AT65: 0 | AU65: 0 | AV65: 0 | AW65: 0 | AX65: 0 | AY65: 0 | AZ65: 0 | BA65: 0 | BB65: 0 | BC65: 0 | BD65: 0 | BE65: 0 | BF65: 0 | BG65: 0 | BH65: 0 | BI65: 0 | BJ65: 0 | BK65: 0 | BL65: 0 | BM65: 0 | BN65: 0 | BO65: 0 | BP65: 0 | BQ65: 0 | BR65: 0 | BS65: 0 | BT65: 0 | BU65: 0 | BV65: 0 | BW65: 0 | BX65: 0 | BY65: 0
A66: 64368273 | B66: BJ US-IC-ChurnOutTheVote-8 1PT LTD | C66: 64368273 | D66: A | E66: Sum Of Supply | F66: 240 | G66: 1200 | H66: 0 | I66: 0 | J66: 0 | K66: 0 | L66: 0 | M66: 0 | N66: 0 | O66: 0 | P66: 0 | Q66: 0 | R66: 0 | S66: 0 | T66: 0 | U66: 0 | V66: 0 | W66: 0 | X66: 0 | Y66: 0 | Z66: 0 | AA66: 0 | AB66: 0 | AC66: 0 | AD66: 0 | AE66: 0 | AF66: 0 | AG66: 0 | AH66: 0 | AI66: 0 | AJ66: 0 | AK66: 0 | AL66: 0 | AM66: 0 | AN66: 0 | AO66: 0 | AP66: 0 | AQ66: 0 | AR66: 0 | AS66: 0 | AT66: 0 | AU66: 0 | AV66: 0 | AW66: 0 | AX66: 0 | AY66: 0 | AZ66: 0 | BA66: 0 | BB66: 0 | BC66: 0 | BD66: 0 | BE66: 0 | BF66: 0 | BG66: 0 | BH66: 0 | BI66: 0 | BJ66: 0 | BK66: 0 | BL66: 0 | BM66: 0 | BN66: 0 | BO66: 0 | BP66: 0 | BQ66: 0 | BR66: 0 | BS66: 0 | BT66: 0 | BU66: 0 | BV66: 0 | BW66: 0 | BX66: 0 | BY66: 0
A67: 64378129 | B67: GH Candy center 8-6pk | C67: 64378129 | D67: I | E67: Import Supply | F67: 0 | G67: 7810 | H67: 0 | I67: 0 | J67: 5610 | K67: 0 | L67: 0 | M67: 0 | N67: 0 | O67: 0 | P67: 0 | Q67: 0 | R67: 0 | S67: 0 | T67: 0 | U67: 0 | V67: 0 | W67: 0 | X67: 0 | Y67: 0 | Z67: 0 | AA67: 0 | AB67: 0 | AC67: 0 | AD67: 0 | AE67: 0 | AF67: 0 | AG67: 0 | AH67: 0 | AI67: 0 | AJ67: 0 | AK67: 0 | AL67: 0 | AM67: 0 | AN67: 0 | AO67: 0 | AP67: 0 | AQ67: 0 | AR67: 0 | AS67: 0 | AT67: 0 | AU67: 0 | AV67: 0 | AW67: 0 | AX67: 0 | AY67: 0 | AZ67: 0 | BA67: 0 | BB67: 0 | BC67: 0 | BD67: 0 | BE67: 0 | BF67: 0 | BG67: 0 | BH67: 0 | BI67: 0 | BJ67: 0 | BK67: 0 | BL67: 0 | BM67: 0 | BN67: 0 | BO67: 0 | BP67: 0 | BQ67: 0 | BR67: 0 | BS67: 0 | BT67: 0 | BU67: 0 | BV67: 0 | BW67: 0 | BX67: 0 | BY67: 0
A68: 64378129 | B68: GH Candy center 8-6pk | C68: 64378129 | D68: I | E68: Sum Of Supply | F68: 0 | G68: 7810 | H68: 0 | I68: 0 | J68: 5610 | K68: 0 | L68: 0 | M68: 0 | N68: 0 | O68: 0 | P68: 0 | Q68: 0 | R68: 0 | S68: 0 | T68: 0 | U68: 0 | V68: 0 | W68: 0 | X68: 0 | Y68: 0 | Z68: 0 | AA68: 0 | AB68: 0 | AC68: 0 | AD68: 0 | AE68: 0 | AF68: 0 | AG68: 0 | AH68: 0 | AI68: 0 | AJ68: 0 | AK68: 0 | AL68: 0 | AM68: 0 | AN68: 0 | AO68: 0 | AP68: 0 | AQ68: 0 | AR68: 0 | AS68: 0 | AT68: 0 | AU68: 0 | AV68: 0 | AW68: 0 | AX68: 0 | AY68: 0 | AZ68: 0 | BA68: 0 | BB68: 0 | BC68: 0 | BD68: 0 | BE68: 0 | BF68: 0 | BG68: 0 | BH68: 0 | BI68: 0 | BJ68: 0 | BK68: 0 | BL68: 0 | BM68: 0 | BN68: 0 | BO68: 0 | BP68: 0 | BQ68: 0 | BR68: 0 | BS68: 0 | BT68: 0 | BU68: 0 | BV68: 0 | BW68: 0 | BX68: 0 | BY68: 0
A69: 64388734 | B69: Yasso Creamy Pineapple Coconut 8-4pk | C69: 64388734 | E69: Sum Of Supply | F69: 0 | G69: 13125 | H69: 0 | I69: 0 | J69: 0 | K69: 0 | L69: 0 | M69: 0 | N69: 0 | O69: 0 | P69: 0 | Q69: 0 | R69: 0 | S69: 0 | T69: 0 | U69: 0 | V69: 0 | W69: 0 | X69: 0 | Y69: 0 | Z69: 0 | AA69: 0 | AB69: 0 | AC69: 0 | AD69: 0 | AE69: 0 | AF69: 0 | AG69: 0 | AH69: 0 | AI69: 0 | AJ69: 0 | AK69: 0 | AL69: 0 | AM69: 0 | AN69: 0 | AO69: 0 | AP69: 0 | AQ69: 0 | AR69: 0 | AS69: 0 | AT69: 0 | AU69: 0 | AV69: 0 | AW69: 0 | AX69: 0 | AY69: 0 | AZ69: 0 | BA69: 0 | BB69: 0 | BC69: 0 | BD69: 0 | BE69: 0 | BF69: 0 | BG69: 0 | BH69: 0 | BI69: 0 | BJ69: 0 | BK69: 0 | BL69: 0 | BM69: 0 | BN69: 0 | BO69: 0 | BP69: 0 | BQ69: 0 | BR69: 0 | BS69: 0 | BT69: 0 | BU69: 0 | BV69: 0 | BW69: 0 | BX69: 0 | BY69: 0
A70: 64388735 | B70: Yasso Cherry Chocolate Crunch 8-4pk | C70: 64388735 | E70: Sum Of Supply | F70: 0 | G70: 13125 | H70: 0 | I70: 0 | J70: 0 | K70: 0 | L70: 0 | M70: 0 | N70: 0 | O70: 0 | P70: 0 | Q70: 0 | R70: 0 | S70: 0 | T70: 0 | U70: 0 | V70: 0 | W70: 0 | X70: 0 | Y70: 0 | Z70: 0 | AA70: 0 | AB70: 0 | AC70: 0 | AD70: 0 | AE70: 0 | AF70: 0 | AG70: 0 | AH70: 0 | AI70: 0 | AJ70: 0 | AK70: 0 | AL70: 0 | AM70: 0 | AN70: 0 | AO70: 0 | AP70: 0 | AQ70: 0 | AR70: 0 | AS70: 0 | AT70: 0 | AU70: 0 | AV70: 0 | AW70: 0 | AX70: 0 | AY70: 0 | AZ70: 0 | BA70: 0 | BB70: 0 | BC70: 0 | BD70: 0 | BE70: 0 | BF70: 0 | BG70: 0 | BH70: 0 | BI70: 0 | BJ70: 0 | BK70: 0 | BL70: 0 | BM70: 0 | BN70: 0 | BO70: 0 | BP70: 0 | BQ70: 0 | BR70: 0 | BS70: 0 | BT70: 0 | BU70: 0 | BV70: 0 | BW70: 0 | BX70: 0 | BY70: 0
A71: 64388736 | B71: Yasso Fudge Poppables 10p 6.84flz | C71: 64388736 | E71: Sum Of Supply | F71: 0 | G71: 4500 | H71: 0 | I71: 0 | J71: 0 | K71: 0 | L71: 0 | M71: 0 | N71: 0 | O71: 0 | P71: 0 | Q71: 0 | R71: 0 | S71: 0 | T71: 0 | U71: 0 | V71: 0 | W71: 0 | X71: 0 | Y71: 0 | Z71: 0 | AA71: 0 | AB71: 0 | AC71: 0 | AD71: 0 | AE71: 0 | AF71: 0 | AG71: 0 | AH71: 0 | AI71: 0 | AJ71: 0 | AK71: 0 | AL71: 0 | AM71: 0 | AN71: 0 | AO71: 0 | AP71: 0 | AQ71: 0 | AR71: 0 | AS71: 0 | AT71: 0 | AU71: 0 | AV71: 0 | AW71: 0 | AX71: 0 | AY71: 0 | AZ71: 0 | BA71: 0 | BB71: 0 | BC71: 0 | BD71: 0 | BE71: 0 | BF71: 0 | BG71: 0 | BH71: 0 | BI71: 0 | BJ71: 0 | BK71: 0 | BL71: 0 | BM71: 0 | BN71: 0 | BO71: 0 | BP71: 0 | BQ71: 0 | BR71: 0 | BS71: 0 | BT71: 0 | BU71: 0 | BV71: 0 | BW71: 0 | BX71: 0 | BY71: 0
A72: 64407917 | B72: BJ US-IC CCCD 6(3) 1PT | C72: 64407917 | D72: I | E72: Sum Of Supply | F72: 2015 | G72: 8000 | H72: 0 | I72: 0 | J72: 0 | K72: 0 | L72: 0 | M72: 0 | N72: 0 | O72: 0 | P72: 0 | Q72: 0 | R72: 0 | S72: 0 | T72: 0 | U72: 0 | V72: 0 | W72: 0 | X72: 0 | Y72: 0 | Z72: 0 | AA72: 0 | AB72: 0 | AC72: 0 | AD72: 0 | AE72: 0 | AF72: 0 | AG72: 0 | AH72: 0 | AI72: 0 | AJ72: 0 | AK72: 0 | AL72: 0 | AM72: 0 | AN72: 0 | AO72: 0 | AP72: 0 | AQ72: 0 | AR72: 0 | AS72: 0 | AT72: 0 | AU72: 0 | AV72: 0 | AW72: 0 | AX72: 0 | AY72: 0 | AZ72: 0 | BA72: 0 | BB72: 0 | BC72: 0 | BD72: 0 | BE72: 0 | BF72: 0 | BG72: 0 | BH72: 0 | BI72: 0 | BJ72: 0 | BK72: 0 | BL72: 0 | BM72: 0 | BN72: 0 | BO72: 0 | BP72: 0 | BQ72: 0 | BR72: 0 | BS72: 0 | BT72: 0 | BU72: 0 | BV72: 0 | BW72: 0 | BX72: 0 | BY72: 0
A73: 64409312 | B73: Holanda Chemisse Pineapple 8-4pk | C73: 64409312 | E73: Sum Of Supply | F73: 0 | G73: 0 | H73: 0 | I73: 0 | J73: 0 | K73: 0 | L73: 0 | M73: 0 | N73: 0 | O73: 0 | P73: 20760 | Q73: 0 | R73: 0 | S73: 0 | T73: 0 | U73: 0 | V73: 0 | W73: 0 | X73: 0 | Y73: 0 | Z73: 0 | AA73: 0 | AB73: 0 | AC73: 0 | AD73: 0 | AE73: 0 | AF73: 0 | AG73: 0 | AH73: 0 | AI73: 0 | AJ73: 0 | AK73: 0 | AL73: 0 | AM73: 0 | AN73: 0 | AO73: 0 | AP73: 0 | AQ73: 0 | AR73: 0 | AS73: 0 | AT73: 0 | AU73: 0 | AV73: 0 | AW73: 0 | AX73: 0 | AY73: 0 | AZ73: 0 | BA73: 0 | BB73: 0 | BC73: 0 | BD73: 0 | BE73: 0 | BF73: 0 | BG73: 0 | BH73: 0 | BI73: 0 | BJ73: 0 | BK73: 0 | BL73: 0 | BM73: 0 | BN73: 0 | BO73: 0 | BP73: 0 | BQ73: 0 | BR73: 0 | BS73: 0 | BT73: 0 | BU73: 0 | BV73: 0 | BW73: 0 | BX73: 0 | BY73: 0
A74: 64409314 | B74: Holanda Chemisse Strawberry 8-4pk | C74: 64409314 | E74: Sum Of Supply | F74: 0 | G74: 0 | H74: 0 | I74: 0 | J74: 0 | K74: 0 | L74: 0 | M74: 0 | N74: 0 | O74: 0 | P74: 20760 | Q74: 0 | R74: 0 | S74: 0 | T74: 0 | U74: 0 | V74: 0 | W74: 0 | X74: 0 | Y74: 0 | Z74: 0 | AA74: 0 | AB74: 0 | AC74: 0 | AD74: 0 | AE74: 0 | AF74: 0 | AG74: 0 | AH74: 0 | AI74: 0 | AJ74: 0 | AK74: 0 | AL74: 0 | AM74: 0 | AN74: 0 | AO74: 0 | AP74: 0 | AQ74: 0 | AR74: 0 | AS74: 0 | AT74: 0 | AU74: 0 | AV74: 0 | AW74: 0 | AX74: 0 | AY74: 0 | AZ74: 0 | BA74: 0 | BB74: 0 | BC74: 0 | BD74: 0 | BE74: 0 | BF74: 0 | BG74: 0 | BH74: 0 | BI74: 0 | BJ74: 0 | BK74: 0 | BL74: 0 | BM74: 0 | BN74: 0 | BO74: 0 | BP74: 0 | BQ74: 0 | BR74: 0 | BS74: 0 | BT74: 0 | BU74: 0 | BV74: 0 | BW74: 0 | BX74: 0 | BY74: 0
A75: 67278338 | B75: BJ SORV-SRB-Lemonade-1 8.95L | C75: 67278338 | D75: D | E75: Sum Of Supply | F75: 0 | G75: 0 | H75: 0 | I75: 0 | J75: 125 | K75: 0 | L75: 0 | M75: 0 | N75: 0 | O75: 0 | P75: 0 | Q75: 0 | R75: 0 | S75: 0 | T75: 0 | U75: 0 | V75: 0 | W75: 0 | X75: 0 | Y75: 0 | Z75: 0 | AA75: 0 | AB75: 0 | AC75: 0 | AD75: 0 | AE75: 0 | AF75: 0 | AG75: 0 | AH75: 0 | AI75: 0 | AJ75: 0 | AK75: 0 | AL75: 0 | AM75: 0 | AN75: 0 | AO75: 0 | AP75: 0 | AQ75: 0 | AR75: 0 | AS75: 0 | AT75: 0 | AU75: 0 | AV75: 0 | AW75: 0 | AX75: 0 | AY75: 0 | AZ75: 0 | BA75: 0 | BB75: 0 | BC75: 0 | BD75: 0 | BE75: 0 | BF75: 0 | BG75: 0 | BH75: 0 | BI75: 0 | BJ75: 0 | BK75: 0 | BL75: 0 | BM75: 0 | BN75: 0 | BO75: 0 | BP75: 0 | BQ75: 0 | BR75: 0 | BS75: 0 | BT75: 0 | BU75: 0 | BV75: 0 | BW75: 0 | BX75: 0 | BY75: 0
A76: 67420264 | B76: BJ US-IC-AmericoneDream-FTNG-12 4FOZ | C76: 67420264 | D76: C | E76: Sum Of Supply | F76: 510 | G76: 0 | H76: 0 | I76: 0 | J76: 0 | K76: 0 | L76: 0 | M76: 0 | N76: 0 | O76: 0 | P76: 0 | Q76: 0 | R76: 0 | S76: 0 | T76: 0 | U76: 0 | V76: 0 | W76: 0 | X76: 0 | Y76: 0 | Z76: 0 | AA76: 0 | AB76: 0 | AC76: 0 | AD76: 0 | AE76: 0 | AF76: 0 | AG76: 0 | AH76: 0 | AI76: 0 | AJ76: 0 | AK76: 0 | AL76: 0 | AM76: 0 | AN76: 0 | AO76: 0 | AP76: 0 | AQ76: 0 | AR76: 0 | AS76: 0 | AT76: 0 | AU76: 0 | AV76: 0 | AW76: 0 | AX76: 0 | AY76: 0 | AZ76: 0 | BA76: 0 | BB76: 0 | BC76: 0 | BD76: 0 | BE76: 0 | BF76: 0 | BG76: 0 | BH76: 0 | BI76: 0 | BJ76: 0 | BK76: 0 | BL76: 0 | BM76: 0 | BN76: 0 | BO76: 0 | BP76: 0 | BQ76: 0 | BR76: 0 | BS76: 0 | BT76: 0 | BU76: 0 | BV76: 0 | BW76: 0 | BX76: 0 | BY76: 0
A77: 67546042 | B77: BJ US-COR-ChocolateChip-8 1 PT | C77: 67546042 | D77: A | E77: Sum Of Supply | F77: 14400 | G77: 9813 | H77: 0 | I77: 0 | J77: 0 | K77: 0 | L77: 0 | M77: 0 | N77: 0 | O77: 0 | P77: 0 | Q77: 0 | R77: 0 | S77: 0 | T77: 0 | U77: 0 | V77: 0 | W77: 0 | X77: 0 | Y77: 0 | Z77: 0 | AA77: 0 | AB77: 0 | AC77: 0 | AD77: 0 | AE77: 0 | AF77: 0 | AG77: 0 | AH77: 0 | AI77: 0 | AJ77: 0 | AK77: 0 | AL77: 0 | AM77: 0 | AN77: 0 | AO77: 0 | AP77: 0 | AQ77: 0 | AR77: 0 | AS77: 0 | AT77: 0 | AU77: 0 | AV77: 0 | AW77: 0 | AX77: 0 | AY77: 0 | AZ77: 0 | BA77: 0 | BB77: 0 | BC77: 0 | BD77: 0 | BE77: 0 | BF77: 0 | BG77: 0 | BH77: 0 | BI77: 0 | BJ77: 0 | BK77: 0 | BL77: 0 | BM77: 0 | BN77: 0 | BO77: 0 | BP77: 0 | BQ77: 0 | BR77: 0 | BS77: 0 | BT77: 0 | BU77: 0 | BV77: 0 | BW77: 0 | BX77: 0 | BY77: 0
A78: 67723726 | B78: BR CO-B Snickers 6 1.5QT | C78: 67723726 | D78: A | E78: Sum Of Supply | F78: 0 | G78: 2156 | H78: 0 | I78: 0 | J78: 0 | K78: 0 | L78: 0 | M78: 0 | N78: 0 | O78: 0 | P78: 0 | Q78: 0 | R78: 0 | S78: 0 | T78: 0 | U78: 0 | V78: 0 | W78: 0 | X78: 0 | Y78: 0 | Z78: 0 | AA78: 0 | AB78: 0 | AC78: 0 | AD78: 0 | AE78: 0 | AF78: 0 | AG78: 0 | AH78: 0 | AI78: 0 | AJ78: 0 | AK78: 0 | AL78: 0 | AM78: 0 | AN78: 0 | AO78: 0 | AP78: 0 | AQ78: 0 | AR78: 0 | AS78: 0 | AT78: 0 | AU78: 0 | AV78: 0 | AW78: 0 | AX78: 0 | AY78: 0 | AZ78: 0 | BA78: 0 | BB78: 0 | BC78: 0 | BD78: 0 | BE78: 0 | BF78: 0 | BG78: 0 | BH78: 0 | BI78: 0 | BJ78: 0 | BK78: 0 | BL78: 0 | BM78: 0 | BN78: 0 | BO78: 0 | BP78: 0 | BQ78: 0 | BR78: 0 | BS78: 0 | BT78: 0 | BU78: 0 | BV78: 0 | BW78: 0 | BX78: 0 | BY78: 0
A79: 67794168 | B79: BJ US-IC-MntrWndrland-8 1PT | C79: 67794168 | D79: C | E79: Sum Of Supply | F79: 0 | G79: 480 | H79: 0 | I79: 0 | J79: 0 | K79: 0 | L79: 0 | M79: 0 | N79: 0 | O79: 0 | P79: 0 | Q79: 0 | R79: 0 | S79: 0 | T79: 0 | U79: 0 | V79: 0 | W79: 0 | X79: 0 | Y79: 0 | Z79: 0 | AA79: 0 | AB79: 0 | AC79: 0 | AD79: 0 | AE79: 0 | AF79: 0 | AG79: 0 | AH79: 0 | AI79: 0 | AJ79: 0 | AK79: 0 | AL79: 0 | AM79: 0 | AN79: 0 | AO79: 0 | AP79: 0 | AQ79: 0 | AR79: 0 | AS79: 0 | AT79: 0 | AU79: 0 | AV79: 0 | AW79: 0 | AX79: 0 | AY79: 0 | AZ79: 0 | BA79: 0 | BB79: 0 | BC79: 0 | BD79: 0 | BE79: 0 | BF79: 0 | BG79: 0 | BH79: 0 | BI79: 0 | BJ79: 0 | BK79: 0 | BL79: 0 | BM79: 0 | BN79: 0 | BO79: 0 | BP79: 0 | BQ79: 0 | BR79: 0 | BS79: 0 | BT79: 0 | BU79: 0 | BV79: 0 | BW79: 0 | BX79: 0 | BY79: 0
A80: 67794169 | B80: BJ US-IC-TonightDough-8 1PT | C80: 67794169 | D80: A | E80: Sum Of Supply | F80: 4800 | G80: 0 | H80: 0 | I80: 0 | J80: 0 | K80: 0 | L80: 0 | M80: 0 | N80: 0 | O80: 0 | P80: 0 | Q80: 0 | R80: 0 | S80: 0 | T80: 0 | U80: 0 | V80: 0 | W80: 0 | X80: 0 | Y80: 0 | Z80: 0 | AA80: 0 | AB80: 0 | AC80: 0 | AD80: 0 | AE80: 0 | AF80: 0 | AG80: 0 | AH80: 0 | AI80: 0 | AJ80: 0 | AK80: 0 | AL80: 0 | AM80: 0 | AN80: 0 | AO80: 0 | AP80: 0 | AQ80: 0 | AR80: 0 | AS80: 0 | AT80: 0 | AU80: 0 | AV80: 0 | AW80: 0 | AX80: 0 | AY80: 0 | AZ80: 0 | BA80: 0 | BB80: 0 | BC80: 0 | BD80: 0 | BE80: 0 | BF80: 0 | BG80: 0 | BH80: 0 | BI80: 0 | BJ80: 0 | BK80: 0 | BL80: 0 | BM80: 0 | BN80: 0 | BO80: 0 | BP80: 0 | BQ80: 0 | BR80: 0 | BS80: 0 | BT80: 0 | BU80: 0 | BV80: 0 | BW80: 0 | BX80: 0 | BY80: 0
A81: 67794170 | B81: BJ US-IC-PeanutButterWorld-8 1PT | C81: 67794170 | D81: B | E81: Sum Of Supply | F81: 240 | G81: 0 | H81: 0 | I81: 0 | J81: 0 | K81: 0 | L81: 0 | M81: 0 | N81: 0 | O81: 0 | P81: 0 | Q81: 0 | R81: 0 | S81: 0 | T81: 0 | U81: 0 | V81: 0 | W81: 0 | X81: 0 | Y81: 0 | Z81: 0 | AA81: 0 | AB81: 0 | AC81: 0 | AD81: 0 | AE81: 0 | AF81: 0 | AG81: 0 | AH81: 0 | AI81: 0 | AJ81: 0 | AK81: 0 | AL81: 0 | AM81: 0 | AN81: 0 | AO81: 0 | AP81: 0 | AQ81: 0 | AR81: 0 | AS81: 0 | AT81: 0 | AU81: 0 | AV81: 0 | AW81: 0 | AX81: 0 | AY81: 0 | AZ81: 0 | BA81: 0 | BB81: 0 | BC81: 0 | BD81: 0 | BE81: 0 | BF81: 0 | BG81: 0 | BH81: 0 | BI81: 0 | BJ81: 0 | BK81: 0 | BL81: 0 | BM81: 0 | BN81: 0 | BO81: 0 | BP81: 0 | BQ81: 0 | BR81: 0 | BS81: 0 | BT81: 0 | BU81: 0 | BV81: 0 | BW81: 0 | BX81: 0 | BY81: 0
A82: 67825196 | B82: BJ US-IC-TonightDough-FTNG-1 2.4G | C82: 67825196 | D82: D | E82: Sum Of Supply | F82: 125 | G82: 0 | H82: 0 | I82: 0 | J82: 0 | K82: 0 | L82: 0 | M82: 0 | N82: 0 | O82: 0 | P82: 0 | Q82: 0 | R82: 0 | S82: 0 | T82: 0 | U82: 0 | V82: 0 | W82: 0 | X82: 0 | Y82: 0 | Z82: 0 | AA82: 0 | AB82: 0 | AC82: 0 | AD82: 0 | AE82: 0 | AF82: 0 | AG82: 0 | AH82: 0 | AI82: 0 | AJ82: 0 | AK82: 0 | AL82: 0 | AM82: 0 | AN82: 0 | AO82: 0 | AP82: 0 | AQ82: 0 | AR82: 0 | AS82: 0 | AT82: 0 | AU82: 0 | AV82: 0 | AW82: 0 | AX82: 0 | AY82: 0 | AZ82: 0 | BA82: 0 | BB82: 0 | BC82: 0 | BD82: 0 | BE82: 0 | BF82: 0 | BG82: 0 | BH82: 0 | BI82: 0 | BJ82: 0 | BK82: 0 | BL82: 0 | BM82: 0 | BN82: 0 | BO82: 0 | BP82: 0 | BQ82: 0 | BR82: 0 | BS82: 0 | BT82: 0 | BU82: 0 | BV82: 0 | BW82: 0 | BX82: 0 | BY82: 0
A83: 67825198 | B83: BJ US-IC-Milk+Cookies-FTNG-1 2.4G | C83: 67825198 | D83: C | E83: Sum Of Supply | F83: 0 | G83: 125 | H83: 0 | I83: 0 | J83: 0 | K83: 0 | L83: 0 | M83: 0 | N83: 0 | O83: 0 | P83: 0 | Q83: 0 | R83: 0 | S83: 0 | T83: 0 | U83: 0 | V83: 0 | W83: 0 | X83: 0 | Y83: 0 | Z83: 0 | AA83: 0 | AB83: 0 | AC83: 0 | AD83: 0 | AE83: 0 | AF83: 0 | AG83: 0 | AH83: 0 | AI83: 0 | AJ83: 0 | AK83: 0 | AL83: 0 | AM83: 0 | AN83: 0 | AO83: 0 | AP83: 0 | AQ83: 0 | AR83: 0 | AS83: 0 | AT83: 0 | AU83: 0 | AV83: 0 | AW83: 0 | AX83: 0 | AY83: 0 | AZ83: 0 | BA83: 0 | BB83: 0 | BC83: 0 | BD83: 0 | BE83: 0 | BF83: 0 | BG83: 0 | BH83: 0 | BI83: 0 | BJ83: 0 | BK83: 0 | BL83: 0 | BM83: 0 | BN83: 0 | BO83: 0 | BP83: 0 | BQ83: 0 | BR83: 0 | BS83: 0 | BT83: 0 | BU83: 0 | BV83: 0 | BW83: 0 | BX83: 0 | BY83: 0
A84: 67904289 | B84: BJ US-IC-Netflix+Chillld-8 1PT | C84: 67904289 | D84: A | E84: Sum Of Supply | F84: 3403 | G84: 2400 | H84: 0 | I84: 0 | J84: 0 | K84: 0 | L84: 0 | M84: 0 | N84: 0 | O84: 0 | P84: 0 | Q84: 0 | R84: 0 | S84: 0 | T84: 0 | U84: 0 | V84: 0 | W84: 0 | X84: 0 | Y84: 0 | Z84: 0 | AA84: 0 | AB84: 0 | AC84: 0 | AD84: 0 | AE84: 0 | AF84: 0 | AG84: 0 | AH84: 0 | AI84: 0 | AJ84: 0 | AK84: 0 | AL84: 0 | AM84: 0 | AN84: 0 | AO84: 0 | AP84: 0 | AQ84: 0 | AR84: 0 | AS84: 0 | AT84: 0 | AU84: 0 | AV84: 0 | AW84: 0 | AX84: 0 | AY84: 0 | AZ84: 0 | BA84: 0 | BB84: 0 | BC84: 0 | BD84: 0 | BE84: 0 | BF84: 0 | BG84: 0 | BH84: 0 | BI84: 0 | BJ84: 0 | BK84: 0 | BL84: 0 | BM84: 0 | BN84: 0 | BO84: 0 | BP84: 0 | BQ84: 0 | BR84: 0 | BS84: 0 | BT84: 0 | BU84: 0 | BV84: 0 | BW84: 0 | BX84: 0 | BY84: 0
A85: 67995090 | B85: BJ US-IC-Chocolate PB Split-8 1PT | C85: 67995090 | D85: C | E85: Sum Of Supply | F85: 240 | G85: 0 | H85: 0 | I85: 0 | J85: 0 | K85: 0 | L85: 0 | M85: 0 | N85: 0 | O85: 0 | P85: 0 | Q85: 0 | R85: 0 | S85: 0 | T85: 0 | U85: 0 | V85: 0 | W85: 0 | X85: 0 | Y85: 0 | Z85: 0 | AA85: 0 | AB85: 0 | AC85: 0 | AD85: 0 | AE85: 0 | AF85: 0 | AG85: 0 | AH85: 0 | AI85: 0 | AJ85: 0 | AK85: 0 | AL85: 0 | AM85: 0 | AN85: 0 | AO85: 0 | AP85: 0 | AQ85: 0 | AR85: 0 | AS85: 0 | AT85: 0 | AU85: 0 | AV85: 0 | AW85: 0 | AX85: 0 | AY85: 0 | AZ85: 0 | BA85: 0 | BB85: 0 | BC85: 0 | BD85: 0 | BE85: 0 | BF85: 0 | BG85: 0 | BH85: 0 | BI85: 0 | BJ85: 0 | BK85: 0 | BL85: 0 | BM85: 0 | BN85: 0 | BO85: 0 | BP85: 0 | BQ85: 0 | BR85: 0 | BS85: 0 | BT85: 0 | BU85: 0 | BV85: 0 | BW85: 0 | BX85: 0 | BY85: 0
A86: 68300738 | B86: KL REESES BAR 12-6 PK | C86: 68300738 | D86: A | E86: Sum Of Supply | F86: 1452 | G86: 1584 | H86: 0 | I86: 0 | J86: 0 | K86: 0 | L86: 0 | M86: 0 | N86: 0 | O86: 0 | P86: 0 | Q86: 0 | R86: 0 | S86: 0 | T86: 0 | U86: 0 | V86: 0 | W86: 0 | X86: 0 | Y86: 0 | Z86: 0 | AA86: 0 | AB86: 0 | AC86: 0 | AD86: 0 | AE86: 0 | AF86: 0 | AG86: 0 | AH86: 0 | AI86: 0 | AJ86: 0 | AK86: 0 | AL86: 0 | AM86: 0 | AN86: 0 | AO86: 0 | AP86: 0 | AQ86: 0 | AR86: 0 | AS86: 0 | AT86: 0 | AU86: 0 | AV86: 0 | AW86: 0 | AX86: 0 | AY86: 0 | AZ86: 0 | BA86: 0 | BB86: 0 | BC86: 0 | BD86: 0 | BE86: 0 | BF86: 0 | BG86: 0 | BH86: 0 | BI86: 0 | BJ86: 0 | BK86: 0 | BL86: 0 | BM86: 0 | BN86: 0 | BO86: 0 | BP86: 0 | BQ86: 0 | BR86: 0 | BS86: 0 | BT86: 0 | BU86: 0 | BV86: 0 | BW86: 0 | BX86: 0 | BY86: 0
... A263: 84169346 | B263: BJ SORV-IC-SweetCrm+Cks-1 8.95L | C263: 84169346 | D263: C | E263: Sum Of Supply | F263: 375 | G263: 0 | H263: 0 | I263: 0 | J263: 125 | K263: 0 | L263: 0 | M263: 0 | N263: 0 | O263: 0 | P263: 0 | Q263: 0 | R263: 0 | S263: 0 | T263: 0 | U263: 0 | V263: 0 | W263: 0 | X263: 0 | Y263: 0 | Z263: 0 | AA263: 0 | AB263: 0 | AC263: 0 | AD263: 0 | AE263: 0 | AF263: 0 | AG263: 0 | AH263: 0 | AI263: 0 | AJ263: 0 | AK263: 0 | AL263: 0 | AM263: 0 | AN263: 0 | AO263: 0 | AP263: 0 | AQ263: 0 | AR263: 0 | AS263: 0 | AT263: 0 | AU263: 0 | AV263: 0 | AW263: 0 | AX263: 0 | AY263: 0 | AZ263: 0 | BA263: 0 | BB263: 0 | BC263: 0 | BD263: 0 | BE263: 0 | BF263: 0 | BG263: 0 | BH263: 0 | BI263: 0 | BJ263: 0 | BK263: 0 | BL263: 0 | BM263: 0 | BN263: 0 | BO263: 0 | BP263: 0 | BQ263: 0 | BR263: 0 | BS263: 0 | BT263: 0 | BU263: 0 | BV263: 0 | BW263: 0 | BX263: 0 | BY263: 0

Sheet Sourcing
A1: DU | B1: Description | C1: Source | I1: 62712051 | J1: BR Mint CHOC Chip 6 1.5QT | O1: 6706 | P1: Schwann's
A2: 69665113 | B2: BJ US-CD-CCCD-FTNG-8 8z | C2: Rhino/Hollipac | I2: 68521425 | J2: GH Giant Vanilla Sandwich 1-24BK | O2: 1423
A3: 69713190 | B3: BJ US-CD-CCCD-FTNG-8 8z | C3: Rhino/Hollipac | I3: 68599804 | J3: BR Chocolate 6 1.5QT | O3: 1712 | P3: Schwann's
A4: 68264519 | B4: BJ US-CD-Half Baked Dough-8 6z | C4: Rhino/Hollipac | I4: 68871219 | J4: BR HA Pint IC Vanilla 8 1PT | O4: 2201
A5: 68654218 | B5: BJ US-CD-PBMix-8 8z | C5: Rhino/Hollipac | I5: 68871220 | J5: BR Vanilla 8 1PT | O5: 1714 | P5: Deliciosa
A6: 68654232 | B6: BJ US-CD-Smores-8 8z | C6: Rhino/Hollipac | I6: 68871221 | J6: BR Chocolate 8 1PT | O6: 1713 | P6: Coolab
A7: 69665114 | B7: BJ US-CD-SugarCookieDough-8 8z | C7: Rhino/Hollipac | I7: 68919011 | J7: BR Butter Pecan 8 1PT | O7: 1715 | P7: DFA
A8: 69665115 | B8: BJ US-CD-VCCCD-FTNG-8 8z | C8: Rhino/Hollipac | I8: 68919013 | J8: BR Cookies and Cream 8 1PT | O8: 1716 | P8: Hudsonville
A9: 67382713 | B9: GH King Cone Vanilla 1-24PK | C9: St Iria | I9: 69645145 | J9: GH Giant King Cone 1-12PK | O9: 1717 | P9: Casper
A10: 68445811 | B10: GH Vanilla Viennetta 6-1pk | C10: St Iria | I10: 69652931 | J10: BR HA Natural Vanilla 6 10CT 3z | O10: 3985
A11: 69964648 | B11: KL Cone BDay/ChocCrumble Cake 6-8CT | C11: Corlu | I11: 69653125 | J11: BR Chocolate 6 10CT 3z
A12: 69556602 | B12: KL Cone Caramel Vanilla Caramel 6-8CT | C12: Corlu | I12: 69653140 | J12: BR Natural Vanilla 6 10CT 3z
A13: 69628686 | B13: KL Cone Chocolate Double Chocolate 6-8ct | C13: Corlu | I13: 69687232 | J13: GH Giant Cookies and Cream Cone 1-12PK
A14: 69629469 | B14: KL Cone Classic Vanilla Chocolate 6-8CT | C14: Corlu
A15: 69557443 | B15: KL Cone Cookies n Cream Vanilla 6-8CT | C15: Corlu
A16: 69964646 | B16: KL Cone Vanilla Caramel OOH 1-24ct | C16: Corlu
A17: 69629470 | B17: KL Cone Vanilla Unicorn 6-8CT | C17: Corlu
A18: 68842352 | B18: KL Cones Classic Vanilla 6-4CT | C18: Corlu
A19: 69586720 | B19: KL Cones Cookies n Cream 6-4CT | C19: Corlu
A20: 67896936 | B20: MG ND MINI Variety Pack 6-6PK | C20: Gloucester
A21: 69649940 | B21: MG ND MINI Variety Pack 6-6PK | C21: Gloucester
A22: 68729137 | B22: MG Non-Dairy Almond 10-3PK | C22: Caivano
A23: 62694440 | B23: MG Non-Dairy Almond 10-3PK | C23: Caivano
A24: 68729136 | B24: MG Non-Dairy Sea Salt Caramel 10-3PK | C24: Caivano
A25: 62694394 | B25: MG Non-Dairy Sea Salt Caramel 10-3PK | C25: Caivano
... A33: 69964637 | B33: PS SpongeBob Facepiece IH 6-6PK | C33: Incom
A34: 62712051 | B34: BR Mint CHOC Chip 6 1.5QT | C34: 6706
A35: 68521425 | B35: GH Giant Vanilla Sandwich 1-24BK | C35: 6706
A36: 68599804 | B36: BR Chocolate 6 1.5QT | C36: 6706
A37: 68871219 | B37: BR HA Pint IC Vanilla 8 1PT | C37: 6706
A38: 68871220 | B38: BR Vanilla 8 1PT | C38: 6706
A39: 68871221 | B39: BR Chocolate 8 1PT | C39: 6706
A40: 68919011 | B40: BR Butter Pecan 8 1PT | C40: 6706
A41: 68919013 | B41: BR Cookies and Cream 8 1PT | C41: 6706
A42: 69645145 | B42: GH Giant King Cone 1-12PK | C42: 6706
A43: 69652931 | B43: BR HA Natural Vanilla 6 10CT 3z | C43: 6706
A44: 69653125 | B44: BR Chocolate 6 10CT 3z | C44: 6706
A45: 69653140 | B45: BR Natural Vanilla 6 10CT 3z | C45: 6706
A46: 69687232 | B46: GH Giant Cookies and Cream Cone 1-12PK | C46: 6706
A47: 69617285 | B47: Popsicle Spongebob Squeeze 1-24PK | C47: Corlu
A48: 69727314 | B48: PS OCG SF 6-18PK | C48: GDI
A49: 68659824 | B49: MG Mini Classic RFA 6-6PK | C49: Tultitlan
A50: 68776425 | B50: MG Almond OOH 1-12BK | C50: Tultitlan
A51: 68659823 | B51: MG Mini Almond RFA 6-6PK | C51: Tultitlan
A52: 69552657 | B52: KL Cone Reeses PB Reeses Chocolate 6-8CT | C52: Tultitlan
A53: 68659824 | B53: MG Mini Classic RFA 6-6PK | C53: Tultitlan
A54: 68829236 | B54: MG Mini Classic/Almond/White VP 6-6PK | C54: Tultitlan
A55: 68893271 | B55: MG Dark 8-3pk | C55: Tultitlan
A56: 68871168 | B56: Vanilla Sandwich | C56: Tultitlan
A57: 64356482 | B57: MG Mini Double Caramel RFA 1(3) 6PK | C57: 3985
A58: 64407917 | B58: BJ US-IC CCCD 6(3) 1PT | C58: 3985
A59: 68414643 | B59: BJ US-PUP-PB Pretzel 6-4PK | C59: 3985
A60: 68414647 | B60: BJ US-PUP-PumpkinCookie 6-4PK | C60: 3985
A61: 68942622 | B61: Talenti LY Mixed 6-4PK | C61: 3985
A62: 69572544 | B62: MG Mini Double Caramel 6-6PK | C62: 3985
A63: 69572657 | B63: MG Double Caramel 8-3PK | C63: 3985
A64: 69705264 | B64: MG Double Caramel RFA 8(3) 3PK | C64: 3985
A65: 64328806 | B65: KL Reeses SW 6-4PK | C65: Schwann's | D65: 1712
A66: 64343267 | B66: BJ US-PUP-PumpkinCookie 108p 4FOZ | C66: Schwann's | D66: 1712
A67: 64343704 | B67: BJ US-PUP-PB Pretzel 108p 4FOZ | C67: Schwann's | D67: 1712
A68: 64346612 | B68: BJ US-PUP-PumpkinCookie 6-4PK | C68: Schwann's | D68: 1712
A69: 64346613 | B69: BJ US-PUP-PB Pretzel 6-4PK | C69: Schwann's | D69: 1712
A70: 64413477 | B70: BJ US-IC-AmericoneDream-FTNG-12 4FOZ | C70: Schwann's | D70: 1712
A71: 64413475 | B71: BJ US-IC-CherryGarcia-FTNG-12 4FOZ | C71: Schwann's | D71: 1712
A72: 64413476 | B72: BJ US-IC-ChocFudgBrownie-FTNG-12 4FOZ | C72: Schwann's | D72: 1712
A73: 64413478 | B73: BJ US-IC-ChocChpCookDgh-FTNG-12 4FOZ | C73: Schwann's | D73: 1712
A74: 64762947 | B74: BJ SORV-IC-ChocChpCookDgh-12 120ML | C74: Schwann's | D74: 1712
A75: 64762946 | B75: BJ SORV-IC-CFB-12 120ML | C75: Schwann's | D75: 1712
A76: 64392287 | B76: KL Reeses SW 1-24PK | C76: Schwann's | D76: 1712
A77: 68883110 | C77: 3910 | D77: 3910
A78: 69552658 | C78: 3910 | D78: 3910
A79: 67684602 | C79: 3910 | D79: 3910
A80: 68548422 | C80: 3910 | D80: 3910
A81: 68520308 | C81: 3910 | D81: 3910
A82: 68401151 | C82: 3910 | D82: 3910
A83: 68214423 | C83: 3910 | D83: 3910
A84: 68214422 | C84: 3910 | D84: 3910
A85: 68401152 | C85: 3910 | D85: 3910
A86: 68214424 | C86: 3910 | D86: 3910
A87: 68401149 | C87: 3910 | D87: 3910
A88: 67270387 | C88: 3910 | D88: 3910
... A90: 67270381 | C90: 3910 | D90: 3910
A91: 68829292 | B91: HOLANDA MAGNUM ALMENDRA 12X90ML | C91: Tultitlan
A92: 68840562 | B92: HOLANDA MAGNUM CLAS ALM WHITE 6X6X55ML | C92: Tultitlan
A93: 68927903 | B93: HOLANDA MAGNUM MINI ALMEN MPK 6X6X55ML | C93: Tultitlan
A94: 69629477 | B94: KLONDIKE REESES CONE MPK 6X8X111ML | C94: Tultitlan
A95: 69553325 | B95: KLONDIKE VAINILLA SANDWICH 8X6X125ML | C95: Tultitlan
A96: 64379123 | B96: KL ORIG Club Pack 1-24PK | C96: 3910
A97: 64380012 | B97: KL Giant Original Bar 1-24PK | C97: 3910
A98: 64380013 | B98: GH Reeses IC Cup 1-24PK OOH | C98: 3910
A99: 67684602 | B99: PS OCG 6-18PK | C99: 3910
A100: 69552658 | B100: KL Reeses SW 6-4PK | C100: 3910
A101: 69716745 | B101: BJ US-IC-PBHalfBaked-8 1 PT | C101: 3910
A102: 69716748 | B102: BJ US-IC-ChocFudgBrownie-FTNG-8 1PT | C102: 3910
A103: 69716749 | B103: BJ US-IC-ChocTherapy-FTNG-8 1PT | C103: 3910
A104: 64365613 | B104: PS Spiderman Facepiece 6-6PK | C104: Incom
A105: 64378129 | B105: GH Candy center 8-6pk | C105: Corlu
A106: 69725083 | B106: PS SF Tropical 6-18PK | C106: GDI
A107: 64409312 | B107: Holanda Chemisse Pineapple 8-4pk | C107: Tultitlan
A108: 64409314 | B108: Holanda Chemisse Strawberry 8-4pk | C108: Tultitlan
...

Sheet Plann

Sheet Sheet6
A1: Name | B1: Site | C1: Total | D1: Values | E1: Description
A2: 64346613 | B2: 1712 | C2: 11 | D2: 45586 | E2: BJ US-PUP-PB Pretzel 6-4PK
A3: 69556602 | B3: Corlu | C3: 12 | D3: 45586 | E3: KL Cone Caramel Vanilla Caramel 6-8CT
A4: 64413476 | B4: 1712 | C4: 14 | D4: 45586 | E4: BJ US-IC-ChocFudgBrownie-FTNG-12 4FOZ
A5: 64413477 | B5: 1712 | C5: 29 | D5: 45586 | E5: BJ US-IC-AmericoneDream-FTNG-12 4FOZ
A6: 64343267 | B6: 1712 | C6: 46 | D6: 45586 | E6: BJ US-PUP-PumpkinCookie 108p 4FOZ
A7: 68599804 | B7: 6706 | C7: 64 | D7: 45586 | E7: BR Chocolate 6 1.5QT
A8: 69586720 | B8: Corlu | C8: 109 | D8: 45586 | E8: KL Cones Cookies n Cream 6-4CT
A9: 69964648 | B9: Corlu | C9: 127 | D9: 45586 | E9: KL Cone BDay/ChocCrumble Cake 6-8CT
A10: 69964646 | B10: Corlu | C10: 153 | D10: 45586 | E10: KL Cone Vanilla Caramel OOH 1-24ct
A11: 69964637 | B11: GDI | C11: 411 | D11: 45586 | E11: PS SpongeBob Facepiece IH 6-6PK
A12: 69687232 | B12: 6706 | C12: 472 | D12: 45586 | E12: GH Giant Cookies and Cream Cone 1-12PK
A13: 64325510 | B13: 1715 | C13: 1081 | D13: 45586 | E13: Yasso Chocolate Chip Cookie Dough 8-4pk
A14: 62694440 | B14: Caivano | C14: 1701 | D14: 45586 | E14: MG Non-Dairy Almond 10-3PK
A15: 64325372 | B15: 1717 | C15: 3761 | D15: 45586 | E15: Yasso Sea Salt Caramel 8-4pk
A16: 68521425 | B16: 6706 | C16: 4502 | D16: 45586 | E16: GH Giant Vanilla Sandwich 1-24BK
A17: 64378129 | B17: Corlu | C17: 4941 | D17: 45586 | E17: GH Candy center 8-6pk
A18: 64324874 | B18: 1717 | C18: 6112 | D18: 45586 | E18: Yasso Mint Chocolate Chip 8-4pk
A19: 62694394 | B19: Caivano | C19: 6861 | D19: 45586 | E19: MG Non-Dairy Sea Salt Caramel 10-3PK
A20: 69653140 | B20: 6706 | C20: 7349 | D20: 45586 | E20: BR Natural Vanilla 6 10CT 3z
A21: 62714129 | B21: GDI | C21: 7800 | D21: 45586 | E21: PS OCG 6-18PK
A22: 69645145 | B22: 6706 | C22: 9416 | D22: 45586 | E22: GH Giant King Cone 1-12PK
A23: 64324874 | B23: 1716 | C23: 10983 | D23: 45586 | E23: Yasso Mint Chocolate Chip 8-4pk
A24: 69557443 | B24: Corlu | C24: 12000 | D24: 45586 | E24: KL Cone Cookies n Cream Vanilla 6-8CT
A25: 64325509 | B25: 1716 | C25: 15000 | D25: 45586 | E25: Yasso Fudge Chocolate Crunch 8-4pk
A26: 64328806 | B26: 1712 | C26: 15208 | D26: 45586 | E26: KL Reeses SW 6-4PK
A27: 64325510 | B27: 1716 | C27: 16107 | D27: 45586 | E27: Yasso Chocolate Chip Cookie Dough 8-4pk
A28: 64413478 | B28: 1712 | C28: 18382 | D28: 45586 | E28: BJ US-IC-ChocChpCookDgh-FTNG-12 4FOZ
A29: 69964643 | B29: Income | C29: 27880 | D29: 45586 | E29: PS Minions Facepiece IH 6-6PK
A30: 64325492 | B30: 1715 | C30: 30000 | D30: 45586 | E30: Yasso Strawberry Chocolate Crunch 8-4pk
A31: 69977789 | B31: Income | C31: 47840 | D31: 45586 | E31: PS Jolly Rancher Pop OOH 1-24PK
A32: 62714126 | B32: GDI | C32: 49401 | D32: 45586 | E32: PS OCG SF 6-18PK
A33: 69704150 | B33: GDI | C33: 51408 | D33: 45586 | E33: PS SpongeBob Facepiece 1-20PK
A34: 64325372 | B34: 1716 | C34: 56563 | D34: 45586 | E34: Yasso Sea Salt Caramel 8-4pk
A35: 69629469 | B35: Corlu | C35: 120 | D35: 45593 | E35: KL Cone Classic Vanilla Chocolate 6-8CT
A36: 62694394 | B36: Caivano | C36: 384 | D36: 45593 | E36: MG Non-Dairy Sea Salt Caramel 10-3PK
A37: 64378129 | B37: Corlu | C37: 990 | D37: 45593 | E37: GH Candy center 8-6pk
A38: 62694440 | B38: Caivano | C38: 2155 | D38: 45593 | E38: MG Non-Dairy Almond 10-3PK
A39: 69557443 | B39: Corlu | C39: 3240 | D39: 45593 | E39: KL Cone Cookies n Cream Vanilla 6-8CT
A40: 69964643 | B40: Income | C40: 3900 | D40: 45593 | E40: PS Minions Facepiece IH 6-6PK
A41: 64324874 | B41: 1716 | C41: 4063 | D41: 45593 | E41: Yasso Mint Chocolate Chip 8-4pk
A42: 69586720 | B42: Corlu | C42: 7920 | D42: 45593 | E42: KL Cones Cookies n Cream 6-4CT
A43: 68842352 | B43: Corlu | C43: 11660 | D43: 45593 | E43: KL Cones Classic Vanilla 6-4CT
A44: 64325625 | B44: 1713 | C44: 14687 | D44: 45593 | E44: Yasso Vanilla Bean Poppables 10-6.84flz
A45: 64325488 | B45: 1715 | C45: 20000 | D45: 45593 | E45: Yasso PB Chocolate Crunch 8-4pk
A46: 69964646 | B46: Corlu | C46: 20520 | D46: 45593 | E46: KL Cone Vanilla Caramel OOH 1-24ct
A47: 64325486 | B47: 1715 | C47: 30000 | D47: 45593 | E47: Yasso Caramel Chocolate Crunch 8-4pk
A48: 68871220 | B48: 6706 | C48: 30000 | D48: 45593 | E48: BR Vanilla 8 1PT
A49: 69964637 | B49: GDI | C49: 31200 | D49: 45593 | E49: PS SpongeBob Facepiece IH 6-6PK
A50: 64365613 | B50: GDI | C50: 35100 | D50: 45593 | E50: PS Spiderman Facepiece 6-6PK
A51: 62714126 | B51: GDI | C51: 39000 | D51: 45593 | E51: PS OCG SF 6-18PK
A52: 69704150 | B52: GDI | C52: 42000 | D52: 45593 | E52: PS SpongeBob Facepiece 1-20PK
A53: 64325523 | B53: 1716 | C53: 75376 | D53: 45593 | E53: Yasso Chocolate Fudge Brownie 8-4pk
A54: 64326407 | B54: 1713 | C54: 4728 | D54: 45600 | E54: Yasso Coffee Poppables 10-6.84flz
A55: 69779642 | B55: Income | C55: 8400 | D55: 45600 | E55: PS Minions Facepiece 1-20PK
A56: 64325625 | B56: 1713 | C56: 9600 | D56: 45600 | E56: Yasso Vanilla Bean Poppables 10-6.84flz
A57: 69964637 | B57: GDI | C57: 11700 | D57: 45600 | E57: PS SpongeBob Facepiece IH 6-6PK
A58: 69704149 | B58: GDI | C58: 12600 | D58: 45600 | E58: PS Spiderman Facepiece 1-20PK
A59: 64324874 | B59: 1716 | C59: 15000 | D59: 45600 | E59: Yasso Mint Chocolate Chip 8-4pk
A60: 69704150 | B60: GDI | C60: 16800 | D60: 45600 | E60: PS SpongeBob Facepiece 1-20PK
A61: 64413476 | B61: 1712 | C61: 18360 | D61: 45600 | E61: BJ US-IC-ChocFudgBrownie-FTNG-12 4FOZ
A62: 64413477 | B62: 1712 | C62: 18360 | D62: 45600 | E62: BJ US-IC-AmericoneDream-FTNG-12 4FOZ
A63: 64325372 | B63: 1715 | C63: 20000 | D63: 45600 | E63: Yasso Sea Salt Caramel 8-4pk
A64: 64325518 | B64: 1715 | C64: 20000 | D64: 45600 | E64: Yasso Black Raspberry Chip 8-4pk
A65: 64324876 | B65: 1717 | C65: 23000 | D65: 45600 | E65: Yasso Chocolate Fudge 8-4pk
A66: 69964643 | B66: Income | C66: 27300 | D66: 45600 | E66: PS Minions Facepiece IH 6-6PK
A67: 64325488 | B67: 1716 | C67: 27813 | D67: 45600 | E67: Yasso PB Chocolate Crunch 8-4pk
A68: 64325518 | B68: 1716 | C68: 27813 | D68: 45600 | E68: Yasso Black Raspberry Chip 8-4pk
A69: 64326314 | B69: 1716 | C69: 30000 | D69: 45600 | E69: Yasso Peanut Butter Chip 8-4pk
A70: 64365613 | B70: GDI | C70: 35100 | D70: 45600 | E70: PS Spiderman Facepiece 6-6PK
A71: 62714126 | B71: GDI | C71: 57200 | D71: 45600 | E71: PS OCG SF 6-18PK
A72: 69964646 | B72: Corlu | C72: 360 | D72: 45607 | E72: KL Cone Vanilla Caramel OOH 1-24ct
A73: 69586720 | B73: Corlu | C73: 1980 | D73: 45607 | E73: KL Cones Cookies n Cream 6-4CT
A74: 64326407 | B74: 1713 | C74: 3200 | D74: 45607 | E74: Yasso Coffee Poppables 10-6.84flz
A75: 64325624 | B75: 1713 | C75: 3301 | D75: 45607 | E75: Yasso Sea Salt Car Poppables 10-6.84flz
A76: 69779642 | B76: Income | C76: 4200 | D76: 45607 | E76: PS Minions Facepiece 1-20PK
A77: 69557443 | B77: Corlu | C77: 4560 | D77: 45607 | E77: KL Cone Cookies n Cream Vanilla 6-8CT
A78: 64388736 | B78: 1713 | C78: 6400 | D78: 45607 | E78: Yasso Fudge Poppables 10p 6.84flz
A79: 64325625 | B79: 1713 | C79: 9600 | D79: 45607 | E79: Yasso Vanilla Bean Poppables 10-6.84flz
A80: 64325487 | B80: 1715 | C80: 10000 | D80: 45607 | E80: Yasso Mint Chocolate Crunch 8-4pk
A81: 64388734 | B81: 1715 | C81: 10000 | D81: 45607 | E81: Yasso Creamy Pineapple Coconut 8-4pk
A82: 68842352 | B82: Corlu | C82: 11220 | D82: 45607 | E82: KL Cones Classic Vanilla 6-4CT
A83: 64325572 | B83: 1715 | C83: 12500 | D83: 45607 | E83: Yasso Vanilla Chocolate Crunch 8-4pk
A84: 69653140 | B84: 6706 | C84: 15000 | D84: 45607 | E84: BR Natural Vanilla 6 10CT 3z
A85: 62714126 | B85: GDI | C85: 18200 | D85: 45607 | E85: PS OCG SF 6-18PK
A86: 64413475 | B86: 1712 | C86: 18360 | D86: 45607 | E86: BJ US-IC-CherryGarcia-FTNG-12 4FOZ
A87: 64325512 | B87: 1715 | C87: 20000 | D87: 45607 | E87: Yasso Coffee Chocolate Chip 8-4pk
A88: 64326313 | B88: 1715 | C88: 20000 | D88: 45607 | E88: Yasso Pistachio 8-4pk
A89: 69629469 | B89: Corlu | C89: 26400 | D89: 45607 | E89: KL Cone Classic Vanilla Chocolate 6-8CT
A90: 69704149 | B90: GDI | C90: 33600 | D90: 45607 | E90: PS Spiderman Facepiece 1-20PK
A91: 64324874 | B91: 1717 | C91: 37000 | D91: 45607 | E91: Yasso Mint Chocolate Chip 8-4pk
A92: 64365613 | B92: GDI | C92: 39000 | D92: 45607 | E92: PS Spiderman Facepiece 6-6PK
A93: 69964643 | B93: Income | C93: 39000 | D93: 45607 | E93: PS Minions Facepiece IH 6-6PK
A94: 64325512 | B94: 1717 | C94: 41000 | D94: 45607 | E94: Yasso Coffee Chocolate Chip 8-4pk
A95: 69964637 | B95: GDI | C95: 42900 | D95: 45607 | E95: PS SpongeBob Facepiece IH 6-6PK
A96: 64325510 | B96: 1716 | C96: 59219 | D96: 45607 | E96: Yasso Chocolate Chip Cookie Dough 8-4pk
A97: 69704150 | B97: GDI | C97: 71400 | D97: 45607 | E97: PS SpongeBob Facepiece 1-20PK
A98: 64326407 | B98: 1713 | C98: 3200 | D98: 45614 | E98: Yasso Coffee Poppables 10-6.84flz
A99: 64325624 | B99: 1713 | C99: 6400 | D99: 45614 | E99: Yasso Sea Salt Car Poppables 10-6.84flz
A100: 64325625 | B100: 1713 | C100: 6400 | D100: 45614 | E100: Yasso Vanilla Bean Poppables 10-6.84flz
...

Sheet Misc Pivot
A3: Part Name | B3: Site | C3: Line | D3: Part Description | E3: Values | F3: Total
A4: 62689431 | B4: 5914 | C4: 14LINE04 | D4: BJ US-IC-Mango-1 2.4GAL | E4: Sum of 02-16-26
A5: 62689431 | B5: 5914 | C5: 14LINE04 | D5: BJ US-IC-Mango-1 2.4GAL | E5: Sum of 02-23-26
A6: 62689431 | B6: 5914 | C6: 14LINE04 | D6: BJ US-IC-Mango-1 2.4GAL | E6: Sum of 03-02-26
A7: 62689431 | B7: 5914 | C7: 14LINE04 | D7: BJ US-IC-Mango-1 2.4GAL | E7: Sum of 03-09-26
A8: 62689431 | B8: 5914 | C8: 14LINE04 | D8: BJ US-IC-Mango-1 2.4GAL | E8: Sum of 03-16-26 | F8: 0
A9: 62689431 | B9: 5914 | C9: 14LINE04 | D9: BJ US-IC-Mango-1 2.4GAL | E9: Sum of 03-23-26 | F9: 0
A10: 62689431 | B10: 5914 | C10: 14LINE04 | D10: BJ US-IC-Mango-1 2.4GAL | E10: Sum of 03-30-26 | F10: 0
A11: 62689431 | B11: 5914 | C11: 14LINE04 | D11: BJ US-IC-Mango-1 2.4GAL | E11: Sum of 04-06-26 | F11: 0
A12: 62689431 | B12: 5914 | C12: 14LINE04 | D12: BJ US-IC-Mango-1 2.4GAL | E12: Sum of 04-13-26 | F12: 0
A13: 62689431 | B13: 5914 | C13: 14LINE04 | D13: BJ US-IC-Mango-1 2.4GAL | E13: Sum of 04-20-26 | F13: 0
A14: 62689431 | B14: 5914 | C14: 14LINE04 | D14: BJ US-IC-Mango-1 2.4GAL | E14: Sum of 04-27-26 | F14: 0
A15: 62689431 | B15: 5914 | C15: 14LINE04 | D15: BJ US-IC-Mango-1 2.4GAL | E15: Sum of 05-04-26 | F15: 6240
A16: 62689431 | B16: 5914 | C16: 14LINE04 | D16: BJ US-IC-Mango-1 2.4GAL | E16: Sum of 05-11-26 | F16: 0
A17: 62689431 | B17: 5914 | C17: 14LINE04 | D17: BJ US-IC-Mango-1 2.4GAL | E17: Sum of 05-18-26 | F17: 0
A18: 62689431 | B18: 5914 | C18: 14LINE04 | D18: BJ US-IC-Mango-1 2.4GAL | E18: Sum of 05-25-26 | F18: 0
A19: 62689431 | B19: 5914 | C19: 14LINE04 | D19: BJ US-IC-Mango-1 2.4GAL | E19: Sum of 06-01-26 | F19: 0
... A48: 62689431 | B48: 5914 | C48: 14LINE04 | D48: BJ US-IC-Mango-1 2.4GAL | E48: Sum of 12-21-26 | F48: 0
A49: 62735647 | B49: 5914 | C49: 14LINE04 | D49: BJ US-NDO-ChocChpCookDgh-1 2.4g | E49: Sum of 02-16-26
A50: 62735647 | B50: 5914 | C50: 14LINE04 | D50: BJ US-NDO-ChocChpCookDgh-1 2.4g | E50: Sum of 02-23-26
A51: 62735647 | B51: 5914 | C51: 14LINE04 | D51: BJ US-NDO-ChocChpCookDgh-1 2.4g | E51: Sum of 03-02-26
A52: 62735647 | B52: 5914 | C52: 14LINE04 | D52: BJ US-NDO-ChocChpCookDgh-1 2.4g | E52: Sum of 03-09-26
A53: 62735647 | B53: 5914 | C53: 14LINE04 | D53: BJ US-NDO-ChocChpCookDgh-1 2.4g | E53: Sum of 03-16-26 | F53: 0
A54: 62735647 | B54: 5914 | C54: 14LINE04 | D54: BJ US-NDO-ChocChpCookDgh-1 2.4g | E54: Sum of 03-23-26 | F54: 0
A55: 62735647 | B55: 5914 | C55: 14LINE04 | D55: BJ US-NDO-ChocChpCookDgh-1 2.4g | E55: Sum of 03-30-26 | F55: 0
A56: 62735647 | B56: 5914 | C56: 14LINE04 | D56: BJ US-NDO-ChocChpCookDgh-1 2.4g | E56: Sum of 04-06-26 | F56: 0
A57: 62735647 | B57: 5914 | C57: 14LINE04 | D57: BJ US-NDO-ChocChpCookDgh-1 2.4g | E57: Sum of 04-13-26 | F57: 0
A58: 62735647 | B58: 5914 | C58: 14LINE04 | D58: BJ US-NDO-ChocChpCookDgh-1 2.4g | E58: Sum of 04-20-26 | F58: 0
A59: 62735647 | B59: 5914 | C59: 14LINE04 | D59: BJ US-NDO-ChocChpCookDgh-1 2.4g | E59: Sum of 04-27-26 | F59: 0
A60: 62735647 | B60: 5914 | C60: 14LINE04 | D60: BJ US-NDO-ChocChpCookDgh-1 2.4g | E60: Sum of 05-04-26 | F60: 0
A61: 62735647 | B61: 5914 | C61: 14LINE04 | D61: BJ US-NDO-ChocChpCookDgh-1 2.4g | E61: Sum of 05-11-26 | F61: 0
A62: 62735647 | B62: 5914 | C62: 14LINE04 | D62: BJ US-NDO-ChocChpCookDgh-1 2.4g | E62: Sum of 05-18-26 | F62: 0
A63: 62735647 | B63: 5914 | C63: 14LINE04 | D63: BJ US-NDO-ChocChpCookDgh-1 2.4g | E63: Sum of 05-25-26 | F63: 0
A64: 62735647 | B64: 5914 | C64: 14LINE04 | D64: BJ US-NDO-ChocChpCookDgh-1 2.4g | E64: Sum of 06-01-26 | F64: 0
... A93: 62735647 | B93: 5914 | C93: 14LINE04 | D93: BJ US-NDO-ChocChpCookDgh-1 2.4g | E93: Sum of 12-21-26 | F93: 0
A94: 64799252 | B94: 5914 | C94: 14LINE04 | D94: BJ US-NDO MochaccinoChip-1 2.4Gal | E94: Sum of 02-16-26
A95: 64799252 | B95: 5914 | C95: 14LINE04 | D95: BJ US-NDO MochaccinoChip-1 2.4Gal | E95: Sum of 02-23-26
A96: 64799252 | B96: 5914 | C96: 14LINE04 | D96: BJ US-NDO MochaccinoChip-1 2.4Gal | E96: Sum of 03-02-26
A97: 64799252 | B97: 5914 | C97: 14LINE04 | D97: BJ US-NDO MochaccinoChip-1 2.4Gal | E97: Sum of 03-09-26
A98: 64799252 | B98: 5914 | C98: 14LINE04 | D98: BJ US-NDO MochaccinoChip-1 2.4Gal | E98: Sum of 03-16-26 | F98: 0
A99: 64799252 | B99: 5914 | C99: 14LINE04 | D99: BJ US-NDO MochaccinoChip-1 2.4Gal | E99: Sum of 03-23-26 | F99: 0
A100: 64799252 | B100: 5914 | C100: 14LINE04 | D100: BJ US-NDO MochaccinoChip-1 2.4Gal | E100: Sum of 03-30-26 | F100: 0
A101: 64799252 | B101: 5914 | C101: 14LINE04 | D101: BJ US-NDO MochaccinoChip-1 2.4Gal | E101: Sum of 04-06-26 | F101: 0
A102: 64799252 | B102: 5914 | C102: 14LINE04 | D102: BJ US-NDO MochaccinoChip-1 2.4Gal | E102: Sum of 04-13-26 | F102: 0
A103: 64799252 | B103: 5914 | C103: 14LINE04 | D103: BJ US-NDO MochaccinoChip-1 2.4Gal | E103: Sum of 04-20-26 | F103: 0
A104: 64799252 | B104: 5914 | C104: 14LINE04 | D104: BJ US-NDO MochaccinoChip-1 2.4Gal | E104: Sum of 04-27-26 | F104: 0
A105: 64799252 | B105: 5914 | C105: 14LINE04 | D105: BJ US-NDO MochaccinoChip-1 2.4Gal | E105: Sum of 05-04-26 | F105: 0
A106: 64799252 | B106: 5914 | C106: 14LINE04 | D106: BJ US-NDO MochaccinoChip-1 2.4Gal | E106: Sum of 05-11-26 | F106: 0
A107: 64799252 | B107: 5914 | C107: 14LINE04 | D107: BJ US-NDO MochaccinoChip-1 2.4Gal | E107: Sum of 05-18-26 | F107: 0
A108: 64799252 | B108: 5914 | C108: 14LINE04 | D108: BJ US-NDO MochaccinoChip-1 2.4Gal | E108: Sum of 05-25-26 | F108: 0
A109: 64799252 | B109: 5914 | C109: 14LINE04 | D109: BJ US-NDO MochaccinoChip-1 2.4Gal | E109: Sum of 06-01-26 | F109: 0
... A138: 64799252 | B138: 5914 | C138: 14LINE04 | D138: BJ US-NDO MochaccinoChip-1 2.4Gal | E138: Sum of 12-21-26 | F138: 0
A139: 64799253 | B139: 5914 | C139: 14LINE04 | D139: BJ US-NDOStrawbSwirl-1 2.4Gal | E139: Sum of 02-16-26
A140: 64799253 | B140: 5914 | C140: 14LINE04 | D140: BJ US-NDOStrawbSwirl-1 2.4Gal | E140: Sum of 02-23-26
A141: 64799253 | B141: 5914 | C141: 14LINE04 | D141: BJ US-NDOStrawbSwirl-1 2.4Gal | E141: Sum of 03-02-26
A142: 64799253 | B142: 5914 | C142: 14LINE04 | D142: BJ US-NDOStrawbSwirl-1 2.4Gal | E142: Sum of 03-09-26
A143: 64799253 | B143: 5914 | C143: 14LINE04 | D143: BJ US-NDOStrawbSwirl-1 2.4Gal | E143: Sum of 03-16-26 | F143: 0
A144: 64799253 | B144: 5914 | C144: 14LINE04 | D144: BJ US-NDOStrawbSwirl-1 2.4Gal | E144: Sum of 03-23-26 | F144: 0
A145: 64799253 | B145: 5914 | C145: 14LINE04 | D145: BJ US-NDOStrawbSwirl-1 2.4Gal | E145: Sum of 03-30-26 | F145: 0
A146: 64799253 | B146: 5914 | C146: 14LINE04 | D146: BJ US-NDOStrawbSwirl-1 2.4Gal | E146: Sum of 04-06-26 | F146: 0
A147: 64799253 | B147: 5914 | C147: 14LINE04 | D147: BJ US-NDOStrawbSwirl-1 2.4Gal | E147: Sum of 04-13-26 | F147: 0
A148: 64799253 | B148: 5914 | C148: 14LINE04 | D148: BJ US-NDOStrawbSwirl-1 2.4Gal | E148: Sum of 04-20-26 | F148: 0
A149: 64799253 | B149: 5914 | C149: 14LINE04 | D149: BJ US-NDOStrawbSwirl-1 2.4Gal | E149: Sum of 04-27-26 | F149: 0
A150: 64799253 | B150: 5914 | C150: 14LINE04 | D150: BJ US-NDOStrawbSwirl-1 2.4Gal | E150: Sum of 05-04-26 | F150: 0
A151: 64799253 | B151: 5914 | C151: 14LINE04 | D151: BJ US-NDOStrawbSwirl-1 2.4Gal | E151: Sum of 05-11-26 | F151: 0
A152: 64799253 | B152: 5914 | C152: 14LINE04 | D152: BJ US-NDOStrawbSwirl-1 2.4Gal | E152: Sum of 05-18-26 | F152: 0
A153: 64799253 | B153: 5914 | C153: 14LINE04 | D153: BJ US-NDOStrawbSwirl-1 2.4Gal | E153: Sum of 05-25-26 | F153: 6240
A154: 64799253 | B154: 5914 | C154: 14LINE04 | D154: BJ US-NDOStrawbSwirl-1 2.4Gal | E154: Sum of 06-01-26 | F154: 0
... A183: 64799253 | B183: 5914 | C183: 14LINE04 | D183: BJ US-NDOStrawbSwirl-1 2.4Gal | E183: Sum of 12-21-26 | F183: 0
A184: 64924302 | B184: 5914 | C184: 14LINE04 | D184: BJ US-SRB-BerryExtra-1 2.4 G | E184: Sum of 02-16-26
A185: 64924302 | B185: 5914 | C185: 14LINE04 | D185: BJ US-SRB-BerryExtra-1 2.4 G | E185: Sum of 02-23-26
A186: 64924302 | B186: 5914 | C186: 14LINE04 | D186: BJ US-SRB-BerryExtra-1 2.4 G | E186: Sum of 03-02-26
A187: 64924302 | B187: 5914 | C187: 14LINE04 | D187: BJ US-SRB-BerryExtra-1 2.4 G | E187: Sum of 03-09-26
A188: 64924302 | B188: 5914 | C188: 14LINE04 | D188: BJ US-SRB-BerryExtra-1 2.4 G | E188: Sum of 03-16-26 | F188: 0
A189: 64924302 | B189: 5914 | C189: 14LINE04 | D189: BJ US-SRB-BerryExtra-1 2.4 G | E189: Sum of 03-23-26 | F189: 0
A190: 64924302 | B190: 5914 | C190: 14LINE04 | D190: BJ US-SRB-BerryExtra-1 2.4 G | E190: Sum of 03-30-26 | F190: 0
A191: 64924302 | B191: 5914 | C191: 14LINE04 | D191: BJ US-SRB-BerryExtra-1 2.4 G | E191: Sum of 04-06-26 | F191: 0
A192: 64924302 | B192: 5914 | C192: 14LINE04 | D192: BJ US-SRB-BerryExtra-1 2.4 G | E192: Sum of 04-13-26 | F192: 0
A193: 64924302 | B193: 5914 | C193: 14LINE04 | D193: BJ US-SRB-BerryExtra-1 2.4 G | E193: Sum of 04-20-26 | F193: 0
A194: 64924302 | B194: 5914 | C194: 14LINE04 | D194: BJ US-SRB-BerryExtra-1 2.4 G | E194: Sum of 04-27-26 | F194: 6240
A195: 64924302 | B195: 5914 | C195: 14LINE04 | D195: BJ US-SRB-BerryExtra-1 2.4 G | E195: Sum of 05-04-26 | F195: 0
A196: 64924302 | B196: 5914 | C196: 14LINE04 | D196: BJ US-SRB-BerryExtra-1 2.4 G | E196: Sum of 05-11-26 | F196: 0
A197: 64924302 | B197: 5914 | C197: 14LINE04 | D197: BJ US-SRB-BerryExtra-1 2.4 G | E197: Sum of 05-18-26 | F197: 0
A198: 64924302 | B198: 5914 | C198: 14LINE04 | D198: BJ US-SRB-BerryExtra-1 2.4 G | E198: Sum of 05-25-26 | F198: 0
A199: 64924302 | B199: 5914 | C199: 14LINE04 | D199: BJ US-SRB-BerryExtra-1 2.4 G | E199: Sum of 06-01-26 | F199: 0
... A228: 64924302 | B228: 5914 | C228: 14LINE04 | D228: BJ US-SRB-BerryExtra-1 2.4 G | E228: Sum of 12-21-26 | F228: 0
A229: 65451821 | B229: 5914 | C229: 14LINE04 | D229: BJ US-NDO Key Lime Pie-1 2.4Gal | E229: Sum of 02-16-26
A230: 65451821 | B230: 5914 | C230: 14LINE04 | D230: BJ US-NDO Key Lime Pie-1 2.4Gal | E230: Sum of 02-23-26
A231: 65451821 | B231: 5914 | C231: 14LINE04 | D231: BJ US-NDO Key Lime Pie-1 2.4Gal | E231: Sum of 03-02-26
A232: 65451821 | B232: 5914 | C232: 14LINE04 | D232: BJ US-NDO Key Lime Pie-1 2.4Gal | E232: Sum of 03-09-26
A233: 65451821 | B233: 5914 | C233: 14LINE04 | D233: BJ US-NDO Key Lime Pie-1 2.4Gal | E233: Sum of 03-16-26 | F233: 0
A234: 65451821 | B234: 5914 | C234: 14LINE04 | D234: BJ US-NDO Key Lime Pie-1 2.4Gal | E234: Sum of 03-23-26 | F234: 0
A235: 65451821 | B235: 5914 | C235: 14LINE04 | D235: BJ US-NDO Key Lime Pie-1 2.4Gal | E235: Sum of 03-30-26 | F235: 0
A236: 65451821 | B236: 5914 | C236: 14LINE04 | D236: BJ US-NDO Key Lime Pie-1 2.4Gal | E236: Sum of 04-06-26 | F236: 0
A237: 65451821 | B237: 5914 | C237: 14LINE04 | D237: BJ US-NDO Key Lime Pie-1 2.4Gal | E237: Sum of 04-13-26 | F237: 0
A238: 65451821 | B238: 5914 | C238: 14LINE04 | D238: BJ US-NDO Key Lime Pie-1 2.4Gal | E238: Sum of 04-20-26 | F238: 0
A239: 65451821 | B239: 5914 | C239: 14LINE04 | D239: BJ US-NDO Key Lime Pie-1 2.4Gal | E239: Sum of 04-27-26 | F239: 0
A240: 65451821 | B240: 5914 | C240: 14LINE04 | D240: BJ US-NDO Key Lime Pie-1 2.4Gal | E240: Sum of 05-04-26 | F240: 0
A241: 65451821 | B241: 5914 | C241: 14LINE04 | D241: BJ US-NDO Key Lime Pie-1 2.4Gal | E241: Sum of 05-11-26 | F241: 0
A242: 65451821 | B242: 5914 | C242: 14LINE04 | D242: BJ US-NDO Key Lime Pie-1 2.4Gal | E242: Sum of 05-18-26 | F242: 0
...

Sheet Sheet4
A1: DU | B1: Site | C1: Qty | D1: Date | E1: Description | F1: Line
A2: 84137721 | B2: 5914 | C2: 2990 | D2: 46104 | E2: BJ US-IC-CherryGarcia-FTNG-1 2.4G | F2: 14LINE04
A3: 64799252 | B3: 5914 | C3: 3640 | D3: 46328 | E3: BJ US-NDO MochaccinoChip-1 2.4Gal | F3: 14LINE04
A4: 69600859 | B4: 5914 | C4: 4680 | D4: 46209 | E4: BJ US-IC-ChocolatePBChunk-1 2.4G | F4: 14LINE04
A5: 62735647 | B5: 5914 | C5: 5200 | D5: 46328 | E5: BJ US-NDO-ChocChpCookDgh-1 2.4g | F5: 14LINE04
A6: 84141035 | B6: 5914 | C6: 5200 | D6: 46216 | E6: BJ US-IC AmericoneDream-FTNG-1 2.4G | F6: 14LINE04
A7: 62689431 | B7: 5914 | C7: 5720 | D7: 46293 | E7: BJ US-IC-Mango-1 2.4GAL | F7: 14LINE04
A8: 62689431 | B8: 5914 | C8: 6240 | D8: 46146 | E8: BJ US-IC-Mango-1 2.4GAL | F8: 14LINE04
A9: 64799253 | B9: 5914 | C9: 6240 | D9: 46167 | E9: BJ US-NDOStrawbSwirl-1 2.4Gal | F9: 14LINE04
A10: 64924302 | B10: 5914 | C10: 6240 | D10: 46139 | E10: BJ US-SRB-BerryExtra-1 2.4 G | F10: 14LINE04
A11: 64924302 | B11: 5914 | C11: 6240 | D11: 46188 | E11: BJ US-SRB-BerryExtra-1 2.4 G | F11: 14LINE04
A12: 65451821 | B12: 5914 | C12: 6240 | D12: 46328 | E12: BJ US-NDO Key Lime Pie-1 2.4Gal | F12: 14LINE04
A13: 65498063 | B13: 5914 | C13: 6240 | D13: 46237 | E13: BJ US-IC Black RASP Fudge Chunk-1 2.4gal | F13: 14LINE04
... A62: 65451950 | B62: 5914 | C62: 7280 | D62: 46188 | E62: BJ US-IC Honey Graham Latte-1 2.4Gal | F62: 14LINE04

Sheet Cleaned Up
A1: DU | B1: Site | C1: Qty | D1: Date | E1: Description | F1: Line
A2: 69629468 | B2: 2904 | C2: 90 | D2: 46104 | E2: PS Fudgesicle NSA 6-18PK | F2: 04GRAM-2
A3: 64778041 | B3: 3217 | C3: 228 | D3: 46146 | E3: KL Vanilla CHOCO Super Big Cone 1-24BK | F3: NoRouting
A4: 64976851 | B4: 1717 | C4: 308 | D4: 46097 | E4: Yasso Caramel Chocolate Crunch 8-4pk | F4: 3PM Dummy Constraint
A5: 68741742 | B5: 2904 | C5: 308 | D5: 46097 | E5: GH Strawberry Shortcake Bar 8-6PK | F5: 04GRAM-1
A6: 69552657 | B6: Tultitlan | C6: 319 | D6: 46111 | E6: KL Cone Reeses PB Reeses Chocolate 6-8CT | F6: NoRouting
A7: 69653125 | B7: 6706 | C7: 360 | D7: 46125 | E7: BR Chocolate 6 10CT 3z | F7: 3PM Dummy Constraint
A8: 68852591 | B8: 2904 | C8: 396 | D8: 46097 | E8: KL Heath Bar 12-6PK | F8: 04STRLN1
A9: 17093 | B9: 5914 | C9: 620 | D9: 46153 | E9: BJ Nat Fdg Brwni Btr 6 6 LB | F9: NoRouting
A10: 64804361 | B10: 1712 | C10: 756 | D10: 46125 | E10: BJ US-PUP-Pumpkincoockie 108p 4flz | F10: 3PM Dummy Constraint
A11: 64804361 | B11: 1712 | C11: 756 | D11: 46370 | E11: BJ US-PUP-Pumpkincoockie 108p 4flz | F11: 3PM Dummy Constraint
A12: 64806254 | B12: 1712 | C12: 756 | D12: 46188 | E12: BJ US-PUP-PB Pretzel 108p 4FOZ | F12: 3PM Dummy Constraint
A13: 64806254 | B13: 1712 | C13: 756 | D13: 46251 | E13: BJ US-PUP-PB Pretzel 108p 4FOZ | F13: 3PM Dummy Constraint
A14: 64806254 | B14: 1712 | C14: 756 | D14: 46370 | E14: BJ US-PUP-PB Pretzel 108p 4FOZ | F14: 3PM Dummy Constraint
A15: 64960643 | B15: GDI | C15: 780 | D15: 46321 | E15: PS Orange Regular IH 6-12pk | F15: NoRouting
A16: 69552657 | B16: Tultitlan | C16: 804 | D16: 46104 | E16: KL Cone Reeses PB Reeses Chocolate 6-8CT | F16: NoRouting
A17: 64960643 | B17: GDI | C17: 920 | D17: 46342 | E17: PS Orange Regular IH 6-12pk | F17: NoRouting
A18: 64958122 | B18: 1717 | C18: 929 | D18: 46097 | E18: Yasso Sea Salt Caramel 8-4pk | F18: 3PM Dummy Constraint
A19: 64989109 | B19: 6765 | C19: 1065 | D19: 46111 | E19: BR Natural Vanilla 6 10CT 3z | F19: 3PM Dummy Constraint
A20: 64960643 | B20: GDI | C20: 1073 | D20: 46328 | E20: PS Orange Regular IH 6-12pk | F20: NoRouting
A21: 64960643 | B21: GDI | C21: 1073 | D21: 46349 | E21: PS Orange Regular IH 6-12pk | F21: NoRouting
A22: 64960643 | B22: GDI | C22: 1074 | D22: 46356 | E22: PS Orange Regular IH 6-12pk | F22: NoRouting
A23: 64958862 | B23: GDI | C23: 1090 | D23: 46342 | E23: PS SF Cherry IH 6-12pk | F23: NoRouting
A24: 64401837 | B24: Incom | C24: 1170 | D24: 46125 | E24: PS Frozen Olaf Facepiece IH 6-6PK | F24: NoRouting
A25: 64960643 | B25: GDI | C25: 1227 | D25: 46335 | E25: PS Orange Regular IH 6-12pk | F25: NoRouting
A26: 64958862 | B26: GDI | C26: 1271 | D26: 46328 | E26: PS SF Cherry IH 6-12pk | F26: NoRouting
A27: 64958862 | B27: GDI | C27: 1271 | D27: 46356 | E27: PS SF Cherry IH 6-12pk | F27: NoRouting
A28: 64958862 | B28: GDI | C28: 1272 | D28: 46349 | E28: PS SF Cherry IH 6-12pk | F28: NoRouting
A29: 64875812 | B29: 6757 | C29: 1422 | D29: 46104 | E29: KL Vanilla Sandwich 8-6 PK | F29: 3PM Dummy Constraint
A30: 64958862 | B30: GDI | C30: 1453 | D30: 46335 | E30: PS SF Cherry IH 6-12pk | F30: NoRouting
A31: 64960643 | B31: GDI | C31: 1686 | D31: 46363 | E31: PS Orange Regular IH 6-12pk | F31: NoRouting
A32: 65489677 | B32: 1717 | C32: 1953 | D32: 46097 | E32: GH King Cone Giant VAN CHOC 1-12PK | F32: NoRouting
A33: 67881629 | B33: 5914 | C33: 1966 | D33: 46104 | E33: BJ US-COR-BrownieBatter-8 1PT | F33: 14LINE02
A34: 64958862 | B34: GDI | C34: 1999 | D34: 46363 | E34: PS SF Cherry IH 6-12pk | F34: NoRouting
A35: 64976848 | B35: 1715 | C35: 2041 | D35: 46097 | E35: Yasso Fudge Chocolate Crunch 8-4pk | F35: 3PM Dummy Constraint
A36: 64325624 | B36: 1713 | C36: 2200 | D36: 46188 | E36: Yasso Sea Salt Car Poppables 10-6.84flz | F36: 3PM Dummy Constraint
A37: 64325624 | B37: 1713 | C37: 2200 | D37: 46202 | E37: Yasso Sea Salt Car Poppables 10-6.84flz | F37: 3PM Dummy Constraint
A38: 64325624 | B38: 1713 | C38: 2200 | D38: 46209 | E38: Yasso Sea Salt Car Poppables 10-6.84flz | F38: 3PM Dummy Constraint
A39: 64325624 | B39: 1713 | C39: 2200 | D39: 46223 | E39: Yasso Sea Salt Car Poppables 10-6.84flz | F39: 3PM Dummy Constraint
A40: 64325624 | B40: 1713 | C40: 2200 | D40: 46237 | E40: Yasso Sea Salt Car Poppables 10-6.84flz | F40: 3PM Dummy Constraint
A41: 64325624 | B41: 1713 | C41: 2200 | D41: 46272 | E41: Yasso Sea Salt Car Poppables 10-6.84flz | F41: 3PM Dummy Constraint
A42: 64325624 | B42: 1713 | C42: 2200 | D42: 46321 | E42: Yasso Sea Salt Car Poppables 10-6.84flz | F42: 3PM Dummy Constraint
A43: 64325625 | B43: 1713 | C43: 2200 | D43: 46209 | E43: Yasso Vanilla Bean Poppables 10-6.84flz | F43: 3PM Dummy Constraint
A44: 64325625 | B44: 1713 | C44: 2200 | D44: 46223 | E44: Yasso Vanilla Bean Poppables 10-6.84flz | F44: 3PM Dummy Constraint
A45: 64325625 | B45: 1713 | C45: 2200 | D45: 46230 | E45: Yasso Vanilla Bean Poppables 10-6.84flz | F45: 3PM Dummy Constraint
A46: 64325625 | B46: 1713 | C46: 2200 | D46: 46244 | E46: Yasso Vanilla Bean Poppables 10-6.84flz | F46: 3PM Dummy Constraint
... A59: 65230800 | B59: 3217 | C59: 2400 | D59: 46104 | E59: MG Non-Dairy Almond 10-3PK | F59: NoRouting
A60: 64410857 | B60: Tultitlan | C60: 2596 | D60: 46153 | E60: Holanda Solero Lime 8-4pk | F60: NoRouting
A61: 64410857 | B61: Tultitlan | C61: 2596 | D61: 46160 | E61: Holanda Solero Lime 8-4pk | F61: NoRouting
A62: 68817792 | B62: 1352 | C62: 2700 | D62: 46153 | E62: BR HA Strawberry 6 1.5QT | F62: CV530
A63: 68881268 | B63: 1352 | C63: 2700 | D63: 46160 | E63: BR HA Cookies and Cream 6 1.5QT | F63: CV532
A64: 68709233 | B64: 1352 | C64: 2786 | D64: 46097 | E64: KL SAB RF NSA Vanilla Bar 12-6PK | F64: CV644
A65: 64956417 | B65: Incom | C65: 2860 | D65: 46132 | E65: PS Hello Kitty Facepiece IH 6-6PK | F65: NoRouting
A66: 64958862 | B66: GDI | C66: 2905 | D66: 46321 | E66: PS SF Cherry IH 6-12pk | F66: NoRouting
A67: 64804365 | B67: 1712 | C67: 2970 | D67: 46125 | E67: BJ US-PUP-PB Pretzel 6-4PK | F67: 3PM Dummy Constraint
A68: 64804365 | B68: 1712 | C68: 2970 | D68: 46258 | E68: BJ US-PUP-PB Pretzel 6-4PK | F68: 3PM Dummy Constraint
A69: 64804365 | B69: 1712 | C69: 2970 | D69: 46279 | E69: BJ US-PUP-PB Pretzel 6-4PK | F69: 3PM Dummy Constraint
A70: 64804365 | B70: 1712 | C70: 2970 | D70: 46293 | E70: BJ US-PUP-PB Pretzel 6-4PK | F70: 3PM Dummy Constraint
A71: 64804365 | B71: 1712 | C71: 2970 | D71: 46307 | E71: BJ US-PUP-PB Pretzel 6-4PK | F71: 3PM Dummy Constraint
A72: 64804365 | B72: 1712 | C72: 2970 | D72: 46314 | E72: BJ US-PUP-PB Pretzel 6-4PK | F72: 3PM Dummy Constraint
A73: 64804365 | B73: 1712 | C73: 2970 | D73: 46328 | E73: BJ US-PUP-PB Pretzel 6-4PK | F73: 3PM Dummy Constraint
A74: 64804365 | B74: 1712 | C74: 2970 | D74: 46335 | E74: BJ US-PUP-PB Pretzel 6-4PK | F74: 3PM Dummy Constraint
A75: 64804365 | B75: 1712 | C75: 2970 | D75: 46342 | E75: BJ US-PUP-PB Pretzel 6-4PK | F75: 3PM Dummy Constraint
A76: 64804365 | B76: 1712 | C76: 2970 | D76: 46349 | E76: BJ US-PUP-PB Pretzel 6-4PK | F76: 3PM Dummy Constraint
A77: 64804365 | B77: 1712 | C77: 2970 | D77: 46363 | E77: BJ US-PUP-PB Pretzel 6-4PK | F77: 3PM Dummy Constraint
A78: 64804365 | B78: 1712 | C78: 2970 | D78: 46370 | E78: BJ US-PUP-PB Pretzel 6-4PK | F78: 3PM Dummy Constraint
... A89: 68817795 | B89: 1352 | C89: 3000 | D89: 46167 | E89: BR HA Mint CHOC Chip 6 1.5QT | F89: CV530
A90: 64409314 | B90: Tultitlan | C90: 3186 | D90: 46139 | E90: Holanda Chemisse Strawberry 8-4pk | F90: NoRouting
A91: 64409314 | B91: Tultitlan | C91: 3186 | D91: 46146 | E91: Holanda Chemisse Strawberry 8-4pk | F91: NoRouting
A92: 64409314 | B92: Tultitlan | C92: 3186 | D92: 46153 | E92: Holanda Chemisse Strawberry 8-4pk | F92: NoRouting
A93: 64409314 | B93: Tultitlan | C93: 3186 | D93: 46160 | E93: Holanda Chemisse Strawberry 8-4pk | F93: NoRouting
A94: 69665114 | B94: Rhino | C94: 3250 | D94: 46181 | E94: BJ US-CD-SugarCookieDough-8 8z | F94: NoRouting
A95: 64778039 | B95: 3217 | C95: 3300 | D95: 46181 | E95: KL Vanilla Chocolate Cone 1-24BK | F95: NoRouting
A96: 64778039 | B96: 3217 | C96: 3300 | D96: 46216 | E96: KL Vanilla Chocolate Cone 1-24BK | F96: NoRouting
A97: 64778039 | B97: 3217 | C97: 3300 | D97: 46293 | E97: KL Vanilla Chocolate Cone 1-24BK | F97: NoRouting
A98: 64778039 | B98: 3217 | C98: 3300 | D98: 46342 | E98: KL Vanilla Chocolate Cone 1-24BK | F98: NoRouting
A99: 64968847 | B99: 3217 | C99: 3300 | D99: 46111 | E99: PS Minions Facepiece 6-6PK | F99: NoRouting
A100: 64968848 | B100: 3217 | C100: 3300 | D100: 46104 | E100: PS SpongeBob Facepiece 6-6PK | F100: NoRouting
A101: 64968848 | B101: 3217 | C101: 3300 | D101: 46111 | E101: PS SpongeBob Facepiece 6-6PK | F101: NoRouting
A102: 64409312 | B102: Tultitlan | C102: 3313 | D102: 46125 | E102: Holanda Chemisse Pineapple 8-4pk | F102: NoRouting
A103: 64409312 | B103: Tultitlan | C103: 3313 | D103: 46132 | E103: Holanda Chemisse Pineapple 8-4pk | F103: NoRouting
A104: 64409312 | B104: Tultitlan | C104: 3313 | D104: 46139 | E104: Holanda Chemisse Pineapple 8-4pk | F104: NoRouting
A105: 64409312 | B105: Tultitlan | C105: 3313 | D105: 46146 | E105: Holanda Chemisse Pineapple 8-4pk | F105: NoRouting
A106: 64409314 | B106: Tultitlan | C106: 3387 | D106: 46104 | E106: Holanda Chemisse Strawberry 8-4pk | F106: NoRouting
A107: 64968845 | B107: 3217 | C107: 3400 | D107: 46328 | E107: Magnum Non-Dairy Classic 10-3PK | F107: NoRouting
A108: 64958862 | B108: GDI | C108: 3400 | D108: 46097 | E108: PS SF Cherry IH 6-12pk | F108: NoRouting
A109: 64958862 | B109: GDI | C109: 3400 | D109: 46104 | E109: PS SF Cherry IH 6-12pk | F109: NoRouting
A110: 64958862 | B110: GDI | C110: 3400 | D110: 46111 | E110: PS SF Cherry IH 6-12pk | F110: NoRouting
A111: 64960643 | B111: GDI | C111: 3400 | D111: 46097 | E111: PS Orange Regular IH 6-12pk | F111: NoRouting
A112: 64960643 | B112: GDI | C112: 3400 | D112: 46111 | E112: PS Orange Regular IH 6-12pk | F112: NoRouting
A113: 64960643 | B113: GDI | C113: 3400 | D113: 46118 | E113: PS Orange Regular IH 6-12pk | F113: NoRouting
A114: 69653140 | B114: 6706 | C114: 3555 | D114: 46125 | E114: BR Natural Vanilla 6 10CT 3z | F114: 3PM Dummy Constraint
A115: 64409314 | B115: Tultitlan | C115: 3597 | D115: 46111 | E115: Holanda Chemisse Strawberry 8-4pk | F115: NoRouting
A116: 64409314 | B116: Tultitlan | C116: 3597 | D116: 46118 | E116: Holanda Chemisse Strawberry 8-4pk | F116: NoRouting
A117: 64388736 | B117: 1713 | C117: 3600 | D117: 46125 | E117: Yasso Fudge Poppables 10p 6.84flz | F117: 3PM Dummy Constraint
A118: 64409314 | B118: Tultitlan | C118: 3788 | D118: 46132 | E118: Holanda Chemisse Strawberry 8-4pk | F118: NoRouting
A119: 64410857 | B119: Tultitlan | C119: 3788 | D119: 46132 | E119: Holanda Solero Lime 8-4pk | F119: NoRouting
A120: 64410857 | B120: Tultitlan | C120: 3788 | D120: 46139 | E120: Holanda Solero Lime 8-4pk | F120: NoRouting
A121: 64409312 | B121: Tultitlan | C121: 3814 | D121: 46174 | E121: Holanda Chemisse Pineapple 8-4pk | F121: NoRouting
A122: 64409312 | B122: Tultitlan | C122: 3814 | D122: 46181 | E122: Holanda Chemisse Pineapple 8-4pk | F122: NoRouting
...

Sheet Combined Pivot
A3: Part Name | B3: Site | C3: Line | D3: Part Description | E3: Values | F3: Total
A4: 17090 | B4: 5914 | C4: NoRouting | D4: BJ Choc Chk Ckie Btr 6 6 LB | E4: Sum of 02-16-26
A5: 17090 | B5: 5914 | C5: NoRouting | D5: BJ Choc Chk Ckie Btr 6 6 LB | E5: Sum of 02-23-26
A6: 17090 | B6: 5914 | C6: NoRouting | D6: BJ Choc Chk Ckie Btr 6 6 LB | E6: Sum of 03-02-26
A7: 17090 | B7: 5914 | C7: NoRouting | D7: BJ Choc Chk Ckie Btr 6 6 LB | E7: Sum of 03-09-26
A8: 17090 | B8: 5914 | C8: NoRouting | D8: BJ Choc Chk Ckie Btr 6 6 LB | E8: Sum of 03-16-26 | F8: 0
A9: 17090 | B9: 5914 | C9: NoRouting | D9: BJ Choc Chk Ckie Btr 6 6 LB | E9: Sum of 03-23-26 | F9: 0
A10: 17090 | B10: 5914 | C10: NoRouting | D10: BJ Choc Chk Ckie Btr 6 6 LB | E10: Sum of 03-30-26 | F10: 0
A11: 17090 | B11: 5914 | C11: NoRouting | D11: BJ Choc Chk Ckie Btr 6 6 LB | E11: Sum of 04-06-26 | F11: 0
A12: 17090 | B12: 5914 | C12: NoRouting | D12: BJ Choc Chk Ckie Btr 6 6 LB | E12: Sum of 04-13-26 | F12: 0
A13: 17090 | B13: 5914 | C13: NoRouting | D13: BJ Choc Chk Ckie Btr 6 6 LB | E13: Sum of 04-20-26 | F13: 0
A14: 17090 | B14: 5914 | C14: NoRouting | D14: BJ Choc Chk Ckie Btr 6 6 LB | E14: Sum of 04-27-26 | F14: 0
A15: 17090 | B15: 5914 | C15: NoRouting | D15: BJ Choc Chk Ckie Btr 6 6 LB | E15: Sum of 05-04-26 | F15: 0
A16: 17090 | B16: 5914 | C16: NoRouting | D16: BJ Choc Chk Ckie Btr 6 6 LB | E16: Sum of 05-11-26 | F16: 0
A17: 17090 | B17: 5914 | C17: NoRouting | D17: BJ Choc Chk Ckie Btr 6 6 LB | E17: Sum of 05-18-26 | F17: 0
A18: 17090 | B18: 5914 | C18: NoRouting | D18: BJ Choc Chk Ckie Btr 6 6 LB | E18: Sum of 05-25-26 | F18: 0
A19: 17090 | B19: 5914 | C19: NoRouting | D19: BJ Choc Chk Ckie Btr 6 6 LB | E19: Sum of 06-01-26 | F19: 650
... A48: 17090 | B48: 5914 | C48: NoRouting | D48: BJ Choc Chk Ckie Btr 6 6 LB | E48: Sum of 12-21-26 | F48: 0
A49: 17093 | B49: 5914 | C49: NoRouting | D49: BJ Nat Fdg Brwni Btr 6 6 LB | E49: Sum of 02-16-26
A50: 17093 | B50: 5914 | C50: NoRouting | D50: BJ Nat Fdg Brwni Btr 6 6 LB | E50: Sum of 02-23-26
A51: 17093 | B51: 5914 | C51: NoRouting | D51: BJ Nat Fdg Brwni Btr 6 6 LB | E51: Sum of 03-02-26
A52: 17093 | B52: 5914 | C52: NoRouting | D52: BJ Nat Fdg Brwni Btr 6 6 LB | E52: Sum of 03-09-26
A53: 17093 | B53: 5914 | C53: NoRouting | D53: BJ Nat Fdg Brwni Btr 6 6 LB | E53: Sum of 03-16-26 | F53: 0
A54: 17093 | B54: 5914 | C54: NoRouting | D54: BJ Nat Fdg Brwni Btr 6 6 LB | E54: Sum of 03-23-26 | F54: 0
A55: 17093 | B55: 5914 | C55: NoRouting | D55: BJ Nat Fdg Brwni Btr 6 6 LB | E55: Sum of 03-30-26 | F55: 0
A56: 17093 | B56: 5914 | C56: NoRouting | D56: BJ Nat Fdg Brwni Btr 6 6 LB | E56: Sum of 04-06-26 | F56: 0
A57: 17093 | B57: 5914 | C57: NoRouting | D57: BJ Nat Fdg Brwni Btr 6 6 LB | E57: Sum of 04-13-26 | F57: 0
A58: 17093 | B58: 5914 | C58: NoRouting | D58: BJ Nat Fdg Brwni Btr 6 6 LB | E58: Sum of 04-20-26 | F58: 0
A59: 17093 | B59: 5914 | C59: NoRouting | D59: BJ Nat Fdg Brwni Btr 6 6 LB | E59: Sum of 04-27-26 | F59: 0
A60: 17093 | B60: 5914 | C60: NoRouting | D60: BJ Nat Fdg Brwni Btr 6 6 LB | E60: Sum of 05-04-26 | F60: 0
A61: 17093 | B61: 5914 | C61: NoRouting | D61: BJ Nat Fdg Brwni Btr 6 6 LB | E61: Sum of 05-11-26 | F61: 620
A62: 17093 | B62: 5914 | C62: NoRouting | D62: BJ Nat Fdg Brwni Btr 6 6 LB | E62: Sum of 05-18-26 | F62: 0
A63: 17093 | B63: 5914 | C63: NoRouting | D63: BJ Nat Fdg Brwni Btr 6 6 LB | E63: Sum of 05-25-26 | F63: 0
A64: 17093 | B64: 5914 | C64: NoRouting | D64: BJ Nat Fdg Brwni Btr 6 6 LB | E64: Sum of 06-01-26 | F64: 0
... A93: 17093 | B93: 5914 | C93: NoRouting | D93: BJ Nat Fdg Brwni Btr 6 6 LB | E93: Sum of 12-21-26 | F93: 0
A94: 62678148 | B94: 5914 | C94: 14LINE01 | D94: BJ US-NDO-LightsCaramelAction-8 1PT | E94: Sum of 02-16-26
A95: 62678148 | B95: 5914 | C95: 14LINE01 | D95: BJ US-NDO-LightsCaramelAction-8 1PT | E95: Sum of 02-23-26
A96: 62678148 | B96: 5914 | C96: 14LINE01 | D96: BJ US-NDO-LightsCaramelAction-8 1PT | E96: Sum of 03-02-26
A97: 62678148 | B97: 5914 | C97: 14LINE01 | D97: BJ US-NDO-LightsCaramelAction-8 1PT | E97: Sum of 03-09-26
A98: 62678148 | B98: 5914 | C98: 14LINE01 | D98: BJ US-NDO-LightsCaramelAction-8 1PT | E98: Sum of 03-16-26 | F98: 0
A99: 62678148 | B99: 5914 | C99: 14LINE01 | D99: BJ US-NDO-LightsCaramelAction-8 1PT | E99: Sum of 03-23-26 | F99: 0
A100: 62678148 | B100: 5914 | C100: 14LINE01 | D100: BJ US-NDO-LightsCaramelAction-8 1PT | E100: Sum of 03-30-26 | F100: 0
A101: 62678148 | B101: 5914 | C101: 14LINE01 | D101: BJ US-NDO-LightsCaramelAction-8 1PT | E101: Sum of 04-06-26 | F101: 0
A102: 62678148 | B102: 5914 | C102: 14LINE01 | D102: BJ US-NDO-LightsCaramelAction-8 1PT | E102: Sum of 04-13-26 | F102: 0
A103: 62678148 | B103: 5914 | C103: 14LINE01 | D103: BJ US-NDO-LightsCaramelAction-8 1PT | E103: Sum of 04-20-26 | F103: 0
A104: 62678148 | B104: 5914 | C104: 14LINE01 | D104: BJ US-NDO-LightsCaramelAction-8 1PT | E104: Sum of 04-27-26 | F104: 0
A105: 62678148 | B105: 5914 | C105: 14LINE01 | D105: BJ US-NDO-LightsCaramelAction-8 1PT | E105: Sum of 05-04-26 | F105: 0
A106: 62678148 | B106: 5914 | C106: 14LINE01 | D106: BJ US-NDO-LightsCaramelAction-8 1PT | E106: Sum of 05-11-26 | F106: 0
A107: 62678148 | B107: 5914 | C107: 14LINE01 | D107: BJ US-NDO-LightsCaramelAction-8 1PT | E107: Sum of 05-18-26 | F107: 0
A108: 62678148 | B108: 5914 | C108: 14LINE01 | D108: BJ US-NDO-LightsCaramelAction-8 1PT | E108: Sum of 05-25-26 | F108: 0
A109: 62678148 | B109: 5914 | C109: 14LINE01 | D109: BJ US-NDO-LightsCaramelAction-8 1PT | E109: Sum of 06-01-26 | F109: 0
... A138: 62678148 | B138: 5914 | C138: 14LINE01 | D138: BJ US-NDO-LightsCaramelAction-8 1PT | E138: Sum of 12-21-26 | F138: 0
A139: 62678150 | B139: 5914 | C139: 14LINE01 | D139: BJ US-NDO-AmericoneDream-8 1PT | E139: Sum of 02-16-26
A140: 62678150 | B140: 5914 | C140: 14LINE01 | D140: BJ US-NDO-AmericoneDream-8 1PT | E140: Sum of 02-23-26
A141: 62678150 | B141: 5914 | C141: 14LINE01 | D141: BJ US-NDO-AmericoneDream-8 1PT | E141: Sum of 03-02-26
A142: 62678150 | B142: 5914 | C142: 14LINE01 | D142: BJ US-NDO-AmericoneDream-8 1PT | E142: Sum of 03-09-26
A143: 62678150 | B143: 5914 | C143: 14LINE01 | D143: BJ US-NDO-AmericoneDream-8 1PT | E143: Sum of 03-16-26 | F143: 0
A144: 62678150 | B144: 5914 | C144: 14LINE01 | D144: BJ US-NDO-AmericoneDream-8 1PT | E144: Sum of 03-23-26 | F144: 0
A145: 62678150 | B145: 5914 | C145: 14LINE01 | D145: BJ US-NDO-AmericoneDream-8 1PT | E145: Sum of 03-30-26 | F145: 0
A146: 62678150 | B146: 5914 | C146: 14LINE01 | D146: BJ US-NDO-AmericoneDream-8 1PT | E146: Sum of 04-06-26 | F146: 0
A147: 62678150 | B147: 5914 | C147: 14LINE01 | D147: BJ US-NDO-AmericoneDream-8 1PT | E147: Sum of 04-13-26 | F147: 0
A148: 62678150 | B148: 5914 | C148: 14LINE01 | D148: BJ US-NDO-AmericoneDream-8 1PT | E148: Sum of 04-20-26 | F148: 17920
A149: 62678150 | B149: 5914 | C149: 14LINE01 | D149: BJ US-NDO-AmericoneDream-8 1PT | E149: Sum of 04-27-26 | F149: 0
A150: 62678150 | B150: 5914 | C150: 14LINE01 | D150: BJ US-NDO-AmericoneDream-8 1PT | E150: Sum of 05-04-26 | F150: 0
A151: 62678150 | B151: 5914 | C151: 14LINE01 | D151: BJ US-NDO-AmericoneDream-8 1PT | E151: Sum of 05-11-26 | F151: 0
A152: 62678150 | B152: 5914 | C152: 14LINE01 | D152: BJ US-NDO-AmericoneDream-8 1PT | E152: Sum of 05-18-26 | F152: 0
A153: 62678150 | B153: 5914 | C153: 14LINE01 | D153: BJ US-NDO-AmericoneDream-8 1PT | E153: Sum of 05-25-26 | F153: 0
A154: 62678150 | B154: 5914 | C154: 14LINE01 | D154: BJ US-NDO-AmericoneDream-8 1PT | E154: Sum of 06-01-26 | F154: 0
... A183: 62678150 | B183: 5914 | C183: 14LINE01 | D183: BJ US-NDO-AmericoneDream-8 1PT | E183: Sum of 12-21-26 | F183: 0
A184: 62678150 | B184: 5914 | C184: 14LINE02 | D184: BJ US-NDO-AmericoneDream-8 1PT | E184: Sum of 02-16-26
A185: 62678150 | B185: 5914 | C185: 14LINE02 | D185: BJ US-NDO-AmericoneDream-8 1PT | E185: Sum of 02-23-26
A186: 62678150 | B186: 5914 | C186: 14LINE02 | D186: BJ US-NDO-AmericoneDream-8 1PT | E186: Sum of 03-02-26
A187: 62678150 | B187: 5914 | C187: 14LINE02 | D187: BJ US-NDO-AmericoneDream-8 1PT | E187: Sum of 03-09-26
A188: 62678150 | B188: 5914 | C188: 14LINE02 | D188: BJ US-NDO-AmericoneDream-8 1PT | E188: Sum of 03-16-26 | F188: 0
A189: 62678150 | B189: 5914 | C189: 14LINE02 | D189: BJ US-NDO-AmericoneDream-8 1PT | E189: Sum of 03-23-26 | F189: 0
A190: 62678150 | B190: 5914 | C190: 14LINE02 | D190: BJ US-NDO-AmericoneDream-8 1PT | E190: Sum of 03-30-26 | F190: 0
A191: 62678150 | B191: 5914 | C191: 14LINE02 | D191: BJ US-NDO-AmericoneDream-8 1PT | E191: Sum of 04-06-26 | F191: 0
A192: 62678150 | B192: 5914 | C192: 14LINE02 | D192: BJ US-NDO-AmericoneDream-8 1PT | E192: Sum of 04-13-26 | F192: 0
A193: 62678150 | B193: 5914 | C193: 14LINE02 | D193: BJ US-NDO-AmericoneDream-8 1PT | E193: Sum of 04-20-26 | F193: 0
A194: 62678150 | B194: 5914 | C194: 14LINE02 | D194: BJ US-NDO-AmericoneDream-8 1PT | E194: Sum of 04-27-26 | F194: 0
A195: 62678150 | B195: 5914 | C195: 14LINE02 | D195: BJ US-NDO-AmericoneDream-8 1PT | E195: Sum of 05-04-26 | F195: 0
A196: 62678150 | B196: 5914 | C196: 14LINE02 | D196: BJ US-NDO-AmericoneDream-8 1PT | E196: Sum of 05-11-26 | F196: 0
A197: 62678150 | B197: 5914 | C197: 14LINE02 | D197: BJ US-NDO-AmericoneDream-8 1PT | E197: Sum of 05-18-26 | F197: 0
A198: 62678150 | B198: 5914 | C198: 14LINE02 | D198: BJ US-NDO-AmericoneDream-8 1PT | E198: Sum of 05-25-26 | F198: 12960
A199: 62678150 | B199: 5914 | C199: 14LINE02 | D199: BJ US-NDO-AmericoneDream-8 1PT | E199: Sum of 06-01-26 | F199: 0
... A228: 62678150 | B228: 5914 | C228: 14LINE02 | D228: BJ US-NDO-AmericoneDream-8 1PT | E228: Sum of 12-21-26 | F228: 0
A229: 62678151 | B229: 5914 | C229: 14LINE02 | D229: BJ US-NDO-PBHalfBaked-8 1PT | E229: Sum of 02-16-26
A230: 62678151 | B230: 5914 | C230: 14LINE02 | D230: BJ US-NDO-PBHalfBaked-8 1PT | E230: Sum of 02-23-26
A231: 62678151 | B231: 5914 | C231: 14LINE02 | D231: BJ US-NDO-PBHalfBaked-8 1PT | E231: Sum of 03-02-26
A232: 62678151 | B232: 5914 | C232: 14LINE02 | D232: BJ US-NDO-PBHalfBaked-8 1PT | E232: Sum of 03-09-26
A233: 62678151 | B233: 5914 | C233: 14LINE02 | D233: BJ US-NDO-PBHalfBaked-8 1PT | E233: Sum of 03-16-26 | F233: 0
A234: 62678151 | B234: 5914 | C234: 14LINE02 | D234: BJ US-NDO-PBHalfBaked-8 1PT | E234: Sum of 03-23-26 | F234: 0
A235: 62678151 | B235: 5914 | C235: 14LINE02 | D235: BJ US-NDO-PBHalfBaked-8 1PT | E235: Sum of 03-30-26 | F235: 0
A236: 62678151 | B236: 5914 | C236: 14LINE02 | D236: BJ US-NDO-PBHalfBaked-8 1PT | E236: Sum of 04-06-26 | F236: 0
A237: 62678151 | B237: 5914 | C237: 14LINE02 | D237: BJ US-NDO-PBHalfBaked-8 1PT | E237: Sum of 04-13-26 | F237: 0
A238: 62678151 | B238: 5914 | C238: 14LINE02 | D238: BJ US-NDO-PBHalfBaked-8 1PT | E238: Sum of 04-20-26 | F238: 17280
A239: 62678151 | B239: 5914 | C239: 14LINE02 | D239: BJ US-NDO-PBHalfBaked-8 1PT | E239: Sum of 04-27-26 | F239: 0
A240: 62678151 | B240: 5914 | C240: 14LINE02 | D240: BJ US-NDO-PBHalfBaked-8 1PT | E240: Sum of 05-04-26 | F240: 0
A241: 62678151 | B241: 5914 | C241: 14LINE02 | D241: BJ US-NDO-PBHalfBaked-8 1PT | E241: Sum of 05-11-26 | F241: 0
A242: 62678151 | B242: 5914 | C242: 14LINE02 | D242: BJ US-NDO-PBHalfBaked-8 1PT | E242: Sum of 05-18-26 | F242: 0
...

Sheet Combined
A1: Source | B1: Part Name | C1: Site | D1: Part Description | E1: Site Name | F1: PPG | G1: Alternate Part | H1: Big Category | I1: Small Category | J1: Site Type | K1: Line | L1: Figure Name | M1: Past | N1: 01-26-26 | O1: 02-02-26 | P1: 02-09-26 | Q1: 02-16-26 | R1: 02-23-26 | S1: 03-02-26 | T1: 03-09-26 | U1: 03-16-26 | V1: 03-23-26 | W1: 03-30-26 | X1: 04-06-26 | Y1: 04-13-26 | Z1: 04-20-26 | AA1: 04-27-26 | AB1: 05-04-26 | AC1: 05-11-26 | AD1: 05-18-26 | AE1: 05-25-26 | AF1: 06-01-26 | AG1: 06-08-26 | AH1: 06-15-26 | AI1: 06-22-26 | AJ1: 06-29-26 | AK1: 07-06-26 | AL1: 07-13-26 | AM1: 07-20-26 | AN1: 07-27-26 | AO1: 08-03-26 | AP1: 08-10-26 | AQ1: 08-17-26 | AR1: 08-24-26 | AS1: 08-31-26 | AT1: 09-07-26 | AU1: 09-14-26 | AV1: 09-21-26 | AW1: 09-28-26 | AX1: 10-05-26 | AY1: 10-12-26 | AZ1: 10-19-26 | BA1: 10-26-26 | BB1: 11-02-26 | BC1: 11-09-26 | BD1: 11-16-26 | BE1: 11-23-26 | BF1: 11-30-26 | BG1: 12-07-26 | BH1: 12-14-26 | BI1: 12-21-26
A2: =VLOOKUP($B2,'Sourcing Tab'!$A:$B,2,0) -> #N/A | B2: 64315721 | C2: 1352 | D2: BR CS Chocolate Peanut Butter 6 1.5QT | E2: Unilever Covington Plant | F2: BR 48oz Peanut Butter | G2: 69792955 | H2: ICE CREAM | I2: ICE CREAM CATEGORY | J2: Manufacturing | K2: CV533 | L2: Total Production Quantity | U2: 0 | V2: 0 | W2: 0 | X2: 0 | Y2: 0 | Z2: 0 | AA2: 0 | AB2: 0 | AC2: 0 | AD2: 0 | AE2: 0 | AF2: 0 | AG2: 35720 | AH2: 0 | AI2: 0 | AJ2: 0 | AK2: 0 | AL2: 0 | AM2: 35720 | AN2: 0 | AO2: 0 | AP2: 0 | AQ2: 0 | AR2: 0 | AS2: 35720 | AT2: 0 | AU2: 0 | AV2: 0 | AW2: 0 | AX2: 0 | AY2: 0 | AZ2: 0 | BA2: 0 | BB2: 35720 | BC2: 0 | BD2: 0 | BE2: 0 | BF2: 35720 | BG2: 0 | BH2: 0 | BI2: 0
A3: =VLOOKUP($B3,'Sourcing Tab'!$A:$B,2,0) -> #N/A | B3: 64341967 | C3: 1352 | D3: BR CHOC Peanut Butter 6 1.5QT | E3: Unilever Covington Plant | F3: BR 48oz Peanut Butter | G3: 68817794 | H3: ICE CREAM | I3: ICE CREAM CATEGORY | J3: Manufacturing | K3: CV533 | L3: Total Production Quantity | U3: 0 | V3: 0 | W3: 0 | X3: 0 | Y3: 0 | Z3: 0 | AA3: 0 | AB3: 0 | AC3: 0 | AD3: 35720 | AE3: 0 | AF3: 0 | AG3: 0 | AH3: 0 | AI3: 0 | AJ3: 0 | AK3: 0 | AL3: 0 | AM3: 0 | AN3: 0 | AO3: 0 | AP3: 0 | AQ3: 35720 | AR3: 0 | AS3: 0 | AT3: 0 | AU3: 0 | AV3: 0 | AW3: 0 | AX3: 0 | AY3: 35720 | AZ3: 35720 | BA3: 0 | BB3: 0 | BC3: 0 | BD3: 0 | BE3: 0 | BF3: 0 | BG3: 0 | BH3: 0 | BI3: 0
A4: =VLOOKUP($B4,'Sourcing Tab'!$A:$B,2,0) -> #N/A | B4: 64341968 | C4: 1352 | D4: BR CO-B Snickers 6 1.5QT | E4: Unilever Covington Plant | F4: BR 48oz | G4: 67723726 | H4: ICE CREAM | I4: ICE CREAM CATEGORY | J4: Manufacturing | K4: CV533 | L4: Total Production Quantity | U4: 0 | V4: 0 | W4: 0 | X4: 0 | Y4: 5640 | Z4: 36000 | AA4: 0 | AB4: 35720 | AC4: 35720 | AD4: 35720 | AE4: 0 | AF4: 35720 | AG4: 0 | AH4: 35720 | AI4: 0 | AJ4: 0 | AK4: 35720 | AL4: 0 | AM4: 0 | AN4: 35720 | AO4: 0 | AP4: 0 | AQ4: 35720 | AR4: 0 | AS4: 0 | AT4: 35720 | AU4: 0 | AV4: 35720 | AW4: 0 | AX4: 0 | AY4: 0 | AZ4: 0 | BA4: 35720 | BB4: 0 | BC4: 0 | BD4: 35720 | BE4: 0 | BF4: 0 | BG4: 35720 | BH4: 0 | BI4: 0
A5: =VLOOKUP($B5,'Sourcing Tab'!$A:$B,2,0) -> #N/A | B5: 64406921 | C5: 1352 | D5: GH Strawberry Shortcake 1-24BK | E5: Unilever Covington Plant | F5: GH MBG 24PK OOH | G5: 64406921 | H5: ICE CREAM | I5: ICE CREAM CATEGORY | J5: Manufacturing | K5: CV572 | L5: Total Production Quantity | U5: 0 | V5: 0 | W5: 0 | X5: 0 | Y5: 0 | Z5: 0 | AA5: 0 | AB5: 0 | AC5: 0 | AD5: 0 | AE5: 0 | AF5: 0 | AG5: 0 | AH5: 0 | AI5: 0 | AJ5: 0 | AK5: 0 | AL5: 0 | AM5: 0 | AN5: 0 | AO5: 0 | AP5: 0 | AQ5: 0 | AR5: 0 | AS5: 0 | AT5: 0 | AU5: 0 | AV5: 0 | AW5: 0 | AX5: 0 | AY5: 0 | AZ5: 0 | BA5: 0 | BB5: 0 | BC5: 0 | BD5: 0 | BE5: 0 | BF5: 0 | BG5: 1 | BH5: 27200 | BI5: 0
A6: =VLOOKUP($B6,'Sourcing Tab'!$A:$B,2,0) -> #N/A | B6: 64776952 | C6: 1352 | D6: PS Firecracker 6-18PK | E6: Unilever Covington Plant | F6: PG 6-18PK | G6: 64776952 | H6: ICE CREAM | I6: ICE CREAM CATEGORY | J6: Manufacturing | K6: CV649 | L6: Total Production Quantity | U6: 0 | V6: 13270 | W6: 24000 | X6: 24000 | Y6: 19200 | Z6: 0 | AA6: 0 | AB6: 0 | AC6: 0 | AD6: 0 | AE6: 0 | AF6: 0 | AG6: 25200 | AH6: 0 | AI6: 0 | AJ6: 0 | AK6: 0 | AL6: 21600 | AM6: 0 | AN6: 0 | AO6: 0 | AP6: 0 | AQ6: 21600 | AR6: 0 | AS6: 0 | AT6: 0 | AU6: 0 | AV6: 0 | AW6: 0 | AX6: 21600 | AY6: 0 | AZ6: 0 | BA6: 0 | BB6: 0 | BC6: 0 | BD6: 0 | BE6: 0 | BF6: 0 | BG6: 0 | BH6: 21600 | BI6: 0
A7: =VLOOKUP($B7,'Sourcing Tab'!$A:$B,2,0) -> #N/A | B7: 64776954 | C7: 1352 | D7: PS Scribblers Natural 6-18PK | E7: Unilever Covington Plant | F7: PG 6-18PK | G7: 64776954 | H7: ICE CREAM | I7: ICE CREAM CATEGORY | J7: Manufacturing | K7: CV648 | L7: Total Production Quantity | U7: 0 | V7: 11200 | W7: 21000 | X7: 0 | Y7: 0 | Z7: 0 | AA7: 21000 | AB7: 21000 | AC7: 0 | AD7: 21000 | AE7: 21000 | AF7: 0 | AG7: 21000 | AH7: 0 | AI7: 18550 | AJ7: 0 | AK7: 18550 | AL7: 18550 | AM7: 0 | AN7: 18550 | AO7: 0 | AP7: 0 | AQ7: 18550 | AR7: 0 | AS7: 18550 | AT7: 0 | AU7: 0 | AV7: 0 | AW7: 0 | AX7: 18550 | AY7: 0 | AZ7: 0 | BA7: 0 | BB7: 18550 | BC7: 0 | BD7: 0 | BE7: 0 | BF7: 18550 | BG7: 0 | BH7: 18550 | BI7: 0
A8: =VLOOKUP($B8,'Sourcing Tab'!$A:$B,2,0) -> #N/A | B8: 64786654 | C8: 1352 | D8: GH Cookies and Creme Bar 8-6PK | E8: Unilever Covington Plant | F8: GH MBG 6PK | G8: 69671641 | H8: ICE CREAM | I8: ICE CREAM CATEGORY | J8: Manufacturing | K8: CV643 | L8: Total Production Quantity | U8: 0 | V8: 14647 | W8: 21120 | X8: 0 | Y8: 0 | Z8: 0 | AA8: 0 | AB8: 0 | AC8: 0 | AD8: 26400 | AE8: 0 | AF8: 0 | AG8: 0 | AH8: 0 | AI8: 27720 | AJ8: 0 | AK8: 0 | AL8: 0 | AM8: 0 | AN8: 0 | AO8: 27720 | AP8: 0 | AQ8: 0 | AR8: 0 | AS8: 0 | AT8: 0 | AU8: 0 | AV8: 0 | AW8: 0 | AX8: 27720 | AY8: 0 | AZ8: 0 | BA8: 0 | BB8: 0 | BC8: 0 | BD8: 0 | BE8: 0 | BF8: 0 | BG8: 0 | BH8: 27720 | BI8: 0
A9: =VLOOKUP($B9,'Sourcing Tab'!$A:$B,2,0) -> #N/A | B9: 64786666 | C9: 1352 | D9: GH Chocolate Eclair Bar 8-6PK | E9: Unilever Covington Plant | F9: GH MBG 6PK | G9: 68709181 | H9: ICE CREAM | I9: ICE CREAM CATEGORY | J9: Manufacturing | K9: CV643 | L9: Total Production Quantity | U9: 0 | V9: 0 | W9: 0 | X9: 0 | Y9: 0 | Z9: 0 | AA9: 0 | AB9: 26400 | AC9: 0 | AD9: 0 | AE9: 0 | AF9: 0 | AG9: 0 | AH9: 0 | AI9: 0 | AJ9: 0 | AK9: 0 | AL9: 0 | AM9: 0 | AN9: 29700 | AO9: 0 | AP9: 0 | AQ9: 0 | AR9: 0 | AS9: 0 | AT9: 0 | AU9: 0 | AV9: 0 | AW9: 0 | AX9: 0 | AY9: 0 | AZ9: 0 | BA9: 0 | BB9: 0 | BC9: 0 | BD9: 0 | BE9: 0 | BF9: 0 | BG9: 0 | BH9: 0 | BI9: 0
A10: =VLOOKUP($B10,'Sourcing Tab'!$A:$B,2,0) -> #N/A | B10: 64789261 | C10: 1352 | D10: GH CHOC Eclair 1-24PK OOH | E10: Unilever Covington Plant | G10: 64789261 | H10: ICE CREAM | I10: ICE CREAM CATEGORY | J10: Manufacturing | K10: CV572 | L10: Total Production Quantity | U10: 0 | V10: 0 | W10: 0 | X10: 0 | Y10: 0 | Z10: 0 | AA10: 0 | AB10: 0 | AC10: 0 | AD10: 0 | AE10: 0 | AF10: 0 | AG10: 0 | AH10: 0 | AI10: 0 | AJ10: 0 | AK10: 0 | AL10: 0 | AM10: 0 | AN10: 0 | AO10: 0 | AP10: 0 | AQ10: 0 | AR10: 0 | AS10: 0 | AT10: 0 | AU10: 0 | AV10: 0 | AW10: 0 | AX10: 0 | AY10: 0 | AZ10: 0 | BA10: 0 | BB10: 0 | BC10: 0 | BD10: 0 | BE10: 0 | BF10: 0 | BG10: 0 | BH10: 0 | BI10: 0
A11: =VLOOKUP($B11,'Sourcing Tab'!$A:$B,2,0) -> #N/A | B11: 64789262 | C11: 1352 | D11: GH Cookies+Cream 1-24BK OOH | E11: Unilever Covington Plant | F11: GH MBG 24PK OOH | G11: 69671652 | H11: ICE CREAM | I11: ICE CREAM CATEGORY | J11: Manufacturing | K11: CV572 | L11: Total Production Quantity | U11: 0 | V11: 20553 | W11: 31200 | X11: 0 | Y11: 0 | Z11: 0 | AA11: 0 | AB11: 0 | AC11: 39000 | AD11: 39000 | AE11: 0 | AF11: 0 | AG11: 0 | AH11: 0 | AI11: 0 | AJ11: 0 | AK11: 0 | AL11: 0 | AM11: 0 | AN11: 0 | AO11: 0 | AP11: 0 | AQ11: 31200 | AR11: 0 | AS11: 0 | AT11: 0 | AU11: 0 | AV11: 0 | AW11: 0 | AX11: 0 | AY11: 0 | AZ11: 31200 | BA11: 0 | BB11: 0 | BC11: 31200 | BD11: 0 | BE11: 0 | BF11: 0 | BG11: 0 | BH11: 0 | BI11: 0
A12: =VLOOKUP($B12,'Sourcing Tab'!$A:$B,2,0) -> #N/A | B12: 64795394 | C12: 1352 | D12: BR Smores Bar OOH 1-24PK | E12: Unilever Covington Plant | F12: BR MBG 24PK BREYERS OOH | G12: 64795394 | H12: ICE CREAM | I12: ICE CREAM CATEGORY | J12: Manufacturing | K12: CV572 | L12: Total Production Quantity | U12: 0 | V12: 0 | W12: 0 | X12: 0 | Y12: 0 | Z12: 0 | AA12: 0 | AB12: 0 | AC12: 0 | AD12: 0 | AE12: 0 | AF12: 0 | AG12: 0 | AH12: 0 | AI12: 0 | AJ12: 0 | AK12: 0 | AL12: 0 | AM12: 0 | AN12: 0 | AO12: 0 | AP12: 0 | AQ12: 0 | AR12: 31200 | AS12: 0 | AT12: 0 | AU12: 0 | AV12: 0 | AW12: 0 | AX12: 0 | AY12: 31200 | AZ12: 0 | BA12: 0 | BB12: 0 | BC12: 0 | BD12: 0 | BE12: 0 | BF12: 0 | BG12: 0 | BH12: 0 | BI12: 0
A13: =VLOOKUP($B13,'Sourcing Tab'!$A:$B,2,0) -> #N/A | B13: 64849454 | C13: 1352 | D13: PS Creamsicle Bar 1-24BK 118ML | E13: Unilever Covington Plant | G13: 64849454 | H13: ICE CREAM | I13: ICE CREAM CATEGORY | J13: Manufacturing | K13: CV572 | L13: Total Production Quantity | U13: 0 | V13: 0 | W13: 0 | X13: 0 | Y13: 0 | Z13: 0 | AA13: 0 | AB13: 0 | AC13: 0 | AD13: 0 | AE13: 0 | AF13: 0 | AG13: 0 | AH13: 0 | AI13: 0 | AJ13: 0 | AK13: 0 | AL13: 0 | AM13: 0 | AN13: 0 | AO13: 0 | AP13: 0 | AQ13: 0 | AR13: 0 | AS13: 0 | AT13: 0 | AU13: 0 | AV13: 0 | AW13: 0 | AX13: 0 | AY13: 0 | AZ13: 0 | BA13: 0 | BB13: 0 | BC13: 0 | BD13: 0 | BE13: 0 | BF13: 0 | BG13: 0 | BH13: 0 | BI13: 0
A14: =VLOOKUP($B14,'Sourcing Tab'!$A:$B,2,0) -> #N/A | B14: 64977526 | C14: 1352 | D14: BR Salted Caramel Truffle 6p 1.5QT | E14: Unilever Covington Plant | F14: BR 48oz | G14: 64977526 | H14: ICE CREAM | I14: ICE CREAM CATEGORY | J14: Manufacturing | K14: CV530 | L14: Total Production Quantity | U14: 0 | V14: 0 | W14: 0 | X14: 0 | Y14: 0 | Z14: 0 | AA14: 0 | AB14: 35100 | AC14: 0 | AD14: 0 | AE14: 0 | AF14: 0 | AG14: 0 | AH14: 0 | AI14: 0 | AJ14: 0 | AK14: 0 | AL14: 0 | AM14: 0 | AN14: 0 | AO14: 0 | AP14: 0 | AQ14: 0 | AR14: 0 | AS14: 0 | AT14: 0 | AU14: 0 | AV14: 0 | AW14: 0 | AX14: 0 | AY14: 0 | AZ14: 0 | BA14: 0 | BB14: 0 | BC14: 0 | BD14: 0 | BE14: 0 | BF14: 0 | BG14: 0 | BH14: 0 | BI14: 0
A15: =VLOOKUP($B15,'Sourcing Tab'!$A:$B,2,0) -> #N/A | B15: 64977526 | C15: 1352 | D15: BR Salted Caramel Truffle 6p 1.5QT | E15: Unilever Covington Plant | F15: BR 48oz | G15: 64977526 | H15: ICE CREAM | I15: ICE CREAM CATEGORY | J15: Manufacturing | K15: CV532 | L15: Total Production Quantity | U15: 0 | V15: 0 | W15: 22560 | X15: 0 | Y15: 0 | Z15: 0 | AA15: 0 | AB15: 0 | AC15: 0 | AD15: 0 | AE15: 0 | AF15: 33300 | AG15: 0 | AH15: 0 | AI15: 0 | AJ15: 0 | AK15: 33300 | AL15: 0 | AM15: 0 | AN15: 0 | AO15: 0 | AP15: 0 | AQ15: 33300 | AR15: 0 | AS15: 0 | AT15: 0 | AU15: 0 | AV15: 0 | AW15: 33300 | AX15: 0 | AY15: 0 | AZ15: 0 | BA15: 33300 | BB15: 0 | BC15: 0 | BD15: 0 | BE15: 0 | BF15: 33300 | BG15: 0 | BH15: 0 | BI15: 0
A16: =VLOOKUP($B16,'Sourcing Tab'!$A:$B,2,0) -> #N/A | B16: 64977528 | C16: 1352 | D16: BR Strawberry Pound Cake 6p 1.5QT | E16: Unilever Covington Plant | F16: BR 48oz | G16: 64977528 | H16: ICE CREAM | I16: ICE CREAM CATEGORY | J16: Manufacturing | K16: CV530 | L16: Total Production Quantity | U16: 0 | V16: 0 | W16: 0 | X16: 0 | Y16: 0 | Z16: 0 | AA16: 0 | AB16: 0 | AC16: 0 | AD16: 0 | AE16: 0 | AF16: 0 | AG16: 0 | AH16: 0 | AI16: 0 | AJ16: 0 | AK16: 0 | AL16: 0 | AM16: 0 | AN16: 0 | AO16: 0 | AP16: 0 | AQ16: 0 | AR16: 0 | AS16: 0 | AT16: 0 | AU16: 0 | AV16: 35100 | AW16: 0 | AX16: 0 | AY16: 0 | AZ16: 0 | BA16: 0 | BB16: 0 | BC16: 0 | BD16: 0 | BE16: 0 | BF16: 0 | BG16: 0 | BH16: 0 | BI16: 0
A17: =VLOOKUP($B17,'Sourcing Tab'!$A:$B,2,0) -> #N/A | B17: 64977528 | C17: 1352 | D17: BR Strawberry Pound Cake 6p 1.5QT | E17: Unilever Covington Plant | F17: BR 48oz | G17: 64977528 | H17: ICE CREAM | I17: ICE CREAM CATEGORY | J17: Manufacturing | K17: CV532 | L17: Total Production Quantity | U17: 0 | V17: 0 | W17: 0 | X17: 0 | Y17: 0 | Z17: 0 | AA17: 0 | AB17: 0 | AC17: 33300 | AD17: 0 | AE17: 0 | AF17: 0 | AG17: 0 | AH17: 0 | AI17: 0 | AJ17: 0 | AK17: 33300 | AL17: 0 | AM17: 0 | AN17: 0 | AO17: 0 | AP17: 0 | AQ17: 0 | AR17: 0 | AS17: 0 | AT17: 0 | AU17: 0 | AV17: 0 | AW17: 0 | AX17: 0 | AY17: 0 | AZ17: 0 | BA17: 0 | BB17: 0 | BC17: 0 | BD17: 0 | BE17: 0 | BF17: 0 | BG17: 33300 | BH17: 0 | BI17: 0
A18: =VLOOKUP($B18,'Sourcing Tab'!$A:$B,2,0) -> #N/A | B18: 64977529 | C18: 1352 | D18: BR Chocolate Lava Cake 6p 1.5QT | E18: Unilever Covington Plant | F18: BR 48oz | G18: 64977529 | H18: ICE CREAM | I18: ICE CREAM CATEGORY | J18: Manufacturing | K18: CV532 | L18: Total Production Quantity | U18: 0 | V18: 0 | W18: 22560 | X18: 0 | Y18: 0 | Z18: 0 | AA18: 0 | AB18: 0 | AC18: 0 | AD18: 0 | AE18: 0 | AF18: 33300 | AG18: 0 | AH18: 0 | AI18: 0 | AJ18: 0 | AK18: 0 | AL18: 0 | AM18: 0 | AN18: 0 | AO18: 0 | AP18: 0 | AQ18: 33300 | AR18: 0 | AS18: 0 | AT18: 0 | AU18: 0 | AV18: 0 | AW18: 0 | AX18: 0 | AY18: 0 | AZ18: 33300 | BA18: 0 | BB18: 0 | BC18: 0 | BD18: 0 | BE18: 0 | BF18: 0 | BG18: 33300 | BH18: 0 | BI18: 0
A19: =VLOOKUP($B19,'Sourcing Tab'!$A:$B,2,0) -> #N/A | B19: 64977530 | C19: 1352 | D19: BR Hot Fudge Brownie Sundae 6p 1.5QT | E19: Unilever Covington Plant | F19: BR 48oz | G19: 64977530 | H19: ICE CREAM | I19: ICE CREAM CATEGORY | J19: Manufacturing | K19: CV530 | L19: Total Production Quantity | U19: 0 | V19: 0 | W19: 0 | X19: 0 | Y19: 0 | Z19: 0 | AA19: 0 | AB19: 0 | AC19: 0 | AD19: 0 | AE19: 0 | AF19: 0 | AG19: 0 | AH19: 0 | AI19: 0 | AJ19: 0 | AK19: 0 | AL19: 0 | AM19: 0 | AN19: 0 | AO19: 0 | AP19: 0 | AQ19: 0 | AR19: 0 | AS19: 0 | AT19: 0 | AU19: 0 | AV19: 0 | AW19: 0 | AX19: 0 | AY19: 0 | AZ19: 0 | BA19: 0 | BB19: 0 | BC19: 0 | BD19: 0 | BE19: 0 | BF19: 35100 | BG19: 0 | BH19: 0 | BI19: 0
A20: =VLOOKUP($B20,'Sourcing Tab'!$A:$B,2,0) -> #N/A | B20: 64977530 | C20: 1352 | D20: BR Hot Fudge Brownie Sundae 6p 1.5QT | E20: Unilever Covington Plant | F20: BR 48oz | G20: 64977530 | H20: ICE CREAM | I20: ICE CREAM CATEGORY | J20: Manufacturing | K20: CV532 | L20: Total Production Quantity | U20: 0 | V20: 40480 | W20: 0 | X20: 0 | Y20: 0 | Z20: 48000 | AA20: 0 | AB20: 0 | AC20: 33300 | AD20: 0 | AE20: 0 | AF20: 0 | AG20: 33300 | AH20: 0 | AI20: 0 | AJ20: 33300 | AK20: 0 | AL20: 0 | AM20: 33300 | AN20: 0 | AO20: 0 | AP20: 0 | AQ20: 0 | AR20: 33300 | AS20: 0 | AT20: 0 | AU20: 0 | AV20: 0 | AW20: 33300 | AX20: 0 | AY20: 0 | AZ20: 33300 | BA20: 0 | BB20: 0 | BC20: 33300 | BD20: 0 | BE20: 0 | BF20: 33300 | BG20: 0 | BH20: 0 | BI20: 0
A21: =VLOOKUP($B21,'Sourcing Tab'!$A:$B,2,0) -> #N/A | B21: 65279190 | C21: 1352 | D21: KL Reeses PB Bar 1-24BK | E21: Unilever Covington Plant | G21: 65279190 | H21: ICE CREAM | I21: ICE CREAM CATEGORY | J21: Manufacturing | K21: CV572 | L21: Total Production Quantity | U21: 0 | V21: 0 | W21: 0 | X21: 0 | Y21: 0 | Z21: 0 | AA21: 0 | AB21: 0 | AC21: 0 | AD21: 0 | AE21: 0 | AF21: 0 | AG21: 0 | AH21: 0 | AI21: 0 | AJ21: 0 | AK21: 0 | AL21: 0 | AM21: 0 | AN21: 0 | AO21: 0 | AP21: 0 | AQ21: 0 | AR21: 0 | AS21: 0 | AT21: 0 | AU21: 0 | AV21: 0 | AW21: 0 | AX21: 0 | AY21: 0 | AZ21: 0 | BA21: 31200 | BB21: 0 | BC21: 0 | BD21: 0 | BE21: 0 | BF21: 0 | BG21: 0 | BH21: 0 | BI21: 0
A22: =VLOOKUP($B22,'Sourcing Tab'!$A:$B,2,0) -> #N/A | B22: 65490430 | C22: 1352 | D22: PS SF OCG 1-32PK | E22: Unilever Covington Plant | G22: 65490430 | H22: ICE CREAM | I22: ICE CREAM CATEGORY | J22: Manufacturing | K22: CV648 | L22: Total Production Quantity | U22: 0 | V22: 0 | W22: 0 | X22: 0 | Y22: 0 | Z22: 0 | AA22: 0 | AB22: 0 | AC22: 0 | AD22: 0 | AE22: 0 | AF22: 24000 | AG22: 0 | AH22: 0 | AI22: 0 | AJ22: 0 | AK22: 0 | AL22: 0 | AM22: 0 | AN22: 0 | AO22: 0 | AP22: 0 | AQ22: 0 | AR22: 0 | AS22: 0 | AT22: 0 | AU22: 0 | AV22: 0 | AW22: 0 | AX22: 0 | AY22: 0 | AZ22: 0 | BA22: 0 | BB22: 0 | BC22: 0 | BD22: 0 | BE22: 0 | BF22: 0 | BG22: 0 | BH22: 0 | BI22: 0
A23: =VLOOKUP($B23,'Sourcing Tab'!$A:$B,2,0) -> #N/A | B23: 65490430 | C23: 1352 | D23: PS SF OCG 1-32PK | E23: Unilever Covington Plant | G23: 65490430 | H23: ICE CREAM | I23: ICE CREAM CATEGORY | J23: Manufacturing | K23: CV649 | L23: Total Production Quantity | U23: 0 | V23: 0 | W23: 0 | X23: 0 | Y23: 0 | Z23: 54000 | AA23: 0 | AB23: 0 | AC23: 0 | AD23: 0 | AE23: 0 | AF23: 0 | AG23: 0 | AH23: 0 | AI23: 0 | AJ23: 0 | AK23: 0 | AL23: 0 | AM23: 0 | AN23: 0 | AO23: 36000 | AP23: 0 | AQ23: 0 | AR23: 0 | AS23: 0 | AT23: 0 | AU23: 12000 | AV23: 0 | AW23: 0 | AX23: 0 | AY23: 0 | AZ23: 0 | BA23: 0 | BB23: 0 | BC23: 0 | BD23: 0 | BE23: 0 | BF23: 0 | BG23: 0 | BH23: 0 | BI23: 0
A24: =VLOOKUP($B24,'Sourcing Tab'!$A:$B,2,0) -> #N/A | B24: 68300738 | C24: 1352 | D24: KL REESES BAR 12-6 PK | E24: Unilever Covington Plant | F24: EDF 6PK Klondike | G24: 68300738 | H24: ICE CREAM | I24: ICE CREAM CATEGORY | J24: Manufacturing | K24: CV540 | L24: Total Production Quantity | U24: 0 | V24: 0 | W24: 0 | X24: 0 | Y24: 0 | Z24: 32400 | AA24: 45360 | AB24: 6480 | AC24: 45360 | AD24: 45360 | AE24: 0 | AF24: 0 | AG24: 67880 | AH24: 0 | AI24: 0 | AJ24: 0 | AK24: 0 | AL24: 42660 | AM24: 0 | AN24: 0 | AO24: 0 | AP24: 42660 | AQ24: 0 | AR24: 0 | AS24: 0 | AT24: 42660 | AU24: 0 | AV24: 0 | AW24: 0 | AX24: 0 | AY24: 42660 | AZ24: 0 | BA24: 0 | BB24: 0 | BC24: 0 | BD24: 0 | BE24: 42660 | BF24: 0 | BG24: 0 | BH24: 0 | BI24: 0
A25: =VLOOKUP($B25,'Sourcing Tab'!$A:$B,2,0) -> #N/A | B25: 68689251 | C25: 1352 | D25: KL Original Vanilla Bar 12-6PK | E25: Unilever Covington Plant | F25: EDF 6PK Klondike | G25: 68689251 | H25: ICE CREAM | I25: ICE CREAM CATEGORY | J25: Manufacturing | K25: CV540 | L25: Total Production Quantity | U25: 0 | V25: 0 | W25: 0 | X25: 0 | Y25: 0 | Z25: 0 | AA25: 0 | AB25: 0 | AC25: 0 | AD25: 0 | AE25: 0 | AF25: 0 | AG25: 0 | AH25: 0 | AI25: 42660 | AJ25: 42660 | AK25: 0 | AL25: 0 | AM25: 0 | AN25: 42660 | AO25: 0 | AP25: 0 | AQ25: 42660 | AR25: 42660 | AS25: 42660 | AT25: 0 | AU25: 0 | AV25: 42660 | AW25: 42660 | AX25: 42660 | AY25: 0 | AZ25: 42660 | BA25: 42660 | BB25: 42660 | BC25: 42660 | BD25: 0 | BE25: 0 | BF25: 42660 | BG25: 42660 | BH25: 42660 | BI25: 0
A26: =VLOOKUP($B26,'Sourcing Tab'!$A:$B,2,0) -> #N/A | B26: 68689251 | C26: 1352 | D26: KL Original Vanilla Bar 12-6PK | E26: Unilever Covington Plant | F26: EDF 6PK Klondike | G26: 68689251 | H26: ICE CREAM | I26: ICE CREAM CATEGORY | J26: Manufacturing | K26: CV640 | L26: Total Production Quantity | U26: 0 | V26: 5860 | W26: 24920 | X26: 0 | Y26: 0 | Z26: 19440 | AA26: 25920 | AB26: 0 | AC26: 0 | AD26: 0 | AE26: 47880 | AF26: 47880 | AG26: 0 | AH26: 0 | AI26: 0 | AJ26: 0 | AK26: 0 | AL26: 0 | AM26: 0 | AN26: 0 | AO26: 0 | AP26: 0 | AQ26: 0 | AR26: 0 | AS26: 0 | AT26: 0 | AU26: 0 | AV26: 0 | AW26: 0 | AX26: 0 | AY26: 0 | AZ26: 0 | BA26: 0 | BB26: 0 | BC26: 0 | BD26: 0 | BE26: 0 | BF26: 0 | BG26: 0 | BH26: 0 | BI26: 0
A27: =VLOOKUP($B27,'Sourcing Tab'!$A:$B,2,0) -> #N/A | B27: 68689251 | C27: 1352 | D27: KL Original Vanilla Bar 12-6PK | E27: Unilever Covington Plant | F27: EDF 6PK Klondike | G27: 68689251 | H27: ICE CREAM | I27: ICE CREAM CATEGORY | J27: Manufacturing | K27: CV644 | L27: Total Production Quantity | U27: 0 | V27: 0 | W27: 16500 | X27: 35940 | Y27: 43880 | Z27: 25920 | AA27: 19440 | AB27: 25920 | AC27: 50000 | AD27: 0 | AE27: 0 | AF27: 0 | AG27: 47880 | AH27: 0 | AI27: 0 | AJ27: 0 | AK27: 0 | AL27: 0 | AM27: 0 | AN27: 0 | AO27: 0 | AP27: 0 | AQ27: 0 | AR27: 0 | AS27: 0 | AT27: 0 | AU27: 0 | AV27: 0 | AW27: 0 | AX27: 0 | AY27: 0 | AZ27: 0 | BA27: 0 | BB27: 0 | BC27: 0 | BD27: 0 | BE27: 0 | BF27: 0 | BG27: 0 | BH27: 0 | BI27: 0
A28: =VLOOKUP($B28,'Sourcing Tab'!$A:$B,2,0) -> #N/A | B28: 68709233 | C28: 1352 | D28: KL SAB RF NSA Vanilla Bar 12-6PK | E28: Unilever Covington Plant | F28: EDF 6PK Klondike | G28: 68709233 | H28: ICE CREAM | I28: ICE CREAM CATEGORY | J28: Manufacturing | K28: CV540 | L28: Total Production Quantity | U28: 0 | V28: 29652 | W28: 35000 | X28: 0 | Y28: 0 | Z28: 0 | AA28: 0 | AB28: 0 | AC28: 0 | AD28: 0 | AE28: 0 | AF28: 0 | AG28: 0 | AH28: 0 | AI28: 0 | AJ28: 0 | AK28: 0 | AL28: 0 | AM28: 0 | AN28: 0 | AO28: 39500 | AP28: 0 | AQ28: 0 | AR28: 0 | AS28: 0 | AT28: 0 | AU28: 0 | AV28: 0 | AW28: 0 | AX28: 0 | AY28: 0 | AZ28: 0 | BA28: 0 | BB28: 0 | BC28: 0 | BD28: 0 | BE28: 0 | BF28: 0 | BG28: 0 | BH28: 0 | BI28: 0
A29: =VLOOKUP($B29,'Sourcing Tab'!$A:$B,2,0) -> #N/A | B29: 68709233 | C29: 1352 | D29: KL SAB RF NSA Vanilla Bar 12-6PK | E29: Unilever Covington Plant | F29: EDF 6PK Klondike | G29: 68709233 | H29: ICE CREAM | I29: ICE CREAM CATEGORY | J29: Manufacturing | K29: CV644 | L29: Total Production Quantity | U29: 2786 | V29: 32496 | W29: 0 | X29: 0 | Y29: 0 | Z29: 0 | AA29: 0 | AB29: 0 | AC29: 0 | AD29: 0 | AE29: 0 | AF29: 0 | AG29: 0 | AH29: 0 | AI29: 0 | AJ29: 0 | AK29: 0 | AL29: 0 | AM29: 0 | AN29: 0 | AO29: 0 | AP29: 0 | AQ29: 0 | AR29: 0 | AS29: 0 | AT29: 39500 | AU29: 0 | AV29: 0 | AW29: 0 | AX29: 0 | AY29: 0 | AZ29: 39500 | BA29: 0 | BB29: 0 | BC29: 0 | BD29: 0 | BE29: 0 | BF29: 0 | BG29: 39500 | BH29: 0 | BI29: 0
A30: =VLOOKUP($B30,'Sourcing Tab'!$A:$B,2,0) -> #N/A | B30: 68709237 | C30: 1352 | D30: KL Chocolate/Chocolate Bar 12-6PK | E30: Unilever Covington Plant | F30: EDF 6PK Klondike | G30: 68709237 | H30: ICE CREAM | I30: ICE CREAM CATEGORY | J30: Manufacturing | K30: CV540 | L30: Total Production Quantity | U30: 0 | V30: 0 | W30: 0 | X30: 0 | Y30: 41040 | Z30: 0 | AA30: 0 | AB30: 0 | AC30: 0 | AD30: 0 | AE30: 40320 | AF30: 47880 | AG30: 0 | AH30: 0 | AI30: 0 | AJ30: 0 | AK30: 0 | AL30: 0 | AM30: 0 | AN30: 0 | AO30: 0 | AP30: 0 | AQ30: 0 | AR30: 0 | AS30: 0 | AT30: 0 | AU30: 0 | AV30: 0 | AW30: 0 | AX30: 0 | AY30: 0 | AZ30: 0 | BA30: 0 | BB30: 0 | BC30: 0 | BD30: 0 | BE30: 0 | BF30: 0 | BG30: 0 | BH30: 0 | BI30: 0
A31: =VLOOKUP($B31,'Sourcing Tab'!$A:$B,2,0) -> #N/A | B31: 68709237 | C31: 1352 | D31: KL Chocolate/Chocolate Bar 12-6PK | E31: Unilever Covington Plant | F31: EDF 6PK Klondike | G31: 68709237 | H31: ICE CREAM | I31: ICE CREAM CATEGORY | J31: Manufacturing | K31: CV640 | L31: Total Production Quantity | U31: 0 | V31: 0 | W31: 0 | X31: 0 | Y31: 1 | Z31: 0 | AA31: 0 | AB31: 0 | AC31: 0 | AD31: 0 | AE31: 0 | AF31: 0 | AG31: 0 | AH31: 0 | AI31: 0 | AJ31: 0 | AK31: 0 | AL31: 0 | AM31: 0 | AN31: 0 | AO31: 0 | AP31: 0 | AQ31: 0 | AR31: 0 | AS31: 0 | AT31: 0 | AU31: 0 | AV31: 0 | AW31: 0 | AX31: 0 | AY31: 0 | AZ31: 0 | BA31: 0 | BB31: 0 | BC31: 0 | BD31: 0 | BE31: 0 | BF31: 0 | BG31: 0 | BH31: 0 | BI31: 0
A32: =VLOOKUP($B32,'Sourcing Tab'!$A:$B,2,0) -> #N/A | B32: 68710277 | C32: 1352 | D32: KL SAB RF NSA Krunch Bar 12-6PK | E32: Unilever Covington Plant | F32: EDF 6PK Klondike | G32: 68710277 | H32: ICE CREAM | I32: ICE CREAM CATEGORY | J32: Manufacturing | K32: CV540 | L32: Total Production Quantity | U32: 0 | V32: 0 | W32: 0 | X32: 0 | Y32: 0 | Z32: 0 | AA32: 0 | AB32: 0 | AC32: 0 | AD32: 0 | AE32: 0 | AF32: 0 | AG32: 0 | AH32: 0 | AI32: 0 | AJ32: 0 | AK32: 39500 | AL32: 0 | AM32: 0 | AN32: 0 | AO32: 0 | AP32: 0 | AQ32: 0 | AR32: 0 | AS32: 0 | AT32: 0 | AU32: 0 | AV32: 0 | AW32: 0 | AX32: 0 | AY32: 0 | AZ32: 0 | BA32: 0 | BB32: 0 | BC32: 0 | BD32: 0 | BE32: 0 | BF32: 0 | BG32: 0 | BH32: 0 | BI32: 0
A33: =VLOOKUP($B33,'Sourcing Tab'!$A:$B,2,0) -> #N/A | B33: 68710277 | C33: 1352 | D33: KL SAB RF NSA Krunch Bar 12-6PK | E33: Unilever Covington Plant | F33: EDF 6PK Klondike | G33: 68710277 | H33: ICE CREAM | I33: ICE CREAM CATEGORY | J33: Manufacturing | K33: CV644 | L33: Total Production Quantity | U33: 0 | V33: 0 | W33: 0 | X33: 0 | Y33: 0 | Z33: 0 | AA33: 0 | AB33: 0 | AC33: 0 | AD33: 0 | AE33: 0 | AF33: 0 | AG33: 0 | AH33: 0 | AI33: 0 | AJ33: 0 | AK33: 0 | AL33: 0 | AM33: 0 | AN33: 0 | AO33: 0 | AP33: 0 | AQ33: 0 | AR33: 0 | AS33: 0 | AT33: 0 | AU33: 0 | AV33: 0 | AW33: 0 | AX33: 0 | AY33: 39500 | AZ33: 0 | BA33: 0 | BB33: 0 | BC33: 0 | BD33: 0 | BE33: 0 | BF33: 0 | BG33: 0 | BH33: 0 | BI33: 0
A34: =VLOOKUP($B34,'Sourcing Tab'!$A:$B,2,0) -> #N/A | B34: 68710285 | C34: 1352 | D34: KL Krunch Bar 12-6PK | E34: Unilever Covington Plant | F34: EDF 6PK Klondike | G34: 68710285 | H34: ICE CREAM | I34: ICE CREAM CATEGORY | J34: Manufacturing | K34: CV640 | L34: Total Production Quantity | U34: 0 | V34: 0 | W34: 0 | X34: 0 | Y34: 37440 | Z34: 6240 | AA34: 0 | AB34: 0 | AC34: 0 | AD34: 0 | AE34: 0 | AF34: 0 | AG34: 0 | AH34: 0 | AI34: 0 | AJ34: 0 | AK34: 0 | AL34: 0 | AM34: 0 | AN34: 0 | AO34: 0 | AP34: 0 | AQ34: 0 | AR34: 0 | AS34: 0 | AT34: 0 | AU34: 0 | AV34: 0 | AW34: 0 | AX34: 0 | AY34: 0 | AZ34: 0 | BA34: 0 | BB34: 0 | BC34: 0 | BD34: 0 | BE34: 0 | BF34: 0 | BG34: 0 | BH34: 0 | BI34: 0
A35: =VLOOKUP($B35,'Sourcing Tab'!$A:$B,2,0) -> #N/A | B35: 68710285 | C35: 1352 | D35: KL Krunch Bar 12-6PK | E35: Unilever Covington Plant | F35: EDF 6PK Klondike | G35: 68710285 | H35: ICE CREAM | I35: ICE CREAM CATEGORY | J35: Manufacturing | K35: CV644 | L35: Total Production Quantity | U35: 0 | V35: 0 | W35: 0 | X35: 0 | Y35: 0 | Z35: 0 | AA35: 0 | AB35: 0 | AC35: 0 | AD35: 40320 | AE35: 0 | AF35: 0 | AG35: 0 | AH35: 0 | AI35: 0 | AJ35: 0 | AK35: 0 | AL35: 0 | AM35: 0 | AN35: 0 | AO35: 39500 | AP35: 0 | AQ35: 0 | AR35: 0 | AS35: 0 | AT35: 0 | AU35: 0 | AV35: 0 | AW35: 0 | AX35: 0 | AY35: 0 | AZ35: 0 | BA35: 39500 | BB35: 0 | BC35: 0 | BD35: 0 | BE35: 0 | BF35: 0 | BG35: 0 | BH35: 0 | BI35: 0
... A106: =VLOOKUP($B106,'Sourcing Tab'!$A:$B,2,0) -> #N/A | B106: 69983248 | C106: 1352 | D106: GH Cremsicle 1-24PK | E106: Unilever Covington Plant | F106: GH MBG 24PK OOH | G106: 67908263 | H106: ICE CREAM | I106: ICE CREAM CATEGORY | J106: Manufacturing | K106: CV572 | L106: Total Production Quantity | U106: 0 | V106: 0 | W106: 0 | X106: 0 | Y106: 0 | Z106: 0 | AA106: 0 | AB106: 0 | AC106: 0 | AD106: 0 | AE106: 0 | AF106: 0 | AG106: 0 | AH106: 0 | AI106: 24000 | AJ106: 0 | AK106: 0 | AL106: 0 | AM106: 0 | AN106: 0 | AO106: 0 | AP106: 0 | AQ106: 0 | AR106: 0 | AS106: 0 | AT106: 0 | AU106: 0 | AV106: 0 | AW106: 0 | AX106: 0 | AY106: 0 | AZ106: 0 | BA106: 0 | BB106: 0 | BC106: 0 | BD106: 0 | BE106: 0 | BF106: 0 | BG106: 0 | BH106: 0 | BI106: 0
A107: =VLOOKUP($B107,'Sourcing Tab'!$A:$B,2,0) -> Incom | B107: 64365613 | C107: Incom | D107: PS Spiderman Facepiece 6-6PK | E107: Lakeville | G107: 64365613 | H107: ICE CREAM | I107: ICE CREAM CATEGORY | J107: Distribution Center | K107: NoRouting | L107: Total Production Quantity | U107: 0 | V107: 0 | W107: 0 | X107: 0 | Y107: 0 | Z107: 0 | AA107: 0 | AB107: 0 | AC107: 0 | AD107: 0 | AE107: 0 | AF107: 0 | AG107: 0 | AH107: 0 | AI107: 0 | AJ107: 0 | AK107: 0 | AL107: 0 | AM107: 0 | AN107: 0 | AO107: 0 | AP107: 0 | AQ107: 0 | AR107: 0 | AS107: 0 | AT107: 0 | AU107: 0 | AV107: 0 | AW107: 0 | AX107: 0 | AY107: 0 | AZ107: 0 | BA107: 0 | BB107: 0 | BC107: 0 | BD107: 0 | BE107: 0 | BF107: 0 | BG107: 0 | BH107: 0 | BI107: 0
A108: =VLOOKUP($B108,'Sourcing Tab'!$A:$B,2,0) -> GDI | B108: 64366224 | C108: GDI | D108: PS Buzz Lightyear IH 6-6PK | E108: Lakeville | G108: 64366224 | H108: ICE CREAM | I108: ICE CREAM CATEGORY | J108: Distribution Center | K108: NoRouting | L108: Total Production Quantity | U108: 0 | V108: 0 | W108: 0 | X108: 0 | Y108: 0 | Z108: 0 | AA108: 0 | AB108: 0 | AC108: 0 | AD108: 0 | AE108: 0 | AF108: 0 | AG108: 0 | AH108: 0 | AI108: 0 | AJ108: 0 | AK108: 0 | AL108: 0 | AM108: 0 | AN108: 0 | AO108: 0 | AP108: 0 | AQ108: 0 | AR108: 0 | AS108: 0 | AT108: 0 | AU108: 0 | AV108: 0 | AW108: 0 | AX108: 0 | AY108: 0 | AZ108: 0 | BA108: 0 | BB108: 0 | BC108: 0 | BD108: 0 | BE108: 0 | BF108: 0 | BG108: 0 | BH108: 0 | BI108: 0
A109: =VLOOKUP($B109,'Sourcing Tab'!$A:$B,2,0) -> Incom | B109: 64401837 | C109: Incom | D109: PS Frozen Olaf Facepiece IH 6-6PK | E109: Lakeville | G109: 64401837 | H109: ICE CREAM | I109: ICE CREAM CATEGORY | J109: Distribution Center | K109: NoRouting | L109: Total Production Quantity | U109: 0 | V109: 0 | W109: 0 | X109: 0 | Y109: 0 | Z109: 0 | AA109: 0 | AB109: 0 | AC109: 0 | AD109: 0 | AE109: 0 | AF109: 0 | AG109: 0 | AH109: 0 | AI109: 0 | AJ109: 0 | AK109: 0 | AL109: 0 | AM109: 0 | AN109: 0 | AO109: 0 | AP109: 0 | AQ109: 0 | AR109: 0 | AS109: 0 | AT109: 0 | AU109: 0 | AV109: 0 | AW109: 0 | AX109: 0 | AY109: 0 | AZ109: 0 | BA109: 0 | BB109: 0 | BC109: 0 | BD109: 0 | BE109: 0 | BF109: 0 | BG109: 0 | BH109: 0 | BI109: 0
A110: =VLOOKUP($B110,'Sourcing Tab'!$A:$B,2,0) -> GDI | B110: 62714126 | C110: GDI | D110: PS OCG SF 6-18PK | E110: US Cold Storage Hazleton | G110: 62714126 | H110: ICE CREAM | I110: ICE CREAM CATEGORY | J110: Distribution Center | K110: NoRouting | L110: Total Production Quantity | U110: 0 | V110: 28600 | W110: 31200 | X110: 0 | Y110: 31200 | Z110: 31200 | AA110: 0 | AB110: 27153 | AC110: 30252 | AD110: 5985 | AE110: 16670 | AF110: 0 | AG110: 0 | AH110: 18200 | AI110: 22750 | AJ110: 0 | AK110: 0 | AL110: 30875 | AM110: 30875 | AN110: 0 | AO110: 21125 | AP110: 30875 | AQ110: 30875 | AR110: 30875 | AS110: 20605 | AT110: 20605 | AU110: 30875 | AV110: 18200 | AW110: 14040 | AX110: 24700 | AY110: 30875 | AZ110: 30875 | BA110: 30875 | BB110: 30875 | BC110: 30875 | BD110: 10270 | BE110: 0 | BF110: 0 | BG110: 0 | BH110: 0 | BI110: 0
A111: =VLOOKUP($B111,'Sourcing Tab'!$A:$B,2,0) -> Incom | B111: 64341108 | C111: Incom | D111: PS SpongeBob Facepiece 1-20PK | E111: US Cold Storage Hazleton | G111: 69704150 | H111: ICE CREAM | I111: ICE CREAM CATEGORY | J111: Distribution Center | K111: NoRouting | L111: Total Production Quantity | U111: 0 | V111: 12600 | W111: 33600 | X111: 56100 | Y111: 12600 | Z111: 0 | AA111: 0 | AB111: 0 | AC111: 0 | AD111: 15600 | AE111: 4800 | AF111: 0 | AG111: 0 | AH111: 0 | AI111: 0 | AJ111: 14400 | AK111: 28200 | AL111: 11700 | AM111: 0 | AN111: 0 | AO111: 19200 | AP111: 28200 | AQ111: 0 | AR111: 0 | AS111: 0 | AT111: 0 | AU111: 0 | AV111: 0 | AW111: 21300 | AX111: 9600 | AY111: 0 | AZ111: 0 | BA111: 19200 | BB111: 11700 | BC111: 0 | BD111: 0 | BE111: 0 | BF111: 0 | BG111: 19200 | BH111: 16500 | BI111: 0
A112: =VLOOKUP($B112,'Sourcing Tab'!$A:$B,2,0) -> Incom | B112: 64341109 | C112: Incom | D112: PS Spiderman Facepiece 1-20PK | E112: US Cold Storage Hazleton | G112: 64341109 | H112: ICE CREAM | I112: ICE CREAM CATEGORY | J112: Distribution Center | K112: NoRouting | L112: Total Production Quantity | U112: 0 | V112: 4200 | W112: 0 | X112: 4200 | Y112: 0 | Z112: 0 | AA112: 36000 | AB112: 0 | AC112: 0 | AD112: 0 | AE112: 0 | AF112: 0 | AG112: 23400 | AH112: 0 | AI112: 0 | AJ112: 0 | AK112: 0 | AL112: 0 | AM112: 4800 | AN112: 9600 | AO112: 2400 | AP112: 0 | AQ112: 0 | AR112: 0 | AS112: 0 | AT112: 9600 | AU112: 0 | AV112: 0 | AW112: 0 | AX112: 2250 | AY112: 9600 | AZ112: 0 | BA112: 0 | BB112: 0 | BC112: 9600 | BD112: 0 | BE112: 0 | BF112: 0 | BG112: 0 | BH112: 0 | BI112: 0
A113: =VLOOKUP($B113,'Sourcing Tab'!$A:$B,2,0) -> Incom | B113: 64365613 | C113: Incom | D113: PS Spiderman Facepiece 6-6PK | E113: US Cold Storage Hazleton | G113: 64365613 | H113: ICE CREAM | I113: ICE CREAM CATEGORY | J113: Distribution Center | K113: NoRouting | L113: Total Production Quantity | U113: 0 | V113: 7800 | W113: 0 | X113: 0 | Y113: 0 | Z113: 0 | AA113: 0 | AB113: 0 | AC113: 0 | AD113: 0 | AE113: 0 | AF113: 0 | AG113: 0 | AH113: 0 | AI113: 0 | AJ113: 0 | AK113: 0 | AL113: 0 | AM113: 0 | AN113: 0 | AO113: 0 | AP113: 0 | AQ113: 0 | AR113: 0 | AS113: 0 | AT113: 6250 | AU113: 0 | AV113: 0 | AW113: 15520 | AX113: 13968 | AY113: 6250 | AZ113: 0 | BA113: 0 | BB113: 0 | BC113: 0 | BD113: 0 | BE113: 0 | BF113: 0 | BG113: 0 | BH113: 0 | BI113: 0
A114: =VLOOKUP($B114,'Sourcing Tab'!$A:$B,2,0) -> GDI | B114: 64366224 | C114: GDI | D114: PS Buzz Lightyear IH 6-6PK | E114: US Cold Storage Hazleton | G114: 64366224 | H114: ICE CREAM | I114: ICE CREAM CATEGORY | J114: Distribution Center | K114: NoRouting | L114: Total Production Quantity | U114: 0 | V114: 0 | W114: 0 | X114: 0 | Y114: 0 | Z114: 0 | AA114: 0 | AB114: 0 | AC114: 0 | AD114: 0 | AE114: 0 | AF114: 0 | AG114: 0 | AH114: 0 | AI114: 0 | AJ114: 0 | AK114: 0 | AL114: 0 | AM114: 0 | AN114: 0 | AO114: 0 | AP114: 0 | AQ114: 0 | AR114: 0 | AS114: 0 | AT114: 0 | AU114: 0 | AV114: 0 | AW114: 0 | AX114: 0 | AY114: 0 | AZ114: 0 | BA114: 0 | BB114: 0 | BC114: 20000 | BD114: 0 | BE114: 0 | BF114: 0 | BG114: 0 | BH114: 0 | BI114: 0
A115: =VLOOKUP($B115,'Sourcing Tab'!$A:$B,2,0) -> Turkey | B115: 64369052 | C115: Turkey | D115: KL Cone StrwShortcake Van Chillin 6-8CT | E115: US Cold Storage Hazleton | G115: 64369052 | H115: ICE CREAM | I115: ICE CREAM CATEGORY | J115: Distribution Center | K115: NoRouting | L115: Total Production Quantity | U115: 0 | V115: 0 | W115: 0 | X115: 0 | Y115: 0 | Z115: 0 | AA115: 4800 | AB115: 9600 | AC115: 4800 | AD115: 4800 | AE115: 600 | AF115: 0 | AG115: 0 | AH115: 0 | AI115: 0 | AJ115: 0 | AK115: 7200 | AL115: 0 | AM115: 0 | AN115: 0 | AO115: 0 | AP115: 0 | AQ115: 0 | AR115: 0 | AS115: 0 | AT115: 0 | AU115: 0 | AV115: 0 | AW115: 0 | AX115: 0 | AY115: 0 | AZ115: 0 | BA115: 0 | BB115: 0 | BC115: 0 | BD115: 0 | BE115: 0 | BF115: 0 | BG115: 0 | BH115: 0 | BI115: 0
A116: =VLOOKUP($B116,'Sourcing Tab'!$A:$B,2,0) -> Turkey | B116: 64378129 | C116: Turkey | D116: GH Candy center 8-6pk | E116: US Cold Storage Hazleton | G116: 64378129 | H116: ICE CREAM | I116: ICE CREAM CATEGORY | J116: Distribution Center | K116: NoRouting | L116: Total Production Quantity | U116: 0 | V116: 0 | W116: 0 | X116: 4400 | Y116: 0 | Z116: 0 | AA116: 0 | AB116: 0 | AC116: 0 | AD116: 0 | AE116: 0 | AF116: 0 | AG116: 0 | AH116: 0 | AI116: 2500 | AJ116: 0 | AK116: 0 | AL116: 0 | AM116: 0 | AN116: 0 | AO116: 0 | AP116: 2000 | AQ116: 0 | AR116: 0 | AS116: 0 | AT116: 0 | AU116: 0 | AV116: 0 | AW116: 0 | AX116: 0 | AY116: 0 | AZ116: 0 | BA116: 0 | BB116: 0 | BC116: 0 | BD116: 0 | BE116: 0 | BF116: 0 | BG116: 0 | BH116: 0 | BI116: 0
A117: =VLOOKUP($B117,'Sourcing Tab'!$A:$B,2,0) -> Incom | B117: 64401837 | C117: Incom | D117: PS Frozen Olaf Facepiece IH 6-6PK | E117: US Cold Storage Hazleton | G117: 64401837 | H117: ICE CREAM | I117: ICE CREAM CATEGORY | J117: Distribution Center | K117: NoRouting | L117: Total Production Quantity | U117: 0 | V117: 0 | W117: 0 | X117: 0 | Y117: 0 | Z117: 0 | AA117: 0 | AB117: 0 | AC117: 0 | AD117: 0 | AE117: 0 | AF117: 0 | AG117: 0 | AH117: 0 | AI117: 0 | AJ117: 0 | AK117: 0 | AL117: 0 | AM117: 0 | AN117: 0 | AO117: 0 | AP117: 0 | AQ117: 0 | AR117: 0 | AS117: 0 | AT117: 0 | AU117: 0 | AV117: 0 | AW117: 0 | AX117: 0 | AY117: 0 | AZ117: 0 | BA117: 0 | BB117: 0 | BC117: 0 | BD117: 0 | BE117: 0 | BF117: 0 | BG117: 0 | BH117: 0 | BI117: 0
A118: =VLOOKUP($B118,'Sourcing Tab'!$A:$B,2,0) -> Incom | B118: 64403162 | C118: Incom | D118: PS Grogu Facepiece IH 6-6PK | E118: US Cold Storage Hazleton | G118: 64403162 | H118: ICE CREAM | I118: ICE CREAM CATEGORY | J118: Distribution Center | K118: NoRouting | L118: Total Production Quantity | U118: 0 | V118: 0 | W118: 0 | X118: 0 | Y118: 0 | Z118: 0 | AA118: 0 | AB118: 0 | AC118: 0 | AD118: 0 | AE118: 0 | AF118: 0 | AG118: 0 | AH118: 0 | AI118: 0 | AJ118: 0 | AK118: 0 | AL118: 0 | AM118: 0 | AN118: 0 | AO118: 0 | AP118: 0 | AQ118: 0 | AR118: 0 | AS118: 0 | AT118: 0 | AU118: 0 | AV118: 0 | AW118: 0 | AX118: 0 | AY118: 0 | AZ118: 0 | BA118: 0 | BB118: 0 | BC118: 0 | BD118: 0 | BE118: 0 | BF118: 0 | BG118: 0 | BH118: 0 | BI118: 0
A119: =VLOOKUP($B119,'Sourcing Tab'!$A:$B,2,0) -> Turkey | B119: 64403170 | C119: Turkey | D119: PS Transformers Facepiece IH 6-6PK | E119: US Cold Storage Hazleton | F119: PS Facepieces 6PK | G119: 64403170 | H119: ICE CREAM | I119: ICE CREAM CATEGORY | J119: Distribution Center | K119: NoRouting | L119: Total Production Quantity | U119: 0 | V119: 0 | W119: 0 | X119: 0 | Y119: 0 | Z119: 0 | AA119: 0 | AB119: 8112 | AC119: 0 | AD119: 0 | AE119: 0 | AF119: 0 | AG119: 0 | AH119: 0 | AI119: 0 | AJ119: 0 | AK119: 8112 | AL119: 8112 | AM119: 0 | AN119: 0 | AO119: 0 | AP119: 0 | AQ119: 0 | AR119: 0 | AS119: 0 | AT119: 0 | AU119: 0 | AV119: 0 | AW119: 0 | AX119: 8112 | AY119: 8112 | AZ119: 0 | BA119: 0 | BB119: 0 | BC119: 0 | BD119: 0 | BE119: 0 | BF119: 0 | BG119: 0 | BH119: 0 | BI119: 0
A120: =VLOOKUP($B120,'Sourcing Tab'!$A:$B,2,0) -> Incom | B120: 64771676 | C120: Incom | D120: PS SpongeBob Facepiece IH 6-6PK | E120: US Cold Storage Hazleton | G120: 69964637 | H120: ICE CREAM | I120: ICE CREAM CATEGORY | J120: Distribution Center | K120: NoRouting | L120: Total Production Quantity | U120: 0 | V120: 0 | W120: 0 | X120: 0 | Y120: 33836 | Z120: 0 | AA120: 41574 | AB120: 0 | AC120: 0 | AD120: 15600 | AE120: 15132 | AF120: 0 | AG120: 0 | AH120: 18236 | AI120: 36000 | AJ120: 0 | AK120: 17316 | AL120: 0 | AM120: 0 | AN120: 0 | AO120: 8658 | AP120: 20868 | AQ120: 13542 | AR120: 0 | AS120: 6200 | AT120: 9350 | AU120: 0 | AV120: 0 | AW120: 10656 | AX120: 8112 | AY120: 9312 | AZ120: 0 | BA120: 0 | BB120: 0 | BC120: 6200 | BD120: 15520 | BE120: 15520 | BF120: 0 | BG120: 0 | BH120: 0 | BI120: 10650
A121: =VLOOKUP($B121,'Sourcing Tab'!$A:$B,2,0) -> Incom | B121: 64771677 | C121: Incom | D121: PS Minions Facepiece IH 6-6PK | E121: US Cold Storage Hazleton | G121: 69964643 | H121: ICE CREAM | I121: ICE CREAM CATEGORY | J121: Distribution Center | K121: NoRouting | L121: Total Production Quantity | U121: 0 | V121: 3900 | W121: 3104 | X121: 14804 | Y121: 14008 | Z121: 0 | AA121: 23320 | AB121: 0 | AC121: 12210 | AD121: 0 | AE121: 9518 | AF121: 0 | AG121: 0 | AH121: 0 | AI121: 0 | AJ121: 0 | AK121: 0 | AL121: 6208 | AM121: 0 | AN121: 0 | AO121: 6208 | AP121: 0 | AQ121: 0 | AR121: 0 | AS121: 0 | AT121: 0 | AU121: 0 | AV121: 0 | AW121: 0 | AX121: 0 | AY121: 0 | AZ121: 0 | BA121: 0 | BB121: 0 | BC121: 0 | BD121: 0 | BE121: 0 | BF121: 0 | BG121: 0 | BH121: 0 | BI121: 6208
A122: =VLOOKUP($B122,'Sourcing Tab'!$A:$B,2,0) -> GDI | B122: 64776958 | C122: GDI | D122: PS OCG 6-18PK | E122: US Cold Storage Hazleton | G122: 64776958 | H122: ICE CREAM | I122: ICE CREAM CATEGORY | J122: Distribution Center | K122: NoRouting | L122: Total Production Quantity | U122: 0 | V122: 2600 | W122: 0 | X122: 0 | Y122: 15600 | Z122: 0 | AA122: 0 | AB122: 0 | AC122: 0 | AD122: 2850 | AE122: 13004 | AF122: 6500 | AG122: 0 | AH122: 0 | AI122: 0 | AJ122: 0 | AK122: 0 | AL122: 0 | AM122: 19500 | AN122: 9750 | AO122: 0 | AP122: 0 | AQ122: 0 | AR122: 0 | AS122: 0 | AT122: 0 | AU122: 0 | AV122: 9750 | AW122: 0 | AX122: 0 | AY122: 0 | AZ122: 0 | BA122: 0 | BB122: 0 | BC122: 20540 | BD122: 149940 | BE122: 3060 | BF122: 6120 | BG122: 9180 | BH122: 6120 | BI122: 6120
A123: =VLOOKUP($B123,'Sourcing Tab'!$A:$B,2,0) -> GDI | B123: 64833353 | C123: GDI | D123: PS SF Tropical 6-18PK | E123: US Cold Storage Hazleton | F123: PG 6-18PK | G123: 64833353 | H123: ICE CREAM | I123: ICE CREAM CATEGORY | J123: Distribution Center | K123: NoRouting | L123: Total Production Quantity | U123: 0 | V123: 0 | W123: 0 | X123: 26000 | Y123: 0 | Z123: 0 | AA123: 0 | AB123: 0 | AC123: 29545 | AD123: 0 | AE123: 0 | AF123: 23400 | AG123: 0 | AH123: 0 | AI123: 30160 | AJ123: 24700 | AK123: 0 | AL123: 0 | AM123: 0 | AN123: 0 | AO123: 0 | AP123: 0 | AQ123: 0 | AR123: 0 | AS123: 0 | AT123: 0 | AU123: 0 | AV123: 0 | AW123: 0 | AX123: 0 | AY123: 0 | AZ123: 0 | BA123: 0 | BB123: 0 | BC123: 0 | BD123: 0 | BE123: 0 | BF123: 0 | BG123: 0 | BH123: 20605 | BI123: 0
A124: =VLOOKUP($B124,'Sourcing Tab'!$A:$B,2,0) -> Veszprem | B124: 64903296 | C124: Veszprem | D124: MG Mini Classic/Almond/White VP 6-6PK | E124: US Cold Storage Hazleton | G124: 64903296 | H124: ICE CREAM | I124: ICE CREAM CATEGORY | J124: Distribution Center | K124: NoRouting | L124: Total Production Quantity | U124: 0 | V124: 0 | W124: 0 | X124: 0 | Y124: 0 | Z124: 0 | AA124: 0 | AB124: 0 | AC124: 0 | AD124: 0 | AE124: 0 | AF124: 0 | AG124: 0 | AH124: 0 | AI124: 0 | AJ124: 0 | AK124: 0 | AL124: 0 | AM124: 0 | AN124: 0 | AO124: 0 | AP124: 0 | AQ124: 0 | AR124: 0 | AS124: 0 | AT124: 0 | AU124: 0 | AV124: 0 | AW124: 0 | AX124: 0 | AY124: 0 | AZ124: 0 | BA124: 0 | BB124: 0 | BC124: 0 | BD124: 0 | BE124: 0 | BF124: 0 | BG124: 0 | BH124: 0 | BI124: 0
A125: =VLOOKUP($B125,'Sourcing Tab'!$A:$B,2,0) -> Incom | B125: 64956417 | C125: Incom | D125: PS Hello Kitty Facepiece IH 6-6PK | E125: US Cold Storage Hazleton | G125: 64956417 | H125: ICE CREAM | I125: ICE CREAM CATEGORY | J125: Distribution Center | K125: NoRouting | L125: Total Production Quantity | U125: 0 | V125: 34320 | W125: 18564 | X125: 0 | Y125: 2860 | Z125: 0 | AA125: 0 | AB125: 0 | AC125: 0 | AD125: 0 | AE125: 0 | AF125: 0 | AG125: 6650 | AH125: 0 | AI125: 16640 | AJ125: 9984 | AK125: 9984 | AL125: 0 | AM125: 0 | AN125: 0 | AO125: 6656 | AP125: 3328 | AQ125: 0 | AR125: 0 | AS125: 13312 | AT125: 3328 | AU125: 0 | AV125: 0 | AW125: 0 | AX125: 0 | AY125: 0 | AZ125: 0 | BA125: 0 | BB125: 0 | BC125: 13312 | BD125: 0 | BE125: 0 | BF125: 0 | BG125: 0 | BH125: 0 | BI125: 0
A126: =VLOOKUP($B126,'Sourcing Tab'!$A:$B,2,0) -> GDI | B126: 64958862 | C126: GDI | D126: PS SF Cherry IH 6-12pk | E126: US Cold Storage Hazleton | G126: 64958862 | H126: ICE CREAM | I126: ICE CREAM CATEGORY | J126: Distribution Center | K126: NoRouting | L126: Total Production Quantity | U126: 3400 | V126: 3400 | W126: 0 | X126: 0 | Y126: 0 | Z126: 0 | AA126: 0 | AB126: 0 | AC126: 0 | AD126: 6900 | AE126: 0 | AF126: 0 | AG126: 0 | AH126: 7650 | AI126: 0 | AJ126: 2550 | AK126: 0 | AL126: 0 | AM126: 0 | AN126: 0 | AO126: 0 | AP126: 0 | AQ126: 0 | AR126: 0 | AS126: 0 | AT126: 0 | AU126: 5950 | AV126: 0 | AW126: 0 | AX126: 0 | AY126: 0 | AZ126: 8500 | BA126: 0 | BB126: 0 | BC126: 0 | BD126: 0 | BE126: 0 | BF126: 0 | BG126: 0 | BH126: 0 | BI126: 0
A127: =VLOOKUP($B127,'Sourcing Tab'!$A:$B,2,0) -> GDI | B127: 64960643 | C127: GDI | D127: PS Orange Regular IH 6-12pk | E127: US Cold Storage Hazleton | G127: 64960643 | H127: ICE CREAM | I127: ICE CREAM CATEGORY | J127: Distribution Center | K127: NoRouting | L127: Total Production Quantity | U127: 0 | V127: 0 | W127: 0 | X127: 0 | Y127: 0 | Z127: 0 | AA127: 0 | AB127: 0 | AC127: 0 | AD127: 5168 | AE127: 0 | AF127: 0 | AG127: 0 | AH127: 5100 | AI127: 0 | AJ127: 5100 | AK127: 0 | AL127: 0 | AM127: 0 | AN127: 0 | AO127: 0 | AP127: 0 | AQ127: 0 | AR127: 0 | AS127: 0 | AT127: 0 | AU127: 6800 | AV127: 0 | AW127: 0 | AX127: 0 | AY127: 0 | AZ127: 5100 | BA127: 0 | BB127: 0 | BC127: 0 | BD127: 0 | BE127: 0 | BF127: 0 | BG127: 0 | BH127: 0 | BI127: 0
A128: =VLOOKUP($B128,'Sourcing Tab'!$A:$B,2,0) -> Incom | B128: 64979444 | C128: Incom | D128: PS Bluey Facepiece IH 6-6PK | E128: US Cold Storage Hazleton | G128: 64979444 | H128: ICE CREAM | I128: ICE CREAM CATEGORY | J128: Distribution Center | K128: NoRouting | L128: Total Production Quantity | U128: 0 | V128: 78000 | W128: 19500 | X128: 29078 | Y128: 48516 | Z128: 21808 | AA128: 0 | AB128: 44499 | AC128: 8171 | AD128: 25974 | AE128: 8658 | AF128: 0 | AG128: 25974 | AH128: 8658 | AI128: 0 | AJ128: 0 | AK128: 0 | AL128: 11723 | AM128: 20327 | AN128: 0 | AO128: 17316 | AP128: 8171 | AQ128: 20803 | AR128: 15562 | AS128: 10657 | AT128: 0 | AU128: 0 | AV128: 0 | AW128: 0 | AX128: 0 | AY128: 0 | AZ128: 0 | BA128: 0 | BB128: 0 | BC128: 17760 | BD128: 17760 | BE128: 0 | BF128: 0 | BG128: 0 | BH128: 17760 | BI128: 0
A129: =VLOOKUP($B129,'Sourcing Tab'!$A:$B,2,0) -> Incom | B129: 65468644 | C129: Incom | D129: PS Soccer Ball IH 1-12pk | E129: US Cold Storage Hazleton | G129: 65468644 | H129: ICE CREAM | I129: ICE CREAM CATEGORY | J129: Distribution Center | K129: NoRouting | L129: Total Production Quantity | U129: 0 | V129: 8740 | W129: 0 | X129: 0 | Y129: 17480 | Z129: 8740 | AA129: 0 | AB129: 18256 | AC129: 0 | AD129: 0 | AE129: 0 | AF129: 0 | AG129: 0 | AH129: 0 | AI129: 0 | AJ129: 0 | AK129: 0 | AL129: 0 | AM129: 0 | AN129: 0 | AO129: 0 | AP129: 0 | AQ129: 0 | AR129: 0 | AS129: 0 | AT129: 0 | AU129: 0 | AV129: 0 | AW129: 0 | AX129: 0 | AY129: 0 | AZ129: 0 | BA129: 0 | BB129: 0 | BC129: 0 | BD129: 0 | BE129: 0 | BF129: 0 | BG129: 0 | BH129: 0 | BI129: 0
A130: =VLOOKUP($B130,'Sourcing Tab'!$A:$B,2,0) -> Incom | B130: 65549173 | C130: Incom | D130: PS Bluey Facepiece OOH 1-20PK | E130: US Cold Storage Hazleton | G130: 65549173 | H130: ICE CREAM | I130: ICE CREAM CATEGORY | J130: Distribution Center | K130: NoRouting | L130: Total Production Quantity | U130: 8520 | V130: 0 | W130: 22800 | X130: 0 | Y130: 0 | Z130: 10600 | AA130: 6400 | AB130: 10600 | AC130: 0 | AD130: 0 | AE130: 0 | AF130: 0 | AG130: 0 | AH130: 0 | AI130: 0 | AJ130: 0 | AK130: 0 | AL130: 7878 | AM130: 0 | AN130: 0 | AO130: 0 | AP130: 0 | AQ130: 0 | AR130: 2740 | AS130: 0 | AT130: 0 | AU130: 0 | AV130: 0 | AW130: 0 | AX130: 0 | AY130: 0 | AZ130: 0 | BA130: 0 | BB130: 0 | BC130: 0 | BD130: 0 | BE130: 0 | BF130: 0 | BG130: 0 | BH130: 0 | BI130: 0
A131: =VLOOKUP($B131,'Sourcing Tab'!$A:$B,2,0) -> Gloucester | B131: 67896936 | C131: Gloucester | D131: MG ND MINI Variety Pack 6-6PK | E131: US Cold Storage Hazleton | G131: 67896936 | H131: ICE CREAM | I131: ICE CREAM CATEGORY | J131: Distribution Center | K131: NoRouting | L131: Total Production Quantity | U131: 0 | V131: 0 | W131: 0 | X131: 0 | Y131: 0 | Z131: 0 | AA131: 0 | AB131: 0 | AC131: 0 | AD131: 0 | AE131: 0 | AF131: 0 | AG131: 0 | AH131: 20000 | AI131: 0 | AJ131: 0 | AK131: 0 | AL131: 0 | AM131: 0 | AN131: 0 | AO131: 0 | AP131: 0 | AQ131: 0 | AR131: 0 | AS131: 0 | AT131: 0 | AU131: 0 | AV131: 0 | AW131: 0 | AX131: 0 | AY131: 0 | AZ131: 0 | BA131: 0 | BB131: 0 | BC131: 0 | BD131: 0 | BE131: 0 | BF131: 0 | BG131: 0 | BH131: 0 | BI131: 0
A132: =VLOOKUP($B132,'Sourcing Tab'!$A:$B,2,0) -> Rhino | B132: 68264519 | C132: Rhino | D132: BJ US-CD-Half Baked Dough-8 6z | E132: US Cold Storage Hazleton | F132: B&J Dough Bites 8pk | G132: 68264519 | H132: ICE CREAM | I132: ICE CREAM CATEGORY | J132: Distribution Center | K132: NoRouting | L132: Total Production Quantity | U132: 0 | V132: 0 | W132: 0 | X132: 0 | Y132: 5500 | Z132: 0 | AA132: 0 | AB132: 0 | AC132: 11000 | AD132: 0 | AE132: 0 | AF132: 5500 | AG132: 0 | AH132: 0 | AI132: 0 | AJ132: 0 | AK132: 5500 | AL132: 0 | AM132: 0 | AN132: 0 | AO132: 0 | AP132: 5500 | AQ132: 0 | AR132: 0 | AS132: 5500 | AT132: 0 | AU132: 0 | AV132: 0 | AW132: 0 | AX132: 5500 | AY132: 0 | AZ132: 0 | BA132: 0 | BB132: 0 | BC132: 5500 | BD132: 0 | BE132: 0 | BF132: 0 | BG132: 5500 | BH132: 0 | BI132: 0
A133: =VLOOKUP($B133,'Sourcing Tab'!$A:$B,2,0) -> Rhino | B133: 68654218 | C133: Rhino | D133: BJ US-CD-PBMix-8 8z | E133: US Cold Storage Hazleton | G133: 68654218 | H133: ICE CREAM | I133: ICE CREAM CATEGORY | J133: Distribution Center | K133: NoRouting | L133: Total Production Quantity | U133: 0 | V133: 0 | W133: 0 | X133: 0 | Y133: 0 | Z133: 0 | AA133: 0 | AB133: 6500 | AC133: 0 | AD133: 0 | AE133: 0 | AF133: 0 | AG133: 6500 | AH133: 0 | AI133: 0 | AJ133: 0 | AK133: 0 | AL133: 0 | AM133: 0 | AN133: 6500 | AO133: 0 | AP133: 0 | AQ133: 0 | AR133: 0 | AS133: 0 | AT133: 0 | AU133: 0 | AV133: 0 | AW133: 0 | AX133: 0 | AY133: 6500 | AZ133: 0 | BA133: 0 | BB133: 0 | BC133: 0 | BD133: 0 | BE133: 0 | BF133: 0 | BG133: 0 | BH133: 0 | BI133: 0
A134: =VLOOKUP($B134,'Sourcing Tab'!$A:$B,2,0) -> Rhino | B134: 68654232 | C134: Rhino | D134: BJ US-CD-Smores-8 8z | E134: US Cold Storage Hazleton | G134: 68654232 | H134: ICE CREAM | I134: ICE CREAM CATEGORY | J134: Distribution Center | K134: NoRouting | L134: Total Production Quantity | U134: 0 | V134: 0 | W134: 0 | X134: 6500 | Y134: 0 | Z134: 0 | AA134: 0 | AB134: 0 | AC134: 0 | AD134: 0 | AE134: 0 | AF134: 0 | AG134: 0 | AH134: 0 | AI134: 0 | AJ134: 0 | AK134: 0 | AL134: 0 | AM134: 0 | AN134: 6500 | AO134: 0 | AP134: 0 | AQ134: 0 | AR134: 0 | AS134: 0 | AT134: 0 | AU134: 0 | AV134: 0 | AW134: 0 | AX134: 0 | AY134: 0 | AZ134: 0 | BA134: 0 | BB134: 0 | BC134: 0 | BD134: 0 | BE134: 0 | BF134: 0 | BG134: 0 | BH134: 0 | BI134: 0
A135: =VLOOKUP($B135,'Sourcing Tab'!$A:$B,2,0) -> Turkey | B135: 68842352 | C135: Turkey | D135: KL Cones Classic Vanilla 6-4CT | E135: US Cold Storage Hazleton | F135: KL Mini Cones 4CT | G135: 68842352 | H135: ICE CREAM | I135: ICE CREAM CATEGORY | J135: Distribution Center | K135: NoRouting | L135: Total Production Quantity | U135: 0 | V135: 0 | W135: 0 | X135: 0 | Y135: 31240 | Z135: 8800 | AA135: 0 | AB135: 0 | AC135: 0 | AD135: 0 | AE135: 7700 | AF135: 4400 | AG135: 4400 | AH135: 0 | AI135: 0 | AJ135: 0 | AK135: 8800 | AL135: 4400 | AM135: 0 | AN135: 0 | AO135: 0 | AP135: 0 | AQ135: 0 | AR135: 0 | AS135: 0 | AT135: 0 | AU135: 0 | AV135: 0 | AW135: 0 | AX135: 0 | AY135: 0 | AZ135: 0 | BA135: 0 | BB135: 0 | BC135: 0 | BD135: 0 | BE135: 0 | BF135: 0 | BG135: 0 | BH135: 0 | BI135: 0
A136: =VLOOKUP($B136,'Sourcing Tab'!$A:$B,2,0) -> Turkey | B136: 69556602 | C136: Turkey | D136: KL Cone Caramel Vanilla Caramel 6-8CT | E136: US Cold Storage Hazleton | F136: KL Mini Cones 8CT | G136: 69556602 | H136: ICE CREAM | I136: ICE CREAM CATEGORY | J136: Distribution Center | K136: NoRouting | L136: Total Production Quantity | U136: 0 | V136: 0 | W136: 0 | X136: 0 | Y136: 0 | Z136: 0 | AA136: 0 | AB136: 0 | AC136: 0 | AD136: 0 | AE136: 0 | AF136: 0 | AG136: 0 | AH136: 0 | AI136: 0 | AJ136: 0 | AK136: 0 | AL136: 0 | AM136: 0 | AN136: 0 | AO136: 0 | AP136: 0 | AQ136: 0 | AR136: 0 | AS136: 0 | AT136: 0 | AU136: 0 | AV136: 0 | AW136: 0 | AX136: 0 | AY136: 0 | AZ136: 0 | BA136: 0 | BB136: 0 | BC136: 0 | BD136: 0 | BE136: 0 | BF136: 0 | BG136: 0 | BH136: 0 | BI136: 0
A137: =VLOOKUP($B137,'Sourcing Tab'!$A:$B,2,0) -> Turkey | B137: 69557443 | C137: Turkey | D137: KL Cone Cookies n Cream Vanilla 6-8CT | E137: US Cold Storage Hazleton | F137: KL Mini Cones 8CT | G137: 69557443 | H137: ICE CREAM | I137: ICE CREAM CATEGORY | J137: Distribution Center | K137: NoRouting | L137: Total Production Quantity | U137: 0 | V137: 0 | W137: 0 | X137: 0 | Y137: 0 | Z137: 0 | AA137: 0 | AB137: 0 | AC137: 0 | AD137: 0 | AE137: 0 | AF137: 0 | AG137: 0 | AH137: 0 | AI137: 0 | AJ137: 0 | AK137: 0 | AL137: 0 | AM137: 0 | AN137: 0 | AO137: 0 | AP137: 0 | AQ137: 0 | AR137: 0 | AS137: 0 | AT137: 0 | AU137: 0 | AV137: 0 | AW137: 0 | AX137: 0 | AY137: 0 | AZ137: 0 | BA137: 0 | BB137: 0 | BC137: 0 | BD137: 0 | BE137: 0 | BF137: 0 | BG137: 0 | BH137: 0 | BI137: 0
A138: =VLOOKUP($B138,'Sourcing Tab'!$A:$B,2,0) -> Turkey | B138: 69586720 | C138: Turkey | D138: KL Cones Cookies n Cream 6-4CT | E138: US Cold Storage Hazleton | F138: KL Mini Cones 4CT | G138: 69586720 | H138: ICE CREAM | I138: ICE CREAM CATEGORY | J138: Distribution Center | K138: NoRouting | L138: Total Production Quantity | U138: 0 | V138: 0 | W138: 0 | X138: 48400 | Y138: 3960 | Z138: 4400 | AA138: 0 | AB138: 0 | AC138: 0 | AD138: 0 | AE138: 0 | AF138: 0 | AG138: 0 | AH138: 0 | AI138: 13200 | AJ138: 0 | AK138: 0 | AL138: 0 | AM138: 0 | AN138: 0 | AO138: 0 | AP138: 0 | AQ138: 0 | AR138: 0 | AS138: 0 | AT138: 0 | AU138: 0 | AV138: 0 | AW138: 0 | AX138: 0 | AY138: 0 | AZ138: 0 | BA138: 0 | BB138: 0 | BC138: 0 | BD138: 0 | BE138: 0 | BF138: 0 | BG138: 0 | BH138: 0 | BI138: 0
A139: =VLOOKUP($B139,'Sourcing Tab'!$A:$B,2,0) -> Turkey | B139: 69629469 | C139: Turkey | D139: KL Cone Classic Vanilla Chocolate 6-8CT | E139: US Cold Storage Hazleton | G139: 69629469 | H139: ICE CREAM | I139: ICE CREAM CATEGORY | J139: Distribution Center | K139: NoRouting | L139: Total Production Quantity | U139: 0 | V139: 0 | W139: 0 | X139: 0 | Y139: 0 | Z139: 0 | AA139: 0 | AB139: 0 | AC139: 0 | AD139: 0 | AE139: 0 | AF139: 0 | AG139: 0 | AH139: 0 | AI139: 0 | AJ139: 0 | AK139: 0 | AL139: 0 | AM139: 0 | AN139: 0 | AO139: 0 | AP139: 0 | AQ139: 0 | AR139: 0 | AS139: 0 | AT139: 0 | AU139: 0 | AV139: 0 | AW139: 0 | AX139: 0 | AY139: 0 | AZ139: 0 | BA139: 0 | BB139: 0 | BC139: 0 | BD139: 0 | BE139: 0 | BF139: 0 | BG139: 0 | BH139: 0 | BI139: 0
A140: =VLOOKUP($B140,'Sourcing Tab'!$A:$B,2,0) -> Rhino | B140: 69665113 | C140: Rhino | D140: BJ US-CD-CCCD-FTNG-8 8z | E140: US Cold Storage Hazleton | G140: 69665113 | H140: ICE CREAM | I140: ICE CREAM CATEGORY | J140: Distribution Center | K140: NoRouting | L140: Total Production Quantity | U140: 0 | V140: 0 | W140: 14000 | X140: 14000 | Y140: 14000 | Z140: 7000 | AA140: 7000 | AB140: 7000 | AC140: 7000 | AD140: 7000 | AE140: 7000 | AF140: 7000 | AG140: 0 | AH140: 7000 | AI140: 7000 | AJ140: 0 | AK140: 7000 | AL140: 0 | AM140: 7000 | AN140: 7000 | AO140: 0 | AP140: 7000 | AQ140: 7000 | AR140: 0 | AS140: 7000 | AT140: 7000 | AU140: 0 | AV140: 7000 | AW140: 0 | AX140: 7000 | AY140: 0 | AZ140: 7000 | BA140: 0 | BB140: 7000 | BC140: 0 | BD140: 7000 | BE140: 0 | BF140: 7000 | BG140: 0 | BH140: 7000 | BI140: 7000
A141: =VLOOKUP($B141,'Sourcing Tab'!$A:$B,2,0) -> Rhino | B141: 69665114 | C141: Rhino | D141: BJ US-CD-SugarCookieDough-8 8z | E141: US Cold Storage Hazleton | G141: 69665114 | H141: ICE CREAM | I141: ICE CREAM CATEGORY | J141: Distribution Center | K141: NoRouting | L141: Total Production Quantity | U141: 0 | V141: 0 | W141: 0 | X141: 0 | Y141: 0 | Z141: 0 | AA141: 0 | AB141: 0 | AC141: 0 | AD141: 0 | AE141: 0 | AF141: 0 | AG141: 3250 | AH141: 0 | AI141: 0 | AJ141: 0 | AK141: 0 | AL141: 0 | AM141: 0 | AN141: 0 | AO141: 0 | AP141: 0 | AQ141: 0 | AR141: 0 | AS141: 0 | AT141: 0 | AU141: 0 | AV141: 0 | AW141: 0 | AX141: 0 | AY141: 0 | AZ141: 0 | BA141: 0 | BB141: 0 | BC141: 0 | BD141: 0 | BE141: 0 | BF141: 0 | BG141: 0 | BH141: 0 | BI141: 0
A142: =VLOOKUP($B142,'Sourcing Tab'!$A:$B,2,0) -> Turkey | B142: 69964646 | C142: Turkey | D142: KL Cone Vanilla Caramel OOH 1-24ct | E142: US Cold Storage Hazleton | G142: 69964646 | H142: ICE CREAM | I142: ICE CREAM CATEGORY | J142: Distribution Center | K142: NoRouting | L142: Total Production Quantity | U142: 0 | V142: 0 | W142: 0 | X142: 0 | Y142: 0 | Z142: 0 | AA142: 0 | AB142: 0 | AC142: 0 | AD142: 0 | AE142: 0 | AF142: 0 | AG142: 0 | AH142: 0 | AI142: 0 | AJ142: 0 | AK142: 10800 | AL142: 0 | AM142: 0 | AN142: 0 | AO142: 0 | AP142: 0 | AQ142: 0 | AR142: 0 | AS142: 0 | AT142: 0 | AU142: 0 | AV142: 0 | AW142: 0 | AX142: 0 | AY142: 0 | AZ142: 0 | BA142: 0 | BB142: 0 | BC142: 0 | BD142: 0 | BE142: 0 | BF142: 0 | BG142: 0 | BH142: 0 | BI142: 0
A143: =VLOOKUP($B143,'Sourcing Tab'!$A:$B,2,0) -> Incom | B143: 64365613 | C143: Incom | D143: PS Spiderman Facepiece 6-6PK | E143: Maersk | G143: 64365613 | H143: ICE CREAM | I143: ICE CREAM CATEGORY | J143: Distribution Center | K143: NoRouting | L143: Total Production Quantity | U143: 0 | V143: 0 | W143: 0 | X143: 0 | Y143: 0 | Z143: 0 | AA143: 0 | AB143: 0 | AC143: 0 | AD143: 0 | AE143: 0 | AF143: 0 | AG143: 0 | AH143: 0 | AI143: 0 | AJ143: 0 | AK143: 0 | AL143: 0 | AM143: 0 | AN143: 0 | AO143: 0 | AP143: 0 | AQ143: 0 | AR143: 0 | AS143: 0 | AT143: 0 | AU143: 0 | AV143: 0 | AW143: 0 | AX143: 0 | AY143: 0 | AZ143: 0 | BA143: 0 | BB143: 0 | BC143: 0 | BD143: 0 | BE143: 0 | BF143: 0 | BG143: 0 | BH143: 0 | BI143: 0
A144: =VLOOKUP($B144,'Sourcing Tab'!$A:$B,2,0) -> Incom | B144: 64401837 | C144: Incom | D144: PS Frozen Olaf Facepiece IH 6-6PK | E144: Maersk | G144: 64401837 | H144: ICE CREAM | I144: ICE CREAM CATEGORY | J144: Distribution Center | K144: NoRouting | L144: Total Production Quantity | U144: 0 | V144: 0 | W144: 0 | X144: 0 | Y144: 0 | Z144: 0 | AA144: 0 | AB144: 0 | AC144: 0 | AD144: 0 | AE144: 0 | AF144: 0 | AG144: 0 | AH144: 0 | AI144: 0 | AJ144: 0 | AK144: 0 | AL144: 0 | AM144: 0 | AN144: 0 | AO144: 0 | AP144: 0 | AQ144: 0 | AR144: 0 | AS144: 0 | AT144: 0 | AU144: 0 | AV144: 0 | AW144: 0 | AX144: 0 | AY144: 0 | AZ144: 0 | BA144: 0 | BB144: 0 | BC144: 0 | BD144: 0 | BE144: 0 | BF144: 0 | BG144: 0 | BH144: 0 | BI144: 0
A145: =VLOOKUP($B145,'Sourcing Tab'!$A:$B,2,0) -> REMOVE | B145: 64327161 | C145: 1712 | D145: YSO Mint Chocolate Chip Club 1-15pk | E145: Schwan's Food Service Inc | F145: Yasso Extredud Sticks 1-15pk Club | G145: 64327161 | H145: ICE CREAM | I145: ICE CREAM CATEGORY | J145: 3PM Co-Packer | K145: 3PM Dummy Constraint | L145: Total Production Quantity | U145: 0 | V145: 0 | W145: 0 | X145: 0 | Y145: 0 | Z145: 0 | AA145: 0 | AB145: 0 | AC145: 0 | AD145: 0 | AE145: 0 | AF145: 0 | AG145: 0 | AH145: 0 | AI145: 0 | AJ145: 0 | AK145: 0 | AL145: 0 | AM145: 0 | AN145: 0 | AO145: 0 | AP145: 0 | AQ145: 0 | AR145: 0 | AS145: 0 | AT145: 0 | AU145: 0 | AV145: 0 | AW145: 0 | AX145: 0 | AY145: 0 | AZ145: 0 | BA145: 0 | BB145: 0 | BC145: 108800 | BD145: 20000 | BE145: 0 | BF145: 0 | BG145: 0 | BH145: 0 | BI145: 0
A146: =VLOOKUP($B146,'Sourcing Tab'!$A:$B,2,0) -> #N/A | B146: 64328806 | C146: 1712 | D146: KL Reeses SW 6-4PK | E146: Schwan's Food Service Inc | F146: ESS 4PK Klondike | G146: 64328806 | H146: ICE CREAM | I146: ICE CREAM CATEGORY | J146: 3PM Co-Packer | K146: 3PM Dummy Constraint | L146: Total Production Quantity | U146: 0 | V146: 26112 | W146: 0 | X146: 0 | Y146: 55040 | Z146: 0 | AA146: 0 | AB146: 0 | AC146: 0 | AD146: 0 | AE146: 44720 | AF146: 27520 | AG146: 0 | AH146: 0 | AI146: 0 | AJ146: 0 | AK146: 0 | AL146: 0 | AM146: 0 | AN146: 0 | AO146: 27520 | AP146: 0 | AQ146: 0 | AR146: 0 | AS146: 0 | AT146: 27520 | AU146: 0 | AV146: 0 | AW146: 0 | AX146: 0 | AY146: 27520 | AZ146: 0 | BA146: 0 | BB146: 0 | BC146: 0 | BD146: 27520 | BE146: 0 | BF146: 0 | BG146: 0 | BH146: 0 | BI146: 0
A147: =VLOOKUP($B147,'Sourcing Tab'!$A:$B,2,0) -> REMOVE | B147: 64376316 | C147: 1712 | D147: Yasso Cookies n Cream Club 1-15pk | E147: Schwan's Food Service Inc | F147: Yasso Extredud Sticks 1-15pk Club | G147: 64376316 | H147: ICE CREAM | I147: ICE CREAM CATEGORY | J147: 3PM Co-Packer | K147: 3PM Dummy Constraint | L147: Total Production Quantity | U147: 0 | V147: 0 | W147: 0 | X147: 0 | Y147: 0 | Z147: 0 | AA147: 115200 | AB147: 0 | AC147: 74115 | AD147: 0 | AE147: 115200 | AF147: 0 | AG147: 230400 | AH147: 0 | AI147: 0 | AJ147: 0 | AK147: 0 | AL147: 115200 | AM147: 0 | AN147: 0 | AO147: 0 | AP147: 460800 | AQ147: 0 | AR147: 0 | AS147: 0 | AT147: 0 | AU147: 345600 | AV147: 0 | AW147: 0 | AX147: 0 | AY147: 345600 | AZ147: 0 | BA147: 0 | BB147: 0 | BC147: 0 | BD147: 230400 | BE147: 0 | BF147: 0 | BG147: 0 | BH147: 345600 | BI147: 0
A148: =VLOOKUP($B148,'Sourcing Tab'!$A:$B,2,0) -> #N/A | B148: 64392287 | C148: 1712 | D148: KL Reeses SW OOH 1-24ct | E148: Schwan's Food Service Inc | F148: ESS 24PK Klondike OOH | G148: 64392287 | H148: ICE CREAM | I148: ICE CREAM CATEGORY | J148: 3PM Co-Packer | K148: 3PM Dummy Constraint | L148: Total Production Quantity | U148: 0 | V148: 0 | W148: 0 | X148: 0 | Y148: 0 | Z148: 0 | AA148: 0 | AB148: 0 | AC148: 0 | AD148: 0 | AE148: 16320 | AF148: 0 | AG148: 0 | AH148: 0 | AI148: 0 | AJ148: 0 | AK148: 0 | AL148: 0 | AM148: 0 | AN148: 0 | AO148: 0 | AP148: 0 | AQ148: 0 | AR148: 0 | AS148: 0 | AT148: 0 | AU148: 0 | AV148: 0 | AW148: 0 | AX148: 0 | AY148: 0 | AZ148: 0 | BA148: 0 | BB148: 0 | BC148: 0 | BD148: 0 | BE148: 0 | BF148: 0 | BG148: 0 | BH148: 0 | BI148: 0
A149: =VLOOKUP($B149,'Sourcing Tab'!$A:$B,2,0) -> #N/A | B149: 64413475 | C149: 1712 | D149: BJ US-IC-CherryGarcia-FTNG-12 4FOZ | E149: Schwan's Food Service Inc | F149: B&J Cups 4FOZ 12 | G149: 64413475 | H149: ICE CREAM | I149: ICE CREAM CATEGORY | J149: 3PM Co-Packer | K149: 3PM Dummy Constraint | L149: Total Production Quantity | U149: 0 | V149: 0 | W149: 10260 | X149: 0 | Y149: 0 | Z149: 0 | AA149: 0 | AB149: 0 | AC149: 0 | AD149: 0 | AE149: 0 | AF149: 0 | AG149: 0 | AH149: 0 | AI149: 0 | AJ149: 0 | AK149: 10305 | AL149: 0 | AM149: 0 | AN149: 0 | AO149: 10305 | AP149: 0 | AQ149: 10305 | AR149: 10305 | AS149: 0 | AT149: 0 | AU149: 0 | AV149: 0 | AW149: 0 | AX149: 0 | AY149: 0 | AZ149: 0 | BA149: 0 | BB149: 0 | BC149: 0 | BD149: 0 | BE149: 10305 | BF149: 0 | BG149: 0 | BH149: 0 | BI149: 10305
A150: =VLOOKUP($B150,'Sourcing Tab'!$A:$B,2,0) -> #N/A | B150: 64413476 | C150: 1712 | D150: BJ US-IC-ChocFudgBrownie-FTNG-12 4FOZ | E150: Schwan's Food Service Inc | F150: B&J Cups 4FOZ 12 | G150: 64413476 | H150: ICE CREAM | I150: ICE CREAM CATEGORY | J150: 3PM Co-Packer | K150: 3PM Dummy Constraint | L150: Total Production Quantity | U150: 0 | V150: 0 | W150: 20520 | X150: 0 | Y150: 0 | Z150: 0 | AA150: 0 | AB150: 0 | AC150: 0 | AD150: 0 | AE150: 0 | AF150: 10305 | AG150: 0 | AH150: 0 | AI150: 0 | AJ150: 10305 | AK150: 0 | AL150: 10305 | AM150: 0 | AN150: 10305 | AO150: 0 | AP150: 10305 | AQ150: 0 | AR150: 10305 | AS150: 0 | AT150: 10305 | AU150: 0 | AV150: 10305 | AW150: 0 | AX150: 10305 | AY150: 0 | AZ150: 0 | BA150: 10305 | BB150: 0 | BC150: 0 | BD150: 10305 | BE150: 0 | BF150: 10305 | BG150: 0 | BH150: 0 | BI150: 10305
A151: =VLOOKUP($B151,'Sourcing Tab'!$A:$B,2,0) -> #N/A | B151: 64413477 | C151: 1712 | D151: BJ US-IC-AmericoneDream-FTNG-12 4FOZ | E151: Schwan's Food Service Inc | F151: B&J Cups 4FOZ 12 | G151: 64413477 | H151: ICE CREAM | I151: ICE CREAM CATEGORY | J151: 3PM Co-Packer | K151: 3PM Dummy Constraint | L151: Total Production Quantity | U151: 0 | V151: 0 | W151: 10305 | X151: 0 | Y151: 0 | Z151: 0 | AA151: 10305 | AB151: 0 | AC151: 0 | AD151: 0 | AE151: 0 | AF151: 0 | AG151: 0 | AH151: 0 | AI151: 0 | AJ151: 0 | AK151: 0 | AL151: 0 | AM151: 0 | AN151: 0 | AO151: 0 | AP151: 0 | AQ151: 0 | AR151: 0 | AS151: 0 | AT151: 0 | AU151: 0 | AV151: 0 | AW151: 0 | AX151: 0 | AY151: 0 | AZ151: 0 | BA151: 20610 | BB151: 0 | BC151: 0 | BD151: 10305 | BE151: 0 | BF151: 10305 | BG151: 0 | BH151: 0 | BI151: 0
A152: =VLOOKUP($B152,'Sourcing Tab'!$A:$B,2,0) -> #N/A | B152: 64413478 | C152: 1712 | D152: BJ US-IC-ChocChpCookDgh-FTNG-12 4FOZ | E152: Schwan's Food Service Inc | F152: B&J Cups 4FOZ 12 | G152: 64413478 | H152: ICE CREAM | I152: ICE CREAM CATEGORY | J152: 3PM Co-Packer | K152: 3PM Dummy Constraint | L152: Total Production Quantity | U152: 0 | V152: 10260 | W152: 0 | X152: 0 | Y152: 0 | Z152: 0 | AA152: 0 | AB152: 0 | AC152: 0 | AD152: 0 | AE152: 0 | AF152: 0 | AG152: 0 | AH152: 0 | AI152: 0 | AJ152: 0 | AK152: 0 | AL152: 10305 | AM152: 10305 | AN152: 0 | AO152: 0 | AP152: 10305 | AQ152: 10305 | AR152: 0 | AS152: 10305 | AT152: 10305 | AU152: 0 | AV152: 0 | AW152: 0 | AX152: 0 | AY152: 10305 | AZ152: 0 | BA152: 10305 | BB152: 10305 | BC152: 0 | BD152: 0 | BE152: 10305 | BF152: 10305 | BG152: 0 | BH152: 0 | BI152: 0
A153: =VLOOKUP($B153,'Sourcing Tab'!$A:$B,2,0) -> #N/A | B153: 64804361 | C153: 1712 | D153: BJ US-PUP-Pumpkincoockie 108p 4flz | E153: Schwan's Food Service Inc | F153: B&J Cups 4FOZ 108p | G153: 64343267 | H153: ICE CREAM | I153: ICE CREAM CATEGORY | J153: 3PM Co-Packer | K153: 3PM Dummy Constraint | L153: Total Production Quantity | U153: 0 | V153: 0 | W153: 0 | X153: 0 | Y153: 756 | Z153: 0 | AA153: 0 | AB153: 0 | AC153: 0 | AD153: 0 | AE153: 0 | AF153: 0 | AG153: 0 | AH153: 0 | AI153: 0 | AJ153: 0 | AK153: 0 | AL153: 0 | AM153: 0 | AN153: 0 | AO153: 1 | AP153: 0 | AQ153: 0 | AR153: 0 | AS153: 0 | AT153: 0 | AU153: 0 | AV153: 0 | AW153: 0 | AX153: 0 | AY153: 0 | AZ153: 0 | BA153: 0 | BB153: 0 | BC153: 0 | BD153: 0 | BE153: 0 | BF153: 0 | BG153: 0 | BH153: 756 | BI153: 0
A154: =VLOOKUP($B154,'Sourcing Tab'!$A:$B,2,0) -> #N/A | B154: 64804365 | C154: 1712 | D154: BJ US-PUP-PB Pretzel 6-4PK | E154: Schwan's Food Service Inc | F154: B&J Cups 4PK 6 PB | G154: 64346613 | H154: ICE CREAM | I154: ICE CREAM CATEGORY | J154: 3PM Co-Packer | K154: 3PM Dummy Constraint | L154: Total Production Quantity | U154: 0 | V154: 10500 | W154: 0 | X154: 5940 | Y154: 2970 | Z154: 11880 | AA154: 0 | AB154: 0 | AC154: 0 | AD154: 0 | AE154: 0 | AF154: 0 | AG154: 0 | AH154: 0 | AI154: 0 | AJ154: 0 | AK154: 0 | AL154: 0 | AM154: 0 | AN154: 0 | AO154: 0 | AP154: 0 | AQ154: 5940 | AR154: 2970 | AS154: 5940 | AT154: 0 | AU154: 2970 | AV154: 0 | AW154: 2970 | AX154: 0 | AY154: 2970 | AZ154: 2970 | BA154: 0 | BB154: 2970 | BC154: 2970 | BD154: 2970 | BE154: 2970 | BF154: 0 | BG154: 2970 | BH154: 2970 | BI154: 0
A155: =VLOOKUP($B155,'Sourcing Tab'!$A:$B,2,0) -> #N/A | B155: 64806251 | C155: 1712 | D155: BJ US-PUP-PumpkinCookie 6-4PK | E155: Schwan's Food Service Inc | F155: B&J Cups 4PK 6 | G155: 64346612 | H155: ICE CREAM | I155: ICE CREAM CATEGORY | J155: 3PM Co-Packer | K155: 3PM Dummy Constraint | L155: Total Production Quantity | U155: 0 | V155: 0 | W155: 0 | X155: 10800 | Y155: 5940 | Z155: 0 | AA155: 11880 | AB155: 0 | AC155: 0 | AD155: 0 | AE155: 0 | AF155: 0 | AG155: 0 | AH155: 0 | AI155: 0 | AJ155: 0 | AK155: 0 | AL155: 0 | AM155: 0 | AN155: 0 | AO155: 0 | AP155: 2970 | AQ155: 2970 | AR155: 0 | AS155: 2970 | AT155: 0 | AU155: 0 | AV155: 2970 | AW155: 0 | AX155: 0 | AY155: 0 | AZ155: 2970 | BA155: 0 | BB155: 2970 | BC155: 0 | BD155: 0 | BE155: 2970 | BF155: 0 | BG155: 2970 | BH155: 0 | BI155: 0
A156: =VLOOKUP($B156,'Sourcing Tab'!$A:$B,2,0) -> #N/A | B156: 64806254 | C156: 1712 | D156: BJ US-PUP-PB Pretzel 108p 4FOZ | E156: Schwan's Food Service Inc | F156: B&J Cups 4FOZ 108p PB | G156: 64343704 | H156: ICE CREAM | I156: ICE CREAM CATEGORY | J156: 3PM Co-Packer | K156: 3PM Dummy Constraint | L156: Total Production Quantity | U156: 0 | V156: 0 | W156: 0 | X156: 0 | Y156: 0 | Z156: 0 | AA156: 0 | AB156: 0 | AC156: 0 | AD156: 0 | AE156: 0 | AF156: 0 | AG156: 1 | AH156: 756 | AI156: 0 | AJ156: 0 | AK156: 0 | AL156: 0 | AM156: 0 | AN156: 0 | AO156: 0 | AP156: 0 | AQ156: 756 | AR156: 0 | AS156: 0 | AT156: 0 | AU156: 0 | AV156: 0 | AW156: 0 | AX156: 0 | AY156: 0 | AZ156: 0 | BA156: 0 | BB156: 0 | BC156: 0 | BD156: 0 | BE156: 0 | BF156: 0 | BG156: 0 | BH156: 756 | BI156: 0
... A158: =VLOOKUP($B158,'Sourcing Tab'!$A:$B,2,0) -> #N/A | B158: 64875812 | C158: 1712 | D158: KL Vanilla Sandwich 8-6 PK | E158: Schwan's Food Service Inc | F158: ESS 6PK Klondike | G158: 64875812 | H158: ICE CREAM | I158: ICE CREAM CATEGORY | J158: 3PM Co-Packer | K158: 3PM Dummy Constraint | L158: Total Production Quantity | U158: 0 | V158: 0 | W158: 0 | X158: 14720 | Y158: 0 | Z158: 14335 | AA158: 30080 | AB158: 15040 | AC158: 0 | AD158: 24440 | AE158: 103040 | AF158: 45120 | AG158: 0 | AH158: 0 | AI158: 15040 | AJ158: 0 | AK158: 0 | AL158: 15040 | AM158: 0 | AN158: 15040 | AO158: 0 | AP158: 0 | AQ158: 15040 | AR158: 0 | AS158: 0 | AT158: 15040 | AU158: 0 | AV158: 0 | AW158: 0 | AX158: 0 | AY158: 15040 | AZ158: 0 | BA158: 15040 | BB158: 15040 | BC158: 15040 | BD158: 0 | BE158: 15040 | BF158: 15040 | BG158: 0 | BH158: 15040 | BI158: 15040
A159: =VLOOKUP($B159,'Sourcing Tab'!$A:$B,2,0) -> #N/A | B159: 64973976 | C159: 1712 | D159: BR Reeses Mini Cups 1-12PK | E159: Schwan's Food Service Inc | G159: 64973976 | H159: ICE CREAM | I159: ICE CREAM CATEGORY | J159: 3PM Co-Packer | K159: 3PM Dummy Constraint | L159: Total Production Quantity | U159: 0 | V159: 0 | W159: 0 | X159: 0 | Y159: 0 | Z159: 0 | AA159: 0 | AB159: 0 | AC159: 0 | AD159: 20926 | AE159: 28665 | AF159: 33124 | AG159: 0 | AH159: 0 | AI159: 40320 | AJ159: 57600 | AK159: 92160 | AL159: 5760 | AM159: 28800 | AN159: 28800 | AO159: 28800 | AP159: 34560 | AQ159: 11520 | AR159: 17280 | AS159: 11520 | AT159: 17280 | AU159: 0 | AV159: 0 | AW159: 0 | AX159: 0 | AY159: 0 | AZ159: 0 | BA159: 0 | BB159: 0 | BC159: 0 | BD159: 0 | BE159: 0 | BF159: 0 | BG159: 0 | BH159: 0 | BI159: 0
A160: =VLOOKUP($B160,'Sourcing Tab'!$A:$B,2,0) -> #N/A | B160: 64977494 | C160: 1712 | D160: GH Reeses Candy Bar 8-6PK | E160: Schwan's Food Service Inc | F160: GH MBG 6PK | G160: 64977494 | H160: ICE CREAM | I160: ICE CREAM CATEGORY | J160: 3PM Co-Packer | K160: 3PM Dummy Constraint | L160: Total Production Quantity | U160: 0 | V160: 0 | W160: 26480 | X160: 13800 | Y160: 0 | Z160: 0 | AA160: 0 | AB160: 0 | AC160: 0 | AD160: 0 | AE160: 0 | AF160: 0 | AG160: 0 | AH160: 0 | AI160: 13800 | AJ160: 0 | AK160: 0 | AL160: 13800 | AM160: 13800 | AN160: 13800 | AO160: 13800 | AP160: 0 | AQ160: 0 | AR160: 13800 | AS160: 0 | AT160: 0 | AU160: 0 | AV160: 13800 | AW160: 0 | AX160: 0 | AY160: 0 | AZ160: 0 | BA160: 13800 | BB160: 0 | BC160: 0 | BD160: 0 | BE160: 0 | BF160: 13800 | BG160: 0 | BH160: 0 | BI160: 0
A161: =VLOOKUP($B161,'Sourcing Tab'!$A:$B,2,0) -> #N/A | B161: 64978550 | C161: 1712 | D161: GH Almond Joy Candy Bar 8-6PK | E161: Schwan's Food Service Inc | F161: GH MBG 6PK | G161: 64978550 | H161: ICE CREAM | I161: ICE CREAM CATEGORY | J161: 3PM Co-Packer | K161: 3PM Dummy Constraint | L161: Total Production Quantity | U161: 0 | V161: 0 | W161: 0 | X161: 0 | Y161: 0 | Z161: 13240 | AA161: 0 | AB161: 13800 | AC161: 0 | AD161: 0 | AE161: 0 | AF161: 0 | AG161: 27600 | AH161: 0 | AI161: 0 | AJ161: 0 | AK161: 0 | AL161: 0 | AM161: 27600 | AN161: 0 | AO161: 0 | AP161: 0 | AQ161: 0 | AR161: 0 | AS161: 0 | AT161: 0 | AU161: 0 | AV161: 0 | AW161: 27600 | AX161: 0 | AY161: 0 | AZ161: 0 | BA161: 0 | BB161: 0 | BC161: 0 | BD161: 0 | BE161: 0 | BF161: 0 | BG161: 0 | BH161: 0 | BI161: 0
A162: =VLOOKUP($B162,'Sourcing Tab'!$A:$B,2,0) -> #N/A | B162: 64979101 | C162: 1712 | D162: GH Reeses Candy Bar 18-1PK | E162: Schwan's Food Service Inc | F162: GH MBG 24PK OOH | G162: 64979101 | H162: ICE CREAM | I162: ICE CREAM CATEGORY | J162: 3PM Co-Packer | K162: 3PM Dummy Constraint | L162: Total Production Quantity | U162: 0 | V162: 0 | W162: 0 | X162: 0 | Y162: 0 | Z162: 0 | AA162: 0 | AB162: 1 | AC162: 33400 | AD162: 0 | AE162: 29400 | AF162: 33400 | AG162: 0 | AH162: 0 | AI162: 33400 | AJ162: 0 | AK162: 0 | AL162: 0 | AM162: 0 | AN162: 0 | AO162: 0 | AP162: 0 | AQ162: 0 | AR162: 0 | AS162: 0 | AT162: 0 | AU162: 0 | AV162: 0 | AW162: 0 | AX162: 0 | AY162: 33400 | AZ162: 0 | BA162: 0 | BB162: 0 | BC162: 0 | BD162: 0 | BE162: 0 | BF162: 0 | BG162: 0 | BH162: 0 | BI162: 0
A163: =VLOOKUP($B163,'Sourcing Tab'!$A:$B,2,0) -> #N/A | B163: 64325624 | C163: 1713 | D163: Yasso Sea Salt Car Poppables 10-6.84flz | E163: CooLabs Foods, LLC | F163: Yasso Poppables 10 - 6.84flz | G163: 64325624 | H163: ICE CREAM | I163: ICE CREAM CATEGORY | J163: 3PM Co-Packer | K163: 3PM Dummy Constraint | L163: Total Production Quantity | U163: 0 | V163: 0 | W163: 0 | X163: 0 | Y163: 0 | Z163: 0 | AA163: 0 | AB163: 0 | AC163: 0 | AD163: 0 | AE163: 0 | AF163: 4400 | AG163: 0 | AH163: 2200 | AI163: 0 | AJ163: 2200 | AK163: 2200 | AL163: 0 | AM163: 2200 | AN163: 0 | AO163: 2200 | AP163: 0 | AQ163: 0 | AR163: 0 | AS163: 0 | AT163: 2200 | AU163: 0 | AV163: 0 | AW163: 0 | AX163: 0 | AY163: 0 | AZ163: 0 | BA163: 2200 | BB163: 0 | BC163: 0 | BD163: 0 | BE163: 0 | BF163: 0 | BG163: 0 | BH163: 0 | BI163: 0
A164: =VLOOKUP($B164,'Sourcing Tab'!$A:$B,2,0) -> #N/A | B164: 64325625 | C164: 1713 | D164: Yasso Vanilla Bean Poppables 10-6.84flz | E164: CooLabs Foods, LLC | F164: Yasso Poppables 10 - 6.84flz | G164: 64325625 | H164: ICE CREAM | I164: ICE CREAM CATEGORY | J164: 3PM Co-Packer | K164: 3PM Dummy Constraint | L164: Total Production Quantity | U164: 0 | V164: 0 | W164: 0 | X164: 0 | Y164: 0 | Z164: 0 | AA164: 0 | AB164: 0 | AC164: 0 | AD164: 0 | AE164: 0 | AF164: 6600 | AG164: 0 | AH164: 0 | AI164: 0 | AJ164: 0 | AK164: 2200 | AL164: 0 | AM164: 2200 | AN164: 2200 | AO164: 0 | AP164: 2200 | AQ164: 0 | AR164: 2200 | AS164: 0 | AT164: 2200 | AU164: 0 | AV164: 0 | AW164: 2200 | AX164: 0 | AY164: 2200 | AZ164: 0 | BA164: 2200 | BB164: 0 | BC164: 2200 | BD164: 0 | BE164: 0 | BF164: 0 | BG164: 0 | BH164: 0 | BI164: 0
A165: =VLOOKUP($B165,'Sourcing Tab'!$A:$B,2,0) -> #N/A | B165: 64326407 | C165: 1713 | D165: Yasso Coffee Poppables 10-6.84flz | E165: CooLabs Foods, LLC | F165: Yasso Poppables 10 - 6.84flz | G165: 64326407 | H165: ICE CREAM | I165: ICE CREAM CATEGORY | J165: 3PM Co-Packer | K165: 3PM Dummy Constraint | L165: Total Production Quantity | U165: 0 | V165: 0 | W165: 0 | X165: 0 | Y165: 0 | Z165: 0 | AA165: 0 | AB165: 0 | AC165: 0 | AD165: 0 | AE165: 0 | AF165: 0 | AG165: 0 | AH165: 0 | AI165: 0 | AJ165: 2200 | AK165: 0 | AL165: 0 | AM165: 0 | AN165: 0 | AO165: 0 | AP165: 0 | AQ165: 2200 | AR165: 0 | AS165: 0 | AT165: 0 | AU165: 0 | AV165: 0 | AW165: 2200 | AX165: 0 | AY165: 0 | AZ165: 0 | BA165: 0 | BB165: 0 | BC165: 0 | BD165: 0 | BE165: 0 | BF165: 0 | BG165: 0 | BH165: 0 | BI165: 0
A166: =VLOOKUP($B166,'Sourcing Tab'!$A:$B,2,0) -> #N/A | B166: 64388736 | C166: 1713 | D166: Yasso Fudge Poppables 10p 6.84flz | E166: CooLabs Foods, LLC | F166: Yasso Poppables 10 - 6.84flz | G166: 64388736 | H166: ICE CREAM | I166: ICE CREAM CATEGORY | J166: 3PM Co-Packer | K166: 3PM Dummy Constraint | L166: Total Production Quantity | U166: 0 | V166: 0 | W166: 0 | X166: 0 | Y166: 3600 | Z166: 0 | AA166: 0 | AB166: 0 | AC166: 0 | AD166: 0 | AE166: 0 | AF166: 4400 | AG166: 0 | AH166: 0 | AI166: 0 | AJ166: 0 | AK166: 0 | AL166: 0 | AM166: 0 | AN166: 0 | AO166: 0 | AP166: 0 | AQ166: 0 | AR166: 0 | AS166: 0 | AT166: 0 | AU166: 2200 | AV166: 0 | AW166: 0 | AX166: 0 | AY166: 0 | AZ166: 0 | BA166: 0 | BB166: 2200 | BC166: 0 | BD166: 0 | BE166: 0 | BF166: 0 | BG166: 0 | BH166: 0 | BI166: 0
A167: =VLOOKUP($B167,'Sourcing Tab'!$A:$B,2,0) -> #N/A | B167: 64325559 | C167: 1715 | D167: Yasso Birthday Cake 8-4pk | E167: DFA Dairy Brands Ice Cream, LL | F167: Yasso Extruded Sticks 8 - 4pk | G167: 64325559 | H167: ICE CREAM | I167: ICE CREAM CATEGORY | J167: 3PM Co-Packer | K167: 1715 DFA Line 2 Incremental | L167: Total Production Quantity | U167: 0 | V167: 0 | W167: 0 | X167: 0 | Y167: 0 | Z167: 0 | AA167: 0 | AB167: 0 | AC167: 0 | AD167: 0 | AE167: 0 | AF167: 0 | AG167: 0 | AH167: 0 | AI167: 0 | AJ167: 1 | AK167: 0 | AL167: 0 | AM167: 0 | AN167: 0 | AO167: 0 | AP167: 0 | AQ167: 0 | AR167: 0 | AS167: 0 | AT167: 0 | AU167: 0 | AV167: 0 | AW167: 0 | AX167: 0 | AY167: 0 | AZ167: 0 | BA167: 0 | BB167: 0 | BC167: 0 | BD167: 0 | BE167: 0 | BF167: 0 | BG167: 0 | BH167: 0 | BI167: 0
A168: =VLOOKUP($B168,'Sourcing Tab'!$A:$B,2,0) -> #N/A | B168: 64325559 | C168: 1715 | D168: Yasso Birthday Cake 8-4pk | E168: DFA Dairy Brands Ice Cream, LL | F168: Yasso Extruded Sticks 8 - 4pk | G168: 64325559 | H168: ICE CREAM | I168: ICE CREAM CATEGORY | J168: 3PM Co-Packer | K168: 3PM Dummy Constraint | L168: Total Production Quantity | U168: 0 | V168: 0 | W168: 0 | X168: 0 | Y168: 0 | Z168: 0 | AA168: 0 | AB168: 0 | AC168: 0 | AD168: 0 | AE168: 0 | AF168: 0 | AG168: 0 | AH168: 0 | AI168: 0 | AJ168: 0 | AK168: 0 | AL168: 0 | AM168: 0 | AN168: 0 | AO168: 0 | AP168: 0 | AQ168: 0 | AR168: 0 | AS168: 0 | AT168: 0 | AU168: 0 | AV168: 0 | AW168: 0 | AX168: 0 | AY168: 0 | AZ168: 0 | BA168: 0 | BB168: 0 | BC168: 0 | BD168: 0 | BE168: 0 | BF168: 0 | BG168: 0 | BH168: 0 | BI168: 0
A169: =VLOOKUP($B169,'Sourcing Tab'!$A:$B,2,0) -> #N/A | B169: 64955558 | C169: 1715 | D169: Yasso Creamy Mango 8-4pk | E169: DFA Dairy Brands Ice Cream, LL | F169: Yasso Extruded Sticks 8 - 4pk | G169: 64955558 | H169: ICE CREAM | I169: ICE CREAM CATEGORY | J169: 3PM Co-Packer | K169: 3PM Dummy Constraint | L169: Total Production Quantity | U169: 0 | V169: 16170 | W169: 0 | X169: 0 | Y169: 0 | Z169: 0 | AA169: 0 | AB169: 26250 | AC169: 0 | AD169: 0 | AE169: 26250 | AF169: 0 | AG169: 0 | AH169: 0 | AI169: 0 | AJ169: 0 | AK169: 26250 | AL169: 0 | AM169: 0 | AN169: 0 | AO169: 0 | AP169: 0 | AQ169: 0 | AR169: 26250 | AS169: 0 | AT169: 0 | AU169: 0 | AV169: 0 | AW169: 0 | AX169: 0 | AY169: 0 | AZ169: 0 | BA169: 0 | BB169: 0 | BC169: 26250 | BD169: 0 | BE169: 0 | BF169: 0 | BG169: 0 | BH169: 0 | BI169: 0
A170: =VLOOKUP($B170,'Sourcing Tab'!$A:$B,2,0) -> #N/A | B170: 64955559 | C170: 1715 | D170: Yasso Strawberries n Cream 8-4pk | E170: DFA Dairy Brands Ice Cream, LL | F170: Yasso Extruded Sticks 8 - 4pk | G170: 64955559 | H170: ICE CREAM | I170: ICE CREAM CATEGORY | J170: 3PM Co-Packer | K170: 3PM Dummy Constraint | L170: Total Production Quantity | U170: 0 | V170: 0 | W170: 0 | X170: 0 | Y170: 0 | Z170: 0 | AA170: 0 | AB170: 26250 | AC170: 0 | AD170: 0 | AE170: 0 | AF170: 26250 | AG170: 0 | AH170: 0 | AI170: 0 | AJ170: 26250 | AK170: 0 | AL170: 0 | AM170: 0 | AN170: 0 | AO170: 26250 | AP170: 0 | AQ170: 0 | AR170: 0 | AS170: 26250 | AT170: 0 | AU170: 0 | AV170: 0 | AW170: 0 | AX170: 0 | AY170: 0 | AZ170: 26250 | BA170: 0 | BB170: 0 | BC170: 0 | BD170: 0 | BE170: 0 | BF170: 0 | BG170: 0 | BH170: 26250 | BI170: 0
A171: =VLOOKUP($B171,'Sourcing Tab'!$A:$B,2,0) -> #N/A | B171: 64955561 | C171: 1715 | D171: Yasso Creamy Pineapple Coconut 8-4pk | E171: DFA Dairy Brands Ice Cream, LL | F171: Yasso Extruded Sticks 8 - 4pk | G171: 64955561 | H171: ICE CREAM | I171: ICE CREAM CATEGORY | J171: 3PM Co-Packer | K171: 3PM Dummy Constraint | L171: Total Production Quantity | U171: 6278 | V171: 0 | W171: 0 | X171: 0 | Y171: 0 | Z171: 0 | AA171: 0 | AB171: 26250 | AC171: 0 | AD171: 0 | AE171: 0 | AF171: 0 | AG171: 0 | AH171: 0 | AI171: 0 | AJ171: 0 | AK171: 0 | AL171: 26250 | AM171: 0 | AN171: 0 | AO171: 0 | AP171: 0 | AQ171: 0 | AR171: 0 | AS171: 0 | AT171: 0 | AU171: 0 | AV171: 0 | AW171: 0 | AX171: 0 | AY171: 0 | AZ171: 0 | BA171: 0 | BB171: 26250 | BC171: 0 | BD171: 0 | BE171: 0 | BF171: 0 | BG171: 0 | BH171: 0 | BI171: 0
...

Sheet Sourcing Tab
A1: 69665113 | B1: Rhino
A2: 68264519 | B2: Rhino
A3: 68654218 | B3: Rhino
A4: 68654232 | B4: Rhino
A5: 69665114 | B5: Rhino
A6: 64378129 | B6: Turkey
A7: 69964648 | B7: Turkey
A8: 69556602 | B8: Turkey
A9: 69628686 | B9: Turkey
A10: 69629469 | B10: Turkey
A11: 69557443 | B11: Turkey
A12: 64369052 | B12: Turkey
... A38: 64771676 | B38: Incom
A39: 67684602 | B39: 3910
A40: 68527296 | B40: 3910
A41: 69716749 | B41: 3910
A42: 17090 | B42: REMOVE | C42: BJ Choc Chk Ckie Btr 6 6 LB
A43: 17093 | B43: REMOVE | C43: BJ Nat Fdg Brwni Btr 6 6 LB
A44: 64325487 | B44: REMOVE
A45: 64325488 | B45: REMOVE
A46: 64325492 | B46: REMOVE
A47: 64325509 | B47: REMOVE
A48: 64325510 | B48: REMOVE
A49: 64325513 | B49: REMOVE
A50: 64325518 | B50: REMOVE
A51: 64325523 | B51: REMOVE
A52: 64325563 | B52: REMOVE
A53: 64325568 | B53: REMOVE
A54: 64326313 | B54: REMOVE
A55: 64326314 | B55: REMOVE
... A58: 64376316 | B58: REMOVE
A59: 64403170 | B59: Turkey | C59: PS Transformers Facepiece IH 6-6PK
A60: 64833353 | B60: GDI | C60: PS SF Tropical 6-18PK
A61: 67382713 | B61: REMOVE | C61: GH King Cone Vanilla 1-24PK
A62: 64409312 | B62: Tultitlan | C62: Holanda Chemisse Pineapple 8-4pk
A63: 64409314 | B63: Tultitlan | C63: Holanda Chemisse Strawberry 8-4pk
A64: 64410857 | B64: Tultitlan | C64: Holanda Solero Lime 8.79FO
A65: 69552657 | B65: Tultitlan
A66: 64903294 | B66: Veszprem | C66: MG Mini Almond 6-6PK
A67: 64903295 | B67: Veszprem | C67: MG Mini Classic 6-6PK
A68: 64903296 | B68: Veszprem | C68: MG Mini Classic/Almond/White VP 6-6PK
A69: 64865906 | B69: Glacier Point | C69: Sweet Summits IC Vanilla 1 3GAL
A70: 64865948 | B70: Glacier Point | C70: Sweet Summits IC Chocolate 1 3GAL
A71: 64865961 | B71: Glacier Point | C71: Sweet Summits IC Strawberry 1 3GAL
A72: 64865964 | B72: Glacier Point | C72: Sweet Summits IC Choco Taco 1 3GAL
A73: 64956417 | B73: Incom | C73: PS Hello Kitty Facepiece IH 6-6PK
A74: 64979444 | B74: Incom | C74: PS Bluey Facepiece IH 6-6PK
A75: 62712051
A76: 65549173 | B76: Incom | C76: PS Bluey Facepiece OOH 1-20PK
