Workbook

Sheet Sites
B3: 1419
B4: 3989
B5: 3983
B6: 3984
B7: 3961
B8: 3962
B9: 6706
B10: 2600
B11: 3985
B12: 3938
B13: 1461
B14: 1712
... B22: 6765

Sheet TMICC
A1: Material | B1: Plant | C1: Quantity | D1: Pstng Date | E1: Description | F1: Ver. | G1: CA is for US | H1: Purch.Doc.
A2: 64315721 | B2: 1352 | C2: 22 | D2: 46076 | E2: BR CS Chocolate Peanut Butter 6 1.5QT | F2: S4 | G2: =VLOOKUP($A2,'CA-US List'!$A:$C,3,0) -> #N/A
A3: 64315721 | B3: 1352 | C3: 3344 | D3: 46077 | E3: BR CS Chocolate Peanut Butter 6 1.5QT | F3: S4 | G3: =VLOOKUP($A3,'CA-US List'!$A:$C,3,0) -> #N/A
A4: 64315721 | B4: 1352 | C4: 7920 | D4: 46078 | E4: BR CS Chocolate Peanut Butter 6 1.5QT | F4: S4 | G4: =VLOOKUP($A4,'CA-US List'!$A:$C,3,0) -> #N/A
A5: 64315721 | B5: 1352 | C5: 3001 | D5: 46077 | E5: BR CS Chocolate Peanut Butter 6 1.5QT | F5: S4 | G5: =VLOOKUP($A5,'CA-US List'!$A:$C,3,0) -> #N/A
A6: 64315721 | B6: 1352 | C6: 3872 | D6: 46076 | E6: BR CS Chocolate Peanut Butter 6 1.5QT | F6: S4 | G6: =VLOOKUP($A6,'CA-US List'!$A:$C,3,0) -> #N/A
A7: 64315721 | B7: 1352 | C7: 11 | D7: 46078 | E7: BR CS Chocolate Peanut Butter 6 1.5QT | F7: S4 | G7: =VLOOKUP($A7,'CA-US List'!$A:$C,3,0) -> #N/A
A8: 64315721 | B8: 1352 | C8: 0 | D8: 46079 | E8: BR CS Chocolate Peanut Butter 6 1.5QT | F8: S4 | G8: =VLOOKUP($A8,'CA-US List'!$A:$C,3,0) -> #N/A
A9: 64315721 | B9: 1352 | C9: 176 | D9: 46079 | E9: BR CS Chocolate Peanut Butter 6 1.5QT | F9: S4 | G9: =VLOOKUP($A9,'CA-US List'!$A:$C,3,0) -> #N/A
A10: 64315721 | B10: 1352 | C10: 478 | D10: 46078 | E10: BR CS Chocolate Peanut Butter 6 1.5QT | F10: S4 | G10: =VLOOKUP($A10,'CA-US List'!$A:$C,3,0) -> #N/A
A11: 64315721 | B11: 1352 | C11: 4414 | D11: 46079 | E11: BR CS Chocolate Peanut Butter 6 1.5QT | F11: S4 | G11: =VLOOKUP($A11,'CA-US List'!$A:$C,3,0) -> #N/A
A12: 64341967 | B12: 1352 | C12: 4045 | D12: 46102 | E12: BR CHOC Peanut Butter 6 1.5QT | F12: S4 | G12: =VLOOKUP($A12,'CA-US List'!$A:$C,3,0) -> #N/A
A13: 64341967 | B13: 1352 | C13: 4909 | D13: 46103 | E13: BR CHOC Peanut Butter 6 1.5QT | F13: S4 | G13: =VLOOKUP($A13,'CA-US List'!$A:$C,3,0) -> #N/A
... A1156: 68821728 | B1156: 2904 | C1156: -9 | D1156: 46100 | E1156: BR Rocky Road 6 1.5QT | F1156: SS3 | G1156: =VLOOKUP($A1156,'CA-US List'!$A:$C,3,0) -> #N/A
A1157: 68821728 | B1157: 2904 | C1157: 4282 | D1157: 46089 | E1157: BR Rocky Road 6 1.5QT | G1157: =VLOOKUP($A1157,'CA-US List'!$A:$C,3,0) -> #N/A
A1158: 68821734 | B1158: 2904 | C1158: 704 | D1158: 46097 | E1158: BR Vanilla Chocolate 6 1.5QT | F1158: SS1 | G1158: =VLOOKUP($A1158,'CA-US List'!$A:$C,3,0) -> #N/A
A1159: 68821734 | B1159: 2904 | C1159: 9680 | D1159: 46097 | E1159: BR Vanilla Chocolate 6 1.5QT | F1159: SS1 | G1159: =VLOOKUP($A1159,'CA-US List'!$A:$C,3,0) -> #N/A
A1160: 68821734 | B1160: 2904 | C1160: 8448 | D1160: 46098 | E1160: BR Vanilla Chocolate 6 1.5QT | F1160: SS1 | G1160: =VLOOKUP($A1160,'CA-US List'!$A:$C,3,0) -> #N/A
A1161: 68821734 | B1161: 2904 | C1161: 12320 | D1161: 46098 | E1161: BR Vanilla Chocolate 6 1.5QT | F1161: SS1 | G1161: =VLOOKUP($A1161,'CA-US List'!$A:$C,3,0) -> #N/A
A1162: 68821734 | B1162: 2904 | C1162: 5199 | D1162: 46099 | E1162: BR Vanilla Chocolate 6 1.5QT | F1162: SS1 | G1162: =VLOOKUP($A1162,'CA-US List'!$A:$C,3,0) -> #N/A
A1163: 68821734 | B1163: 2904 | C1163: 176 | D1163: 46099 | E1163: BR Vanilla Chocolate 6 1.5QT | F1163: SS1 | G1163: =VLOOKUP($A1163,'CA-US List'!$A:$C,3,0) -> #N/A
A1164: 68821734 | B1164: 2904 | C1164: 4048 | D1164: 46100 | E1164: BR Vanilla Chocolate 6 1.5QT | F1164: SS1 | G1164: =VLOOKUP($A1164,'CA-US List'!$A:$C,3,0) -> #N/A
A1165: 68821734 | B1165: 2904 | C1165: 13200 | D1165: 46100 | E1165: BR Vanilla Chocolate 6 1.5QT | F1165: SS1 | G1165: =VLOOKUP($A1165,'CA-US List'!$A:$C,3,0) -> #N/A
A1166: 68821734 | B1166: 2904 | C1166: 11385 | D1166: 46101 | E1166: BR Vanilla Chocolate 6 1.5QT | F1166: SS1 | G1166: =VLOOKUP($A1166,'CA-US List'!$A:$C,3,0) -> #N/A
A1167: 68821734 | B1167: 2904 | C1167: 9328 | D1167: 46101 | E1167: BR Vanilla Chocolate 6 1.5QT | F1167: SS1 | G1167: =VLOOKUP($A1167,'CA-US List'!$A:$C,3,0) -> #N/A
A1168: 68821734 | B1168: 2904 | C1168: 25 | D1168: 46102 | E1168: BR Vanilla Chocolate 6 1.5QT | F1168: SS1 | G1168: =VLOOKUP($A1168,'CA-US List'!$A:$C,3,0) -> #N/A
A1169: 68821735 | B1169: 2904 | C1169: 6864 | D1169: 46090 | E1169: BR Lactose Free Vanilla 6 1.5QT | F1169: SS3 | G1169: =VLOOKUP($A1169,'CA-US List'!$A:$C,3,0) -> #N/A
... A1790: 84164939 | B1790: 5914 | C1790: 2341 | D1790: 46100 | E1790: BJ US-IC-SweetCrm+Cookies-FTNG-1 2.4G | F1790: 01 | G1790: =VLOOKUP($A1790,'CA-US List'!$A:$C,3,0) -> #N/A

Sheet Sheet1
A1: 64315721 | B1: 1352 | C1: 22 | D1: 46076 | E1: =VLOOKUP($A1,Sheet4!$A:$B,2,0) -> BR CS Chocolate Peanut Butter 6 1.5QT | F1: S4
A2: 64315721 | B2: 1352 | C2: 3344 | D2: 46077 | E2: =VLOOKUP($A2,Sheet4!$A:$B,2,0) -> BR CS Chocolate Peanut Butter 6 1.5QT | F2: S4
A3: 64315721 | B3: 1352 | C3: 7920 | D3: 46078 | E3: =VLOOKUP($A3,Sheet4!$A:$B,2,0) -> BR CS Chocolate Peanut Butter 6 1.5QT | F3: S4
A4: 64315721 | B4: 1352 | C4: 3001 | D4: 46077 | E4: =VLOOKUP($A4,Sheet4!$A:$B,2,0) -> BR CS Chocolate Peanut Butter 6 1.5QT | F4: S4
A5: 64315721 | B5: 1352 | C5: 3872 | D5: 46076 | E5: =VLOOKUP($A5,Sheet4!$A:$B,2,0) -> BR CS Chocolate Peanut Butter 6 1.5QT | F5: S4
A6: 64315721 | B6: 1352 | C6: 11 | D6: 46078 | E6: =VLOOKUP($A6,Sheet4!$A:$B,2,0) -> BR CS Chocolate Peanut Butter 6 1.5QT | F6: S4
A7: 64315721 | B7: 1352 | C7: 0 | D7: 46079 | E7: =VLOOKUP($A7,Sheet4!$A:$B,2,0) -> BR CS Chocolate Peanut Butter 6 1.5QT | F7: S4
A8: 64315721 | B8: 1352 | C8: 176 | D8: 46079 | E8: =VLOOKUP($A8,Sheet4!$A:$B,2,0) -> BR CS Chocolate Peanut Butter 6 1.5QT | F8: S4
A9: 64315721 | B9: 1352 | C9: 478 | D9: 46078 | E9: =VLOOKUP($A9,Sheet4!$A:$B,2,0) -> BR CS Chocolate Peanut Butter 6 1.5QT | F9: S4
A10: 64315721 | B10: 1352 | C10: 4414 | D10: 46079 | E10: =VLOOKUP($A10,Sheet4!$A:$B,2,0) -> BR CS Chocolate Peanut Butter 6 1.5QT | F10: S4
A11: 64341967 | B11: 1352 | C11: 4045 | D11: 46102 | E11: =VLOOKUP($A11,Sheet4!$A:$B,2,0) -> BR CHOC Peanut Butter 6 1.5QT | F11: S4
A12: 64341967 | B12: 1352 | C12: 4909 | D12: 46103 | E12: =VLOOKUP($A12,Sheet4!$A:$B,2,0) -> BR CHOC Peanut Butter 6 1.5QT | F12: S4
... A1155: 68821728 | B1155: 2904 | C1155: -9 | D1155: 46100 | E1155: =VLOOKUP($A1155,Sheet4!$A:$B,2,0) -> BR Rocky Road 6 1.5QT | F1155: SS3
A1156: 68821728 | B1156: 2904 | C1156: 4282 | D1156: 46089 | E1156: =VLOOKUP($A1156,Sheet4!$A:$B,2,0) -> BR Rocky Road 6 1.5QT
A1157: 68821734 | B1157: 2904 | C1157: 704 | D1157: 46097 | E1157: =VLOOKUP($A1157,Sheet4!$A:$B,2,0) -> BR Vanilla Chocolate 6 1.5QT | F1157: SS1
A1158: 68821734 | B1158: 2904 | C1158: 9680 | D1158: 46097 | E1158: =VLOOKUP($A1158,Sheet4!$A:$B,2,0) -> BR Vanilla Chocolate 6 1.5QT | F1158: SS1
A1159: 68821734 | B1159: 2904 | C1159: 8448 | D1159: 46098 | E1159: =VLOOKUP($A1159,Sheet4!$A:$B,2,0) -> BR Vanilla Chocolate 6 1.5QT | F1159: SS1
A1160: 68821734 | B1160: 2904 | C1160: 12320 | D1160: 46098 | E1160: =VLOOKUP($A1160,Sheet4!$A:$B,2,0) -> BR Vanilla Chocolate 6 1.5QT | F1160: SS1
A1161: 68821734 | B1161: 2904 | C1161: 5199 | D1161: 46099 | E1161: =VLOOKUP($A1161,Sheet4!$A:$B,2,0) -> BR Vanilla Chocolate 6 1.5QT | F1161: SS1
A1162: 68821734 | B1162: 2904 | C1162: 176 | D1162: 46099 | E1162: =VLOOKUP($A1162,Sheet4!$A:$B,2,0) -> BR Vanilla Chocolate 6 1.5QT | F1162: SS1
A1163: 68821734 | B1163: 2904 | C1163: 4048 | D1163: 46100 | E1163: =VLOOKUP($A1163,Sheet4!$A:$B,2,0) -> BR Vanilla Chocolate 6 1.5QT | F1163: SS1
A1164: 68821734 | B1164: 2904 | C1164: 13200 | D1164: 46100 | E1164: =VLOOKUP($A1164,Sheet4!$A:$B,2,0) -> BR Vanilla Chocolate 6 1.5QT | F1164: SS1
A1165: 68821734 | B1165: 2904 | C1165: 11385 | D1165: 46101 | E1165: =VLOOKUP($A1165,Sheet4!$A:$B,2,0) -> BR Vanilla Chocolate 6 1.5QT | F1165: SS1
A1166: 68821734 | B1166: 2904 | C1166: 9328 | D1166: 46101 | E1166: =VLOOKUP($A1166,Sheet4!$A:$B,2,0) -> BR Vanilla Chocolate 6 1.5QT | F1166: SS1
A1167: 68821734 | B1167: 2904 | C1167: 25 | D1167: 46102 | E1167: =VLOOKUP($A1167,Sheet4!$A:$B,2,0) -> BR Vanilla Chocolate 6 1.5QT | F1167: SS1
A1168: 68821735 | B1168: 2904 | C1168: 6864 | D1168: 46090 | E1168: =VLOOKUP($A1168,Sheet4!$A:$B,2,0) -> BR Lactose Free Vanilla 6 1.5QT | F1168: SS3
... A2074: 84164939 | B2074: 5914 | C2074: 2341 | D2074: 46100 | E2074: =VLOOKUP($A2074,Sheet4!$A:$B,2,0) -> BJ US-IC-SweetCrm+Cookies-FTNG-1 2.4G | F2074: 01

Sheet CM Info
A1: Material | B1: Plant | C1: Goods Receipt Quantity | D1: Goods Receipt Date | E1: Description | F1: Plnt | G1: Vendor | H1: Vendor Name | I1: Goods Supplier | J1: GS Name
A2: 64976846 | B2: 1717 | C2: 28282 | D2: 46078 | E2: Yasso Strawberry Chocolate Crunch 8-4pk | F2: 1717 | G2: 51655114 | H2: Caspers Ice Cream LLC | I2: 51655114 | J2: Caspers Ice Cream LLC
A3: 64976851 | B3: 1717 | C3: 19571 | D3: 46083 | E3: Yasso Caramel Chocolate Crunch 8-4pk | F3: 1717 | G3: 51655114 | H3: Caspers Ice Cream LLC | I3: 51655114 | J3: Caspers Ice Cream LLC
A4: 64976847 | B4: 1717 | C4: 50055 | D4: 46094 | E4: Yasso Vanilla Chocolate Crunch 8-4pk | F4: 1717 | G4: 51655114 | H4: Caspers Ice Cream LLC | I4: 51655114 | J4: Caspers Ice Cream LLC
A5: 65489676 | B5: 1717 | C5: 17846 | D5: 46100 | E5: GH King Cone GINT Cookies and CRM 1-12PK | F5: 1717 | G5: 51655114 | H5: Caspers Ice Cream LLC | I5: 51655114 | J5: Caspers Ice Cream LLC
A6: 65489677 | B6: 1717 | C6: 13923 | D6: 46102 | E6: GH King Cone Giant VAN CHOC 1-12PK | F6: 1717 | G6: 51655114 | H6: Caspers Ice Cream LLC | I6: 51655114 | J6: Caspers Ice Cream LLC
A7: 64958128 | B7: 1717 | C7: 32843 | D7: 46104 | E7: Yasso Mint Chocolate Chip 8-4pk | F7: 1717 | G7: 51655114 | H7: Caspers Ice Cream LLC | I7: 51655114 | J7: Caspers Ice Cream LLC
A8: 65489677 | B8: 1717 | C8: 5746 | D8: 46105 | E8: GH King Cone Giant VAN CHOC 1-12PK | F8: 1717 | G8: 51655114 | H8: Caspers Ice Cream LLC | I8: 51655114 | J8: Caspers Ice Cream LLC
A9: 64955741 | B9: 1715 | C9: 22379 | D9: 46078 | E9: Yasso Pistachio 8-4pk | F9: 1715 | G9: 51655117 | H9: DFA Belvidere IL | I9: 51655117 | J9: DFA Belvidere IL
A10: 64958126 | B10: 1715 | C10: 10043 | D10: 46079 | E10: Yasso Black Raspberry Chip 8-4pk | F10: 1715 | G10: 51655117 | H10: DFA Belvidere IL | I10: 51655117 | J10: DFA Belvidere IL
A11: 64955561 | B11: 1715 | C11: 17722 | D11: 46084 | E11: Yasso Creamy Pineapple Coconut 8-4pk | F11: 1715 | G11: 51655117 | H11: DFA Belvidere IL | I11: 51655117 | J11: DFA Belvidere IL
A12: 64955741 | B12: 1715 | C12: 23702 | D12: 46086 | E12: Yasso Pistachio 8-4pk | F12: 1715 | G12: 51655117 | H12: DFA Belvidere IL | I12: 51655117 | J12: DFA Belvidere IL
A13: 64955559 | B13: 1715 | C13: 21008 | D13: 46087 | E13: Yasso Strawberries n Cream 8-4pk | F13: 1715 | G13: 51655117 | H13: DFA Belvidere IL | I13: 51655117 | J13: DFA Belvidere IL
... A17: 64955743 | B17: 1715 | C17: 19406 | D17: 46104 | E17: Yasso Peanut Butter Chip 8-4pk | F17: 1715 | G17: 51655117 | H17: DFA Belvidere IL | I17: 51655117 | J17: DFA Belvidere IL
A18: 62714126 | B18: GDI | C18: 2600 | D18: 46076 | E18: PS OCG SF 6-18PK | F18: 1419 | G18: 51146194 | H18: GELATO D ITALIA S P A | I18: 51146194 | J18: GELATO D ITALIA S P A
A19: 64833353 | B19: GDI | C19: 2600 | D19: 46076 | E19: PS SF Tropical 6-18PK | F19: 1419 | G19: 51146194 | H19: GELATO D ITALIA S P A | I19: 51146194 | J19: GELATO D ITALIA S P A
A20: 64833353 | B20: GDI | C20: 2600 | D20: 46076 | E20: PS SF Tropical 6-18PK | F20: 1419 | G20: 51146194 | H20: GELATO D ITALIA S P A | I20: 51146194 | J20: GELATO D ITALIA S P A
A21: 62714126 | B21: GDI | C21: 2600 | D21: 46078 | E21: PS OCG SF 6-18PK | F21: 1419 | G21: 51146194 | H21: GELATO D ITALIA S P A | I21: 51146194 | J21: GELATO D ITALIA S P A
A22: 64833353 | B22: GDI | C22: 2600 | D22: 46080 | E22: PS SF Tropical 6-18PK | F22: 3989 | G22: 51146194 | H22: GELATO D ITALIA S P A | I22: 51146194 | J22: GELATO D ITALIA S P A
A23: 64833353 | B23: GDI | C23: 2600 | D23: 46083 | E23: PS SF Tropical 6-18PK | F23: 3989 | G23: 51146194 | H23: GELATO D ITALIA S P A | I23: 51146194 | J23: GELATO D ITALIA S P A
A24: 64833353 | B24: GDI | C24: 2600 | D24: 46083 | E24: PS SF Tropical 6-18PK | F24: 3989 | G24: 51146194 | H24: GELATO D ITALIA S P A | I24: 51146194 | J24: GELATO D ITALIA S P A
A25: 64833353 | B25: GDI | C25: 2600 | D25: 46083 | E25: PS SF Tropical 6-18PK | F25: 3989 | G25: 51146194 | H25: GELATO D ITALIA S P A | I25: 51146194 | J25: GELATO D ITALIA S P A
A26: 64833353 | B26: GDI | C26: 2600 | D26: 46084 | E26: PS SF Tropical 6-18PK | F26: 3989 | G26: 51146194 | H26: GELATO D ITALIA S P A | I26: 51146194 | J26: GELATO D ITALIA S P A
A27: 62714126 | B27: GDI | C27: 2600 | D27: 46087 | E27: PS OCG SF 6-18PK | F27: 1419 | G27: 51146194 | H27: GELATO D ITALIA S P A | I27: 51146194 | J27: GELATO D ITALIA S P A
A28: 62714126 | B28: GDI | C28: 2600 | D28: 46087 | E28: PS OCG SF 6-18PK | F28: 1419 | G28: 51146194 | H28: GELATO D ITALIA S P A | I28: 51146194 | J28: GELATO D ITALIA S P A
A29: 62714126 | B29: GDI | C29: 2600 | D29: 46087 | E29: PS OCG SF 6-18PK | F29: 1419 | G29: 51146194 | H29: GELATO D ITALIA S P A | I29: 51146194 | J29: GELATO D ITALIA S P A
... A104: 64960643 | B104: GDI | C104: 3400 | D104: 46105 | E104: PS Orange Regular IH 6-12pk | F104: 1419 | G104: 51146194 | H104: GELATO D ITALIA S P A | I104: 51146194 | J104: GELATO D ITALIA S P A
A105: 64988054 | B105: 1716 | C105: 24253 | D105: 46077 | E105: BJ US-Bar-Caramel Blondie 8-4pk | F105: 1716 | G105: 51655250 | H105: Hudsonville Creamery and Ice Cream | I105: 51655250 | J105: Hudsonville Creamery and Ice Cream
A106: 64988053 | B106: 1716 | C106: 24276 | D106: 46077 | E106: BJ US-Bar-PB Pretzel 8-4pk | F106: 1716 | G106: 51655250 | H106: Hudsonville Creamery and Ice Cream | I106: 51655250 | J106: Hudsonville Creamery and Ice Cream
A107: 64987232 | B107: 1716 | C107: 24778 | D107: 46077 | E107: BJ US-Bar-CHOCFUDGBrownie 8-4pk | F107: 1716 | G107: 51655250 | H107: Hudsonville Creamery and Ice Cream | I107: 51655250 | J107: Hudsonville Creamery and Ice Cream
A108: 64975613 | B108: 1716 | C108: 48560 | D108: 46077 | E108: Yasso Chocolate Chip Cookie Dough 8-14z | F108: 1716 | G108: 51655250 | H108: Hudsonville Creamery and Ice Cream | I108: 51655250 | J108: Hudsonville Creamery and Ice Cream
A109: 64975614 | B109: 1716 | C109: 95637 | D109: 46077 | E109: Yasso Fudge Brownie 8-14z | F109: 1716 | G109: 51655250 | H109: Hudsonville Creamery and Ice Cream | I109: 51655250 | J109: Hudsonville Creamery and Ice Cream
A110: 64958129 | B110: 1716 | C110: 7117 | D110: 46079 | E110: Yasso Chocolate Chip Cookie Dough 8-4pk | F110: 1716 | G110: 51655250 | H110: Hudsonville Creamery and Ice Cream | I110: 51655250 | J110: Hudsonville Creamery and Ice Cream
A111: 64975616 | B111: 1716 | C111: 62924 | D111: 46079 | E111: Yasso Mint Chocolate Chip 8-14z | F111: 1716 | G111: 51655250 | H111: Hudsonville Creamery and Ice Cream | I111: 51655250 | J111: Hudsonville Creamery and Ice Cream
A112: 64999073 | B112: 1716 | C112: 46482 | D112: 46083 | E112: Yasso Cookies n Cream 8-14z | F112: 1716 | G112: 51655250 | H112: Hudsonville Creamery and Ice Cream | I112: 51655250 | J112: Hudsonville Creamery and Ice Cream
A113: 64999042 | B113: 1716 | C113: 13758 | D113: 46085 | E113: Yasso Coffee Chocolate Chip 8-14z | F113: 1716 | G113: 51655250 | H113: Hudsonville Creamery and Ice Cream | I113: 51655250 | J113: Hudsonville Creamery and Ice Cream
A114: 64987233 | B114: 1716 | C114: 15090 | D114: 46086 | E114: BJ US-Bar-StrawberryCHSCAKE 8-4pk | F114: 1716 | G114: 51655250 | H114: Hudsonville Creamery and Ice Cream | I114: 51655250 | J114: Hudsonville Creamery and Ice Cream
A115: 64988054 | B115: 1716 | C115: 31084 | D115: 46086 | E115: BJ US-Bar-Caramel Blondie 8-4pk | F115: 1716 | G115: 51655250 | H115: Hudsonville Creamery and Ice Cream | I115: 51655250 | J115: Hudsonville Creamery and Ice Cream
A116: 64975614 | B116: 1716 | C116: 11520 | D116: 46087 | E116: Yasso Fudge Brownie 8-14z | F116: 1716 | G116: 51655250 | H116: Hudsonville Creamery and Ice Cream | I116: 51655250 | J116: Hudsonville Creamery and Ice Cream
... A131: 64989109 | B131: 6765 | C131: 5847 | D131: 46099 | E131: BR Natural Vanilla 6 10CT 3z | F131: 6765 | G131: 51714298 | H131: Ice Cream Specialties Inc | I131: 51714298 | J131: Ice Cream Specialties Inc
A132: 64365613 | B132: Incom | C132: 3900 | D132: 46076 | E132: PS Spiderman Facepiece 6-6PK | F132: 3989 | G132: 51083022 | H132: Incom d o o | I132: 51083022 | J132: Incom d o o
A133: 64365613 | B133: Incom | C133: 3900 | D133: 46076 | E133: PS Spiderman Facepiece 6-6PK | F133: 3989 | G133: 51083022 | H133: Incom d o o | I133: 51083022 | J133: Incom d o o
A134: 64365613 | B134: Incom | C134: 3900 | D134: 46076 | E134: PS Spiderman Facepiece 6-6PK | F134: 3989 | G134: 51083022 | H134: Incom d o o | I134: 51083022 | J134: Incom d o o
A135: 64365613 | B135: Incom | C135: 3900 | D135: 46076 | E135: PS Spiderman Facepiece 6-6PK | F135: 3989 | G135: 51083022 | H135: Incom d o o | I135: 51083022 | J135: Incom d o o
A136: 64771676 | B136: Incom | C136: 3900 | D136: 46076 | E136: PS SpongeBob Facepiece IH 6-6PK | F136: 3989 | G136: 51083022 | H136: Incom d o o | I136: 51083022 | J136: Incom d o o
A137: 64341108 | B137: Incom | C137: 4200 | D137: 46076 | E137: PS SpongeBob Facepiece 1-20PK | F137: 3989 | G137: 51083022 | H137: Incom d o o | I137: 51083022 | J137: Incom d o o
A138: 64341108 | B138: Incom | C138: 4200 | D138: 46076 | E138: PS SpongeBob Facepiece 1-20PK | F138: 3989 | G138: 51083022 | H138: Incom d o o | I138: 51083022 | J138: Incom d o o
A139: 64341109 | B139: Incom | C139: 4200 | D139: 46076 | E139: PS Spiderman Facepiece 1-20PK | F139: 3989 | G139: 51083022 | H139: Incom d o o | I139: 51083022 | J139: Incom d o o
A140: 64341109 | B140: Incom | C140: 4200 | D140: 46076 | E140: PS Spiderman Facepiece 1-20PK | F140: 3989 | G140: 51083022 | H140: Incom d o o | I140: 51083022 | J140: Incom d o o
A141: 64341108 | B141: Incom | C141: 4200 | D141: 46076 | E141: PS SpongeBob Facepiece 1-20PK | F141: 3989 | G141: 51083022 | H141: Incom d o o | I141: 51083022 | J141: Incom d o o
A142: 64401837 | B142: Incom | C142: 3000 | D142: 46077 | E142: PS Frozen Olaf Facepiece IH 6-6PK | F142: 3989 | G142: 51083022 | H142: Incom d o o | I142: 51083022 | J142: Incom d o o
A143: 64401837 | B143: Incom | C143: 3000 | D143: 46077 | E143: PS Frozen Olaf Facepiece IH 6-6PK | F143: 3989 | G143: 51083022 | H143: Incom d o o | I143: 51083022 | J143: Incom d o o
... A255: 64956417 | B255: Incom | C255: 2860 | D255: 46105 | E255: PS Hello Kitty Facepiece IH 6-6PK | F255: 3989 | G255: 51083022 | H255: Incom d o o | I255: 51083022 | J255: Incom d o o
A256: 64875812 | B256: 6757 | C256: 13540 | D256: 46078 | E256: KL Vanilla Sandwich 8-6 PK | F256: 6757 | G256: 51706637 | H256: Oregon Ice Cream LLC | I256: 51706637 | J256: Oregon Ice Cream LLC
A257: 64875812 | B257: 6757 | C257: 11411 | D257: 46085 | E257: KL Vanilla Sandwich 8-6 PK | F257: 6757 | G257: 51706637 | H257: Oregon Ice Cream LLC | I257: 51706637 | J257: Oregon Ice Cream LLC
A258: 64875812 | B258: 6757 | C258: 12922 | D258: 46090 | E258: KL Vanilla Sandwich 8-6 PK | F258: 6757 | G258: 51706637 | H258: Oregon Ice Cream LLC | I258: 51706637 | J258: Oregon Ice Cream LLC
A259: 64957257 | B259: 6757 | C259: 34332 | D259: 46092 | E259: Yasso Vanilla Bean Sandwich 8-3pk | F259: 6757 | G259: 51706637 | H259: Oregon Ice Cream LLC | I259: 51706637 | J259: Oregon Ice Cream LLC
A260: 64875812 | B260: 6757 | C260: 12174 | D260: 46098 | E260: KL Vanilla Sandwich 8-6 PK | F260: 6757 | G260: 51706637 | H260: Oregon Ice Cream LLC | I260: 51706637 | J260: Oregon Ice Cream LLC
A261: 64875812 | B261: 6757 | C261: 8028 | D261: 46101 | E261: KL Vanilla Sandwich 8-6 PK | F261: 6757 | G261: 51706637 | H261: Oregon Ice Cream LLC | I261: 51706637 | J261: Oregon Ice Cream LLC
A262: 65659999 | B262: 3985 | C262: 45150 | D262: 46093 | E262: COR TRAY BJ IC Mixed 12-1PT | F262: 3985 | G262: 50015500 | H262: PACKAGING CORPORATION OF AMERICA | I262: 50016156 | J262: PACKAGING CORPORATION OF AMERICA
A263: 65542120 | B263: 3985 | C263: 80640 | D263: 46105 | E263: COR RSC PS Twister 15pk Club Banino | F263: 3985 | G263: 50015500 | H263: PACKAGING CORPORATION OF AMERICA | I263: 50016156 | J263: PACKAGING CORPORATION OF AMERICA
A264: 65542120 | B264: 3985 | C264: 86100 | D264: 46105 | E264: COR RSC PS Twister 15pk Club Banino | F264: 3985 | G264: 50015500 | H264: PACKAGING CORPORATION OF AMERICA | I264: 50016156 | J264: PACKAGING CORPORATION OF AMERICA
A265: 68654218 | B265: Rhino | C265: 2048 | D265: 46080 | E265: BJ US-CD-PBMix-8 8z | F265: 1419 | G265: 50015356 | H265: RHINO FOODS INC USE V#2018125 FOR | I265: 50015356 | J265: RHINO FOODS INC USE V#2018125 FOR
A266: 68264519 | B266: Rhino | C266: 3072 | D266: 46080 | E266: BJ US-CD-Half Baked Dough-8 6z | F266: 1419 | G266: 50015356 | H266: RHINO FOODS INC USE V#2018125 FOR | I266: 50015356 | J266: RHINO FOODS INC USE V#2018125 FOR
A267: 68654218 | B267: Rhino | C267: 237 | D267: 46091 | E267: BJ US-CD-PBMix-8 8z | F267: 1419 | G267: 50015356 | H267: RHINO FOODS INC USE V#2018125 FOR | I267: 50015356 | J267: RHINO FOODS INC USE V#2018125 FOR
A268: 69665113 | B268: Rhino | C268: 5888 | D268: 46091 | E268: BJ US-CD-CCCD-FTNG-8 8z | F268: 1419 | G268: 50015356 | H268: RHINO FOODS INC USE V#2018125 FOR | I268: 50015356 | J268: RHINO FOODS INC USE V#2018125 FOR
A269: 68264519 | B269: Rhino | C269: 8704 | D269: 46091 | E269: BJ US-CD-Half Baked Dough-8 6z | F269: 1419 | G269: 50015356 | H269: RHINO FOODS INC USE V#2018125 FOR | I269: 50015356 | J269: RHINO FOODS INC USE V#2018125 FOR
A270: 69665113 | B270: Rhino | C270: 2816 | D270: 46094 | E270: BJ US-CD-CCCD-FTNG-8 8z | F270: 1419 | G270: 50015356 | H270: RHINO FOODS INC USE V#2018125 FOR | I270: 50015356 | J270: RHINO FOODS INC USE V#2018125 FOR
A271: 68654232 | B271: Rhino | C271: 5888 | D271: 46094 | E271: BJ US-CD-Smores-8 8z | F271: 1419 | G271: 50015356 | H271: RHINO FOODS INC USE V#2018125 FOR | I271: 50015356 | J271: RHINO FOODS INC USE V#2018125 FOR
A272: 69665113 | B272: Rhino | C272: 3584 | D272: 46100 | E272: BJ US-CD-CCCD-FTNG-8 8z | F272: 1419 | G272: 50015356 | H272: RHINO FOODS INC USE V#2018125 FOR | I272: 50015356 | J272: RHINO FOODS INC USE V#2018125 FOR
A273: 64804365 | B273: 1712 | C273: 4702 | D273: 46083 | E273: BJ US-PUP-PB Pretzel 6-4PK | F273: 1712 | G273: 50579936 | H273: Schwan s Sales Co Inc Foodserv | I273: 50579936 | J273: Schwan s Sales Co Inc Foodserv
A274: 64804365 | B274: 1712 | C274: 8010 | D274: 46083 | E274: BJ US-PUP-PB Pretzel 6-4PK | F274: 1712 | G274: 50579936 | H274: Schwan s Sales Co Inc Foodserv | I274: 50579936 | J274: Schwan s Sales Co Inc Foodserv
A275: 64413477 | B275: 1712 | C275: 8284 | D275: 46083 | E275: BJ US-IC-AmericoneDream-FTNG-12 4FOZ | F275: 1712 | G275: 50579936 | H275: Schwan s Sales Co Inc Foodserv | I275: 50579936 | J275: Schwan s Sales Co Inc Foodserv
A276: 64977494 | B276: 1712 | C276: 14336 | D276: 46083 | E276: GH Reeses Candy Bar 8-6PK | F276: 1712 | G276: 50579936 | H276: Schwan s Sales Co Inc Foodserv | I276: 50579936 | J276: Schwan s Sales Co Inc Foodserv
A277: 64978550 | B277: 1712 | C277: 26489 | D277: 46083 | E277: GH Almond Joy Candy Bar 8-6PK | F277: 1712 | G277: 50579936 | H277: Schwan s Sales Co Inc Foodserv | I277: 50579936 | J277: Schwan s Sales Co Inc Foodserv
A278: 64806251 | B278: 1712 | C278: 6060 | D278: 46084 | E278: BJ US-PUP-PumpkinCookie 6-4PK | F278: 1712 | G278: 50579936 | H278: Schwan s Sales Co Inc Foodserv | I278: 50579936 | J278: Schwan s Sales Co Inc Foodserv
A279: 64875812 | B279: 1712 | C279: 9387 | D279: 46084 | E279: KL Vanilla Sandwich 8-6 PK | F279: 1712 | G279: 50579936 | H279: Schwan s Sales Co Inc Foodserv | I279: 50579936 | J279: Schwan s Sales Co Inc Foodserv
A280: 64874636 | B280: 1712 | C280: 14946 | D280: 46091 | E280: BR Smores SW 6-4ct | F280: 1712 | G280: 50579936 | H280: Schwan s Sales Co Inc Foodserv | I280: 50579936 | J280: Schwan s Sales Co Inc Foodserv
A281: 64875812 | B281: 1712 | C281: 15573 | D281: 46091 | E281: KL Vanilla Sandwich 8-6 PK | F281: 1712 | G281: 50579936 | H281: Schwan s Sales Co Inc Foodserv | I281: 50579936 | J281: Schwan s Sales Co Inc Foodserv
A282: 64806254 | B282: 1712 | C282: 675 | D282: 46092 | E282: BJ US-PUP-PB Pretzel 108p 4FOZ | F282: 1712 | G282: 50579936 | H282: Schwan s Sales Co Inc Foodserv | I282: 50579936 | J282: Schwan s Sales Co Inc Foodserv
A283: 64804365 | B283: 1712 | C283: 8041 | D283: 46092 | E283: BJ US-PUP-PB Pretzel 6-4PK | F283: 1712 | G283: 50579936 | H283: Schwan s Sales Co Inc Foodserv | I283: 50579936 | J283: Schwan s Sales Co Inc Foodserv
A284: 64327161 | B284: 1712 | C284: 111293 | D284: 46093 | E284: YSO Mint Chocolate Chip Club 1-15pk | F284: 1712 | G284: 50579936 | H284: Schwan s Sales Co Inc Foodserv | I284: 50579936 | J284: Schwan s Sales Co Inc Foodserv
... A289: 64376316 | B289: 1712 | C289: 118799 | D289: 46104 | E289: Yasso Cookies n Cream Club 1-15pk | F289: 1712 | G289: 50579936 | H289: Schwan s Sales Co Inc Foodserv | I289: 50579936 | J289: Schwan s Sales Co Inc Foodserv
A290: 64409241 | B290: Tultitlan | C290: 1890 | D290: 46076 | E290: Holanda Chem Straw-Cocon USA 8x4x65ml | F290: 3989 | G290: PL1558 | H290: UNILEVER DE MEXICO S R L DE C V | I290: PL1558 | J290: UNILEVER DE MEXICO S R L DE C V
A291: 64409244 | B291: Tultitlan | C291: 1890 | D291: 46076 | E291: Holanda Chem Pineap-Cocon USA 8x4x65ml | F291: 3989 | G291: PL1558 | H291: UNILEVER DE MEXICO S R L DE C V | I291: PL1558 | J291: UNILEVER DE MEXICO S R L DE C V
A292: 64409244 | B292: Tultitlan | C292: 3780 | D292: 46076 | E292: Holanda Chem Pineap-Cocon USA 8x4x65ml | F292: 3989 | G292: PL1558 | H292: UNILEVER DE MEXICO S R L DE C V | I292: PL1558 | J292: UNILEVER DE MEXICO S R L DE C V
A293: 64409244 | B293: Tultitlan | C293: 3780 | D293: 46076 | E293: Holanda Chem Pineap-Cocon USA 8x4x65ml | F293: 3989 | G293: PL1558 | H293: UNILEVER DE MEXICO S R L DE C V | I293: PL1558 | J293: UNILEVER DE MEXICO S R L DE C V
A294: 64409241 | B294: Tultitlan | C294: 135 | D294: 46077 | E294: Holanda Chem Straw-Cocon USA 8x4x65ml | F294: 3989 | G294: PL1558 | H294: UNILEVER DE MEXICO S R L DE C V | I294: PL1558 | J294: UNILEVER DE MEXICO S R L DE C V
A295: 64409244 | B295: Tultitlan | C295: 3645 | D295: 46077 | E295: Holanda Chem Pineap-Cocon USA 8x4x65ml | F295: 3989 | G295: PL1558 | H295: UNILEVER DE MEXICO S R L DE C V | I295: PL1558 | J295: UNILEVER DE MEXICO S R L DE C V
A296: 64409244 | B296: Tultitlan | C296: 3645 | D296: 46078 | E296: Holanda Chem Pineap-Cocon USA 8x4x65ml | F296: 3989 | G296: PL1558 | H296: UNILEVER DE MEXICO S R L DE C V | I296: PL1558 | J296: UNILEVER DE MEXICO S R L DE C V
A297: 64409241 | B297: Tultitlan | C297: 270 | D297: 46079 | E297: Holanda Chem Straw-Cocon USA 8x4x65ml | F297: 3989 | G297: PL1558 | H297: UNILEVER DE MEXICO S R L DE C V | I297: PL1558 | J297: UNILEVER DE MEXICO S R L DE C V
A298: 64409244 | B298: Tultitlan | C298: 3375 | D298: 46079 | E298: Holanda Chem Pineap-Cocon USA 8x4x65ml | F298: 3989 | G298: PL1558 | H298: UNILEVER DE MEXICO S R L DE C V | I298: PL1558 | J298: UNILEVER DE MEXICO S R L DE C V
A299: 64409244 | B299: Tultitlan | C299: 3780 | D299: 46090 | E299: Holanda Chem Pineap-Cocon USA 8x4x65ml | F299: 3989 | G299: PL1558 | H299: UNILEVER DE MEXICO S R L DE C V | I299: PL1558 | J299: UNILEVER DE MEXICO S R L DE C V
A300: 64409244 | B300: Tultitlan | C300: 2800 | D300: 46092 | E300: Holanda Chem Pineap-Cocon USA 8x4x65ml | F300: 3989 | G300: PL1558 | H300: UNILEVER DE MEXICO S R L DE C V | I300: PL1558 | J300: UNILEVER DE MEXICO S R L DE C V
A301: 64409241 | B301: Tultitlan | C301: 3779 | D301: 46093 | E301: Holanda Chem Straw-Cocon USA 8x4x65ml | F301: 3989 | G301: PL1558 | H301: UNILEVER DE MEXICO S R L DE C V | I301: PL1558 | J301: UNILEVER DE MEXICO S R L DE C V
... A313: 64409244 | B313: Tultitlan | C313: 3337 | D313: 46105 | E313: Holanda Chem Pineap-Cocon USA 8x4x65ml | F313: 3989 | G313: PL1558 | H313: UNILEVER DE MEXICO S R L DE C V | I313: PL1558 | J313: UNILEVER DE MEXICO S R L DE C V
A314: 64854330 | B314: 3985 | C314: 4991 | D314: 46076 | E314: MG Double Caramel RFA 8(3) 3PK | F314: 3985 | G314: 50480866 | H314: UNITED STATES COLD STORAGE INC. | I314: 50480866 | J314: UNITED STATES COLD STORAGE INC.
A315: 64997059 | B315: 3985 | C315: 14976 | D315: 46079 | E315: BJ US-IC-Mixed 12PK | F315: 3985 | G315: 50480866 | H315: UNITED STATES COLD STORAGE INC. | I315: 50480866 | J315: UNITED STATES COLD STORAGE INC.
A316: 64997059 | B316: 3985 | C316: 14976 | D316: 46086 | E316: BJ US-IC-Mixed 12PK | F316: 3985 | G316: 50480866 | H316: UNITED STATES COLD STORAGE INC. | I316: 50480866 | J316: UNITED STATES COLD STORAGE INC.
A317: 64830947 | B317: 3985 | C317: 20000 | D317: 46094 | E317: MG Mini Double Caramel RFA 1(3) 6PK | F317: 3985 | G317: 50480866 | H317: UNITED STATES COLD STORAGE INC. | I317: 50480866 | J317: UNITED STATES COLD STORAGE INC.
...

Sheet Sheet4
A1: Material | B1: Description | C1: Ind. Std Desc. | D1: Material Type | E1: X-DChain status | F1: Valid from | G1: EAN/UPC | H1: Created On | I1: Last Change | J1: Changed by
A2: 62678148 | B2: BJ US-NDO-LightsCaramelAction-8 1PT | C2: NA | D2: FERT | E2: 20 | F2: 45273 | G2: 10076840003928 | H2: 45044 | I2: 46064 | J2: PUJARI_B705
A3: 62678153 | B3: BJ US-NDO-TonightDough-8 1PT | C3: NA | D3: FERT | E3: 20 | F3: 45273 | G3: 10076840002884 | H3: 45044 | I3: 46061 | J3: PUJARI_B705
A4: 62697528 | B4: BJ US-NDO-Milk+Cookies-8 1PT | C4: NA | D4: FERT | E4: 20 | F4: 45328 | G4: 10076840002280 | H4: 45078 | I4: 46064 | J4: PUJARI_B705
A5: 62697529 | B5: BJ US-NDO-COR-KaramelSutra-8 1PT | C5: NA | D5: FERT | E5: 20 | F5: 45414 | G5: 10076840002891 | H5: 45078 | I5: 46055 | J5: PUJARI_B705
A6: 62697531 | B6: BJ US-NDO-MintChocCookie-8 1PT | C6: NA | D6: FERT | E6: 20 | F6: 45435 | G6: 10076840002273 | H6: 45078 | I6: 46023 | J6: BATCH_FI
A7: 62711311 | B7: MG Cookie Duet 1-12BK | C7: NA | D7: FERT | E7: 20 | F7: 45471 | G7: 10058779143005 | H7: 45085 | I7: 46041 | J7: BPMCEREMOTE
A8: 62711316 | B8: MG Almond 1-12BK | C8: NA | D8: FERT | E8: 20 | F8: 45348 | G8: 10058779133716 | H8: 45085 | I8: 46041 | J8: BPMCEREMOTE
A9: 62711330 | B9: MG Classic 1-12BK | C9: NA | D9: FERT | E9: 20 | F9: 45348 | G9: 10058779143623 | H9: 45085 | I9: 46041 | J9: BPMCEREMOTE
A10: 62711372 | B10: MG Mini Almond 6-4PK | C10: NA | D10: FERT | E10: 20 | F10: 45418 | G10: 10058779203075 | H10: 45085 | I10: 46042 | J10: BPMCEREMOTE
A11: 62711373 | B11: MG Mini Double Caramel 6-4PK | C11: NA | D11: FERT | E11: 20 | F11: 45446 | G11: 10058779203068 | H11: 45085 | I11: 46041 | J11: BPMCEREMOTE
A12: 62712615 | B12: MG Almond 12-3PK | C12: NA | D12: FERT | E12: 20 | F12: 45379 | G12: 10058779133457 | H12: 45086 | I12: 46042 | J12: BPMCEREMOTE
A13: 62712623 | B13: MG Double Caramel 12-3PK | C13: NA | D13: FERT | E13: 20 | F13: 45446 | G13: 10058779597020 | H13: 45086 | I13: 46041 | J13: BPMCEREMOTE
... A287: 84164937 | B287: BJ US-IC-ChubbyHubby-8 1PT | C287: NA | D287: FERT | E287: 20 | F287: 42767 | G287: 10076840100122 | H287: 42380 | I287: 46101 | J287: HAUG_T001

Sheet Sheet3
A1: 62694914 | B1: MG Almond Bar 1-12PK
A2: 64330596 | B2: MG Mini Double Caramel Bar 6-6PK
A3: 64330611 | B3: MG Double Caramel Bar 8-3PK
A4: 64341106 | B4: PS Jolly Rancher Pop 6-18PK
A5: 64341962 | B5: BR Chocolate Truffle 6 1.5QT
A6: 64341967 | B6: BR CHOC Peanut Butter 6 1.5QT
A7: 64341968 | B7: BR CO-B SNICKERS 6 1.5QT
A8: 64369043 | B8: TAL ND LYR CHOC Fudge Brownie 8 323.1g
A9: 64369046 | B9: TAL LYR Snickerdoodle 8p 326.7g
A10: 64373718 | B10: BR Smores 6 1.5QT
A11: 64389650 | B11: BR CS Rocky Road 6p 1.5QT
A12: 64389651 | B12: BR Strawberry Shortcake 6 1.5QT
... A120: 84164937 | B120: BJ US-IC-ChubbyHubby-8 1PT

Sheet CA-US List
A1: 68214423 | C1: US
A2: 68214422 | C2: US
A3: 68401152 | C3: US
A4: 68214424 | C4: US
A5: 68401149 | C5: US
A6: 67270387 | C6: US
A7: 67270386 | C7: US
A8: 67270381 | C8: US
A9: 64380012 | C9: US
A10: 64380013 | C10: US
C11: US
A12: 69716749 | B12: BJ US-IC-ChocTherapy-FTNG-8 1PT | C12: US
A13: 69716745 | B13: BJ US-IC-PBHalfBaked-8 1 PT | C13: US
A14: 69716746 | B14: BJ US-IC-TonightDough-8 1PT | C14: US
A15: 69716748 | B15: BJ US-IC-ChocFudgBrownie-FTNG-8 1PT | C15: US
A16: 69716747 | B16: BJ US-IC-MintChocolateChance-8 1PT | C16: US
A17: 62754606 | B17: BJ US-IC AmericoneDream-FTNG-8 1PT | C17: US
A18: 62754607 | B18: BJ US-IC-ChurrayForChurros-8 1PT | C18: US
A19: 64874631 | B19: KL Cookies and Creme IC SW 6-4PK | C19: US
A20: 64874633 | B20: KL Cookies and Creme SW 1-24BK 4.5z | C20: US
A21: 64875812 | B21: KL Vanilla Sandwich 8-6 PK | C21: US
A22: 64331551 | C22: US
A23: 64874631 | C23: US

Sheet Sheet5
A1: Material | B1: Plnt | C1: Goods Receipt Quantity | D1: Goods Receipt Date | E1: Description | F1: Plnt | G1: Vendor | H1: Vendor Name | I1: Goods Supplier | J1: GS Name | K1: Purch.Doc.
A2: 62714126 | B2: GDI | C2: 2600 | D2: 46027 | E2: PS OCG SF 6-18PK | F2: 1419 | G2: 51146194 | H2: GELATO D ITALIA S P A | I2: 51146194 | J2: GELATO D ITALIA S P A | K2: 4506572791
A3: 62714126 | B3: GDI | C3: 2600 | D3: 46028 | E3: PS OCG SF 6-18PK | F3: 1419 | G3: 51146194 | H3: GELATO D ITALIA S P A | I3: 51146194 | J3: GELATO D ITALIA S P A | K3: 4506572787
A4: 62714126 | B4: GDI | C4: 2600 | D4: 46028 | E4: PS OCG SF 6-18PK | F4: 1419 | G4: 51146194 | H4: GELATO D ITALIA S P A | I4: 51146194 | J4: GELATO D ITALIA S P A | K4: 4506572790
A5: 62714126 | B5: GDI | C5: 2600 | D5: 46028 | E5: PS OCG SF 6-18PK | F5: 1419 | G5: 51146194 | H5: GELATO D ITALIA S P A | I5: 51146194 | J5: GELATO D ITALIA S P A | K5: 4506572792
A6: 69665113 | B6: Rhino | C6: 6656 | D6: 46028 | E6: BJ US-CD-CCCD-FTNG-8 8z | F6: 1419 | G6: 50015356 | H6: RHINO FOODS INC USE V#2018125 FOR | I6: 50015356 | J6: RHINO FOODS INC USE V#2018125 FOR | K6: 4506610616
A7: 62714126 | B7: GDI | C7: 2600 | D7: 46029 | E7: PS OCG SF 6-18PK | F7: 1419 | G7: 51146194 | H7: GELATO D ITALIA S P A | I7: 51146194 | J7: GELATO D ITALIA S P A | K7: 4506572796
A8: 64833353 | B8: GDI | C8: 2600 | D8: 46029 | E8: PS SF Tropical 6-18PK | F8: 1419 | G8: 51146194 | H8: GELATO D ITALIA S P A | I8: 51146194 | J8: GELATO D ITALIA S P A | K8: 4506572807
A9: 64833353 | B9: GDI | C9: 2600 | D9: 46029 | E9: PS SF Tropical 6-18PK | F9: 1419 | G9: 51146194 | H9: GELATO D ITALIA S P A | I9: 51146194 | J9: GELATO D ITALIA S P A | K9: 4506572808
A10: 64833353 | B10: GDI | C10: 2600 | D10: 46029 | E10: PS SF Tropical 6-18PK | F10: 1419 | G10: 51146194 | H10: GELATO D ITALIA S P A | I10: 51146194 | J10: GELATO D ITALIA S P A | K10: 4506572810
A11: 64833353 | B11: GDI | C11: 2600 | D11: 46030 | E11: PS SF Tropical 6-18PK | F11: 1419 | G11: 51146194 | H11: GELATO D ITALIA S P A | I11: 51146194 | J11: GELATO D ITALIA S P A | K11: 4506572809
A12: 64833353 | B12: GDI | C12: 2600 | D12: 46030 | E12: PS SF Tropical 6-18PK | F12: 1419 | G12: 51146194 | H12: GELATO D ITALIA S P A | I12: 51146194 | J12: GELATO D ITALIA S P A | K12: 4506572812
A13: 62714126 | B13: GDI | C13: 2600 | D13: 46030 | E13: PS OCG SF 6-18PK | F13: 1419 | G13: 51146194 | H13: GELATO D ITALIA S P A | I13: 51146194 | J13: GELATO D ITALIA S P A | K13: 4506578511
... A88: 64341108 | B88: Incom | C88: 4200 | D88: 46050 | E88: PS SpongeBob Facepiece 1-20PK | F88: 1419 | G88: 51083022 | H88: Incom doo | I88: 51083022 | J88: Incom doo | K88: 4506565327
A89: 64978550 | B89: 1712 | C89: 11440 | D89: 46031 | E89: GH Almond Joy Candy Bar 8-6PK | F89: 1712 | G89: 50579936 | H89: SCHWANS FOOD SERVICE INC | I89: 50579936 | J89: SCHWANS FOOD SERVICE INC | K89: 4506574044
A90: 64413478 | B90: 1712 | C90: 19956 | D90: 46031 | E90: BJ US-IC-ChocChpCookDgh-FTNG-12 4FOZ | F90: 1712 | G90: 50579936 | H90: SCHWANS FOOD SERVICE INC | I90: 50579936 | J90: SCHWANS FOOD SERVICE INC | K90: 4506574043
A91: 64804361 | B91: 1712 | C91: 697 | D91: 46034 | E91: BJ US-PUP-Pumpkincoockie 108p 4flz | F91: 1712 | G91: 50579936 | H91: SCHWANS FOOD SERVICE INC | I91: 50579936 | J91: SCHWANS FOOD SERVICE INC | K91: 4506602802
A92: 64804365 | B92: 1712 | C92: 4981 | D92: 46038 | E92: BJ US-PUP-PB Pretzel 6-4PK | F92: 1712 | G92: 50579936 | H92: SCHWANS FOOD SERVICE INC | I92: 50579936 | J92: SCHWANS FOOD SERVICE INC | K92: 4506625183
A93: 64875812 | B93: 1712 | C93: 9353 | D93: 46038 | E93: KL Vanilla Sandwich 8-6 PK | F93: 1712 | G93: 50579936 | H93: SCHWANS FOOD SERVICE INC | I93: 50579936 | J93: SCHWANS FOOD SERVICE INC | K93: 4506602804
A94: 64874636 | B94: 1712 | C94: 14731 | D94: 46038 | E94: BR Smores SW 6-4ct | F94: 1712 | G94: 50579936 | H94: SCHWANS FOOD SERVICE INC | I94: 50579936 | J94: SCHWANS FOOD SERVICE INC | K94: 4506602803
A95: 64376316 | B95: 1712 | C95: 119771 | D95: 46038 | E95: Yasso Cookies n Cream Club 1-15pk | F95: 1712 | G95: 50579936 | H95: SCHWANS FOOD SERVICE INC | I95: 50579936 | J95: SCHWANS FOOD SERVICE INC | K95: 4506572220
A96: 64328806 | B96: 1712 | C96: 33867 | D96: 46041 | E96: KL Reeses SW 6-4PK | F96: 1712 | G96: 50579936 | H96: SCHWANS FOOD SERVICE INC | I96: 50579936 | J96: SCHWANS FOOD SERVICE INC | K96: 4506611533
A97: 64413476 | B97: 1712 | C97: 33517 | D97: 46044 | E97: BJ US-IC-ChocFudgBrownie-FTNG-12 4FOZ | F97: 1712 | G97: 50579936 | H97: SCHWANS FOOD SERVICE INC | I97: 50579936 | J97: SCHWANS FOOD SERVICE INC | K97: 4506632748
A98: 64326407 | B98: 1713 | C98: 99 | D98: 46042 | E98: Yasso Coffee Poppables 10-6.84flz | F98: 1713 | G98: 51657100 | H98: CooLab Foods LLC | I98: 51657100 | J98: CooLab Foods LLC | K98: 4506606174
A99: 64976848 | B99: 1715 | C99: 15119 | D99: 46024 | E99: Yasso Fudge Chocolate Crunch 8-4pk | F99: 1715 | G99: 51655117 | H99: DFA Belvidere IL | I99: 51655117 | J99: DFA Belvidere IL | K99: 4506560447
A100: 64958122 | B100: 1715 | C100: 4950 | D100: 46029 | E100: Yasso Sea Salt Caramel 8-4pk | F100: 1715 | G100: 51655117 | H100: DFA Belvidere IL | I100: 51655117 | J100: DFA Belvidere IL | K100: 4506545130
... A140: 64851294 | B140: 3985 | C140: 97898 | D140: 46045 | E140: COR RSC MG Mini Double Caramel 18ct Club | F140: 3985 | G140: 50016156 | H140: PACKAGING CORPORATION OF AMERICA | I140: 50016156 | J140: PACKAGING CORPORATION OF AMERICA | K140: 4506588929
A141: 64833353 | B141: GDI | C141: 2600 | D141: 46024 | E141: PS SF Tropical 6-18PK | F141: 3989 | G141: 51146194 | H141: GELATO D ITALIA S P A | I141: 51146194 | J141: GELATO D ITALIA S P A | K141: 4506555165
A142: 62714126 | B142: GDI | C142: 2600 | D142: 46027 | E142: PS OCG SF 6-18PK | F142: 3989 | G142: 51146194 | H142: GELATO D ITALIA S P A | I142: 51146194 | J142: GELATO D ITALIA S P A | K142: 4506563424
A143: 62714126 | B143: GDI | C143: 2600 | D143: 46027 | E143: PS OCG SF 6-18PK | F143: 3989 | G143: 51146194 | H143: GELATO D ITALIA S P A | I143: 51146194 | J143: GELATO D ITALIA S P A | K143: 4506563425
A144: 62714126 | B144: GDI | C144: 2600 | D144: 46028 | E144: PS OCG SF 6-18PK | F144: 3989 | G144: 51146194 | H144: GELATO D ITALIA S P A | I144: 51146194 | J144: GELATO D ITALIA S P A | K144: 4506546104
A145: 62714126 | B145: GDI | C145: 2600 | D145: 46028 | E145: PS OCG SF 6-18PK | F145: 3989 | G145: 51146194 | H145: GELATO D ITALIA S P A | I145: 51146194 | J145: GELATO D ITALIA S P A | K145: 4506546107
A146: 62714126 | B146: GDI | C146: 2600 | D146: 46028 | E146: PS OCG SF 6-18PK | F146: 3989 | G146: 51146194 | H146: GELATO D ITALIA S P A | I146: 51146194 | J146: GELATO D ITALIA S P A | K146: 4506562612
A147: 62714126 | B147: GDI | C147: 2600 | D147: 46028 | E147: PS OCG SF 6-18PK | F147: 3989 | G147: 51146194 | H147: GELATO D ITALIA S P A | I147: 51146194 | J147: GELATO D ITALIA S P A | K147: 4506563419
A148: 62714126 | B148: GDI | C148: 2600 | D148: 46028 | E148: PS OCG SF 6-18PK | F148: 3989 | G148: 51146194 | H148: GELATO D ITALIA S P A | I148: 51146194 | J148: GELATO D ITALIA S P A | K148: 4506563420
A149: 62714126 | B149: GDI | C149: 2600 | D149: 46028 | E149: PS OCG SF 6-18PK | F149: 3989 | G149: 51146194 | H149: GELATO D ITALIA S P A | I149: 51146194 | J149: GELATO D ITALIA S P A | K149: 4506563422
A150: 62714126 | B150: GDI | C150: 2600 | D150: 46028 | E150: PS OCG SF 6-18PK | F150: 3989 | G150: 51146194 | H150: GELATO D ITALIA S P A | I150: 51146194 | J150: GELATO D ITALIA S P A | K150: 4506563426
A151: 64833353 | B151: GDI | C151: 2600 | D151: 46028 | E151: PS SF Tropical 6-18PK | F151: 3989 | G151: 51146194 | H151: GELATO D ITALIA S P A | I151: 51146194 | J151: GELATO D ITALIA S P A | K151: 4506573714
A152: 62714126 | B152: GDI | C152: 2599 | D152: 46029 | E152: PS OCG SF 6-18PK | F152: 3989 | G152: 51146194 | H152: GELATO D ITALIA S P A | I152: 51146194 | J152: GELATO D ITALIA S P A | K152: 4506563417
... A197: 64341108 | B197: Incom | C197: 4200 | D197: 46045 | E197: PS SpongeBob Facepiece 1-20PK | F197: 3989 | G197: 51083022 | H197: Incom doo | I197: 51083022 | J197: Incom doo | K197: 4506565315
A198: 69653125 | B198: 6706 | C198: 5493 | D198: 46036 | E198: BR Chocolate 6 10CT 3z | F198: 6706 | G198: 51400449 | H198: AJLS Enterprises Inc dba Schoeps Ic | I198: 51400449 | J198: AJLS Enterprises Inc dba Schoeps Ic | K198: 4506627133
A199: 69653140 | B199: 6706 | C199: 22478 | D199: 46044 | E199: BR Natural Vanilla 6 10CT 3z | F199: 6706 | G199: 51400449 | H199: AJLS Enterprises Inc dba Schoeps Ic | I199: 51400449 | J199: AJLS Enterprises Inc dba Schoeps Ic | K199: 4506627132
A200: 64875812 | B200: 6757 | C200: 12802 | D200: 46034 | E200: KL Vanilla Sandwich 8-6 PK | F200: 6757 | G200: 51706637 | H200: Oregon Ice Cream LLC | I200: 51706637 | J200: Oregon Ice Cream LLC | K200: 4506596255
A201: 64875812 | B201: 6757 | C201: 12210 | D201: 46044 | E201: KL Vanilla Sandwich 8-6 PK | F201: 6757 | G201: 51706637 | H201: Oregon Ice Cream LLC | I201: 51706637 | J201: Oregon Ice Cream LLC | K201: 4506596256
A202: 64875812 | B202: 6757 | C202: 6932 | D202: 46045 | E202: KL Vanilla Sandwich 8-6 PK | F202: 6757 | G202: 51706637 | H202: Oregon Ice Cream LLC | I202: 51706637 | J202: Oregon Ice Cream LLC | K202: 4506596257
A203: 64979410 | B203: 6764 | C203: 26694 | D203: 46029 | E203: GH Giant Vanilla Sandwich 1-24BK | F203: 6764 | G203: 51714297 | H203: Ice Cream Specialties Inc | I203: 51714297 | J203: Ice Cream Specialties Inc | K203: 4506613445
A204: 64979410 | B204: 6764 | C204: 26135 | D204: 46030 | E204: GH Giant Vanilla Sandwich 1-24BK | F204: 6764 | G204: 51714297 | H204: Ice Cream Specialties Inc | I204: 51714297 | J204: Ice Cream Specialties Inc | K204: 4506431704
A205: 64979410 | B205: 6764 | C205: 26139 | D205: 46030 | E205: GH Giant Vanilla Sandwich 1-24BK | F205: 6764 | G205: 51714297 | H205: Ice Cream Specialties Inc | I205: 51714297 | J205: Ice Cream Specialties Inc | K205: 4506431705
A206: 64989109 | B206: 6765 | C206: 7230 | D206: 46042 | E206: BR Natural Vanilla 6 10CT 3z | F206: 6765 | G206: 51714298 | H206: Ice Cream Specialties Inc | I206: 51714298 | J206: Ice Cream Specialties Inc | K206: 4506614933
A207: 64989109 | B207: 6765 | C207: 7216 | D207: 46049 | E207: BR Natural Vanilla 6 10CT 3z | F207: 6765 | G207: 51714298 | H207: Ice Cream Specialties Inc | I207: 51714298 | J207: Ice Cream Specialties Inc | K207: 4506642923
